SampleID,ParticipantType,SubjectID,Time,CollectionDate,INCLUDE,Age,Weight,BMI,Sample,FecalAmount,SampleDilution,ExtractionPlate,ExtractionWell,TimeInFridge,X16sPCRCycles,X16sBandQuality,IlluminaPCRCycles,IlluminaBandQuality,Redo16sBandQuality,RedoIlluminaBandQuality,Sex,Race,Ethnicity,Country_of_birth,Marital_status,Exercise_frequency,Sport_participation,Highest_level_of_competition,Ran_marathon_before,Exercise_location,Pregnant,Medical_condition_diagnosis,Medication_use,Auto_immune_disease,Arthritis,Allergies,Asthma,Heart_disease,Stroke,Depression,Bipolar,Schizophrenia,IBD,C_diff,Diabetes,Family_diabetes,Family_obesity,Recent_change_in_weight,Daily_bowel_movement,Bowel_movement_quality,Food_allergies,Gluten_intolerant,Lactose_intolerant,Diet_type,Dietary_restictions,Vitamin_usage,Supplement_usage,Drinking_water_source,Meat_egg_consumption,Cooked_meal_consumption,Ready_to_eat_meal_cinsumption,Restaurant_meal_consumption,Whole_grain_consumption,Fruit_consumption,Vegetable_consumption,Fermented_vegetable_consumption,Milk_cheese_consumption,Milk_substitue_consumption,Frozen_desert_consumption,Red_meat_consumption,High_fat_red_meat_consumption,Chicken_turkey_consumption,Seafood_consumption,Salted_snack_consumption,Sugary_sweet_consumption,Sugar_sweetened_beverage_consumption,X1L_water_daily_consumption,Cigarettes,Alcohol,Brushing_teeth_frequency,Flossing_frequency,Average_night_sleep,Highest_level_of_education,Time_of_residence_in_current_city,House_mates,Pet,Description,TotalReadCount,Runner,BarcodeSequence,LinkerPrimerSequence,ReverseBarcodeSequence
SRR7611279,AthleteBeforeRace,SG22,-1,20-Apr,YES,28,130,21,SRR7611279,high,ten_fold,2,H2,two_days,15,Good,8,Good,,,female,white,not_hispanic/latino,USA,married,regularly,yes,high_school,yes,outdoors,no,yes,yes,no,no,yes,no,no,no,no,no,no,no,no,no,no,no,no,one,normal,no,no,no,omnivore,no,no,no,city,daily,regularly,rarely,occasionally,occasionally,occasionally,regularly,never,regularly,never,rarely,occasionally,rarely,regularly,occasionally,occasionally,daily,occasionally,regularly,never,occasionally,daily,rarely,7.5,graduate/professional,0.5,yes,no,192,33933,1,TCTCTCCG ,GTGYCAGCMGCCGCGGTA,GGAGCTAC 
SRR7611280,AthleteBeforeRace,SG22,-2,19-Apr,YES,28,130,21,SRR7611280,medium,ten_fold,2,H1,three_days,15,Good,8,Good,,,female,white,not_hispanic/latino,USA,married,regularly,yes,high_school,yes,outdoors,no,yes,yes,no,no,yes,no,no,no,no,no,no,no,no,no,no,no,no,one,normal,no,no,no,omnivore,no,no,no,city,daily,regularly,rarely,occasionally,occasionally,occasionally,regularly,never,regularly,never,rarely,occasionally,rarely,regularly,occasionally,occasionally,daily,occasionally,regularly,never,occasionally,daily,rarely,7.5,graduate/professional,0.5,yes,no,191,76457,1,TCTCTCCG ,GTGYCAGCMGCCGCGGTA,ACTCGCTA 
SRR7611281,AthleteAfterRace,SG22,2,21-Apr,YES,28,130,21,SRR7611281,medium,ten_fold,2,H4redo,overnight,15,,8,,faint,Good,female,white,not_hispanic/latino,USA,married,regularly,yes,high_school,yes,outdoors,no,yes,yes,no,no,yes,no,no,no,no,no,no,no,no,no,no,no,no,one,normal,no,no,no,omnivore,no,no,no,city,daily,regularly,rarely,occasionally,occasionally,occasionally,regularly,never,regularly,never,rarely,occasionally,rarely,regularly,occasionally,occasionally,daily,occasionally,regularly,never,occasionally,daily,rarely,7.5,graduate/professional,0.5,yes,no,194,59205,1,CCTAGAGT ,GTGYCAGCMGCCGCGGTA,ACTCGCTA 
SRR7611282,AthleteAfterRace,SG22,0,20-Apr,NO,28,130,21,SRR7611282,high,ten_fold,2,H3,two_days,15,Good,8,Good,,,female,white,not_hispanic/latino,USA,married,regularly,yes,high_school,yes,outdoors,no,yes,yes,no,no,yes,no,no,no,no,no,no,no,no,no,no,no,no,one,normal,no,no,no,omnivore,no,no,no,city,daily,regularly,rarely,occasionally,occasionally,occasionally,regularly,never,regularly,never,rarely,occasionally,rarely,regularly,occasionally,occasionally,daily,occasionally,regularly,never,occasionally,daily,rarely,7.5,graduate/professional,0.5,yes,no,193,30219,1,TCTCTCCG ,GTGYCAGCMGCCGCGGTA,GCGTAGTA 
SRR7611283,control,SG37,-3,27-May,YES,25,112,21.2,SRR7611283,low,,2,H5redo,two_days,15,,8,,faint,Good,female,white,not_hispanic/latino,USA,single,occasionally,yes,high_school,no,indoors,no,no,no,no,no,no,no,no,no,no,no,no,no,no,no,no,no,no,one,normal,no,no,no,omnivore,no,no,no,city,occasionally,daily,rarely,rarely,occasionally,regularly,regularly,never,daily,never,rarely,rarely,rarely,rarely,rarely,Occasionally,Occasionally,daily,daily,daily,regularly,daily,never,7.5,graduate/professional,0.5,yes,no,196,18400,0,CCTAGAGT ,GTGYCAGCMGCCGCGGTA,GGAGCTAC 
SRR7611284,control,SG37,-4,27-May,YES,25,112,21.2,SRR7611284,low,,2,H5,two_days,15,faint,8,faint,,,female,white,not_hispanic/latino,USA,single,occasionally,yes,high_school,no,indoors,no,no,no,no,no,no,no,no,no,no,no,no,no,no,no,no,no,no,one,normal,no,no,no,omnivore,no,no,no,city,occasionally,daily,rarely,rarely,occasionally,regularly,regularly,never,daily,never,rarely,rarely,rarely,rarely,rarely,Occasionally,Occasionally,daily,daily,daily,regularly,daily,never,7.5,graduate/professional,0.5,yes,no,195,45189,0,TCTCTCCG ,GTGYCAGCMGCCGCGGTA,TACGCTGC 
SRR7611285,control,SG37,-1,30-May,YES,25,112,21.2,SRR7611285,low,,2,H7,overnight,15,Good,8,Good,,,female,white,not_hispanic/latino,USA,single,occasionally,yes,high_school,no,indoors,no,no,no,no,no,no,no,no,no,no,no,no,no,no,no,no,no,no,one,normal,no,no,no,omnivore,no,no,no,city,occasionally,daily,rarely,rarely,occasionally,regularly,regularly,never,daily,never,rarely,rarely,rarely,rarely,rarely,Occasionally,Occasionally,daily,daily,daily,regularly,daily,never,7.5,graduate/professional,0.5,yes,no,198,36633,0,TCTCTCCG ,GTGYCAGCMGCCGCGGTA,TAGCGCTC 
SRR7611286,control,SG37,-2,28-May,YES,25,112,21.2,SRR7611286,low,,2,H6,overnight,15,Good,8,Robust,,,female,white,not_hispanic/latino,USA,single,occasionally,yes,high_school,no,indoors,no,no,no,no,no,no,no,no,no,no,no,no,no,no,no,no,no,no,one,normal,no,no,no,omnivore,no,no,no,city,occasionally,daily,rarely,rarely,occasionally,regularly,regularly,never,daily,never,rarely,rarely,rarely,rarely,rarely,Occasionally,Occasionally,daily,daily,daily,regularly,daily,never,7.5,graduate/professional,0.5,yes,no,197,31591,0,TCTCTCCG ,GTGYCAGCMGCCGCGGTA,ATGCGCAG 
SRR7611287,control,SG37,2,2-Jun,YES,25,112,21.2,SRR7611287,low,,2,H9,hours,15,Good,8,Robust,,,female,white,not_hispanic/latino,USA,single,occasionally,yes,high_school,no,indoors,no,no,no,no,no,no,no,no,no,no,no,no,no,no,no,no,no,no,one,normal,no,no,no,omnivore,no,no,no,city,occasionally,daily,rarely,rarely,occasionally,regularly,regularly,never,daily,never,rarely,rarely,rarely,rarely,rarely,Occasionally,Occasionally,daily,daily,daily,regularly,daily,never,7.5,graduate/professional,0.5,yes,no,200,37126,0,TCTCTCCG ,GTGYCAGCMGCCGCGGTA,CCTAAGAC 
SRR7611288,control,SG37,1,1-Jun,YES,25,112,21.2,SRR7611288,low,,2,H8,overnight,15,Good,8,Good,,,female,white,not_hispanic/latino,USA,single,occasionally,yes,high_school,no,indoors,no,no,no,no,no,no,no,no,no,no,no,no,no,no,no,no,no,no,one,normal,no,no,no,omnivore,no,no,no,city,occasionally,daily,rarely,rarely,occasionally,regularly,regularly,never,daily,never,rarely,rarely,rarely,rarely,rarely,Occasionally,Occasionally,daily,daily,daily,regularly,daily,never,7.5,graduate/professional,0.5,yes,no,199,25186,0,TCTCTCCG ,GTGYCAGCMGCCGCGGTA,ACTGAGCG 
SRR7611289,AthleteBeforeRace,SG10,-2,18-Apr,YES,34,132,22.7,SRR7611289,high,ten_fold,2,B2,hours,15,Good,8,Good,,,female,white,not_hispanic/latino,USA,single,daily,yes,high_school,yes,outdoors,no,yes,yes,no,no,yes,no,no,no,no,no,no,no,no,no,no,no,no,one,normal,yes,no,no,omnivore,no,multivitamin,no,city,regularly,daily,rarely,occasionaly,daily,daily,daily,never,daily,never,rarely,rarely,rarely,regularly,occasionally,rarely,rarely,never,daily,never,rarely,daily,daily,7.5,graduate/professional,8,no,yes,120,48584,1,AAGGAGTA ,GTGYCAGCMGCCGCGGTA,GGAGCTAC 
SRR7611290,AthleteBeforeRace,SG10,-1,17-Apr,YES,34,132,22.7,SRR7611290,high,ten_fold,2,B1,hours,15,Good,8,Good,,,female,white,not_hispanic/latino,USA,single,daily,yes,high_school,yes,outdoors,no,yes,yes,no,no,yes,no,no,no,no,no,no,no,no,no,no,no,no,one,normal,yes,no,no,omnivore,no,multivitamin,no,city,regularly,daily,rarely,occasionaly,daily,daily,daily,never,daily,never,rarely,rarely,rarely,regularly,occasionally,rarely,rarely,never,daily,never,rarely,daily,daily,7.5,graduate/professional,8,no,yes,119,26775,1,AAGGAGTA ,GTGYCAGCMGCCGCGGTA,ACTCGCTA 
SRR7611291,control,SG28,-2,16-May,YES,43,163,26.3,SRR7611291,high,ten_fold,2,A6,hours,15,Good,8,Good,,,male,asian,not_hispanic/latino,South_Korea,married,regularly,yes,club/intramural,no,outdoors,,yes,no,no,yes,no,no,no,no,no,no,no,no,no,no,no,yes,no,one,normal,no,no,yes,omnivore,no,multivitamin,no,filtered,regularly,daily,rarely,rarely,occasionally,regularly,daily,regularly,rarely,rarely,rarely,occasionally,rarely,occasionally,rarely,occasionally,occasionally,rarely,rarely,never,rarely,daily,daily,5.5,graduate/professional,5,yes,no,112,42372,0,AAGGAGTA ,GTGYCAGCMGCCGCGGTA,TAGGCATG 
SRR7611292,control,SG28,-3,15-May,YES,43,163,26.3,SRR7611292,high,ten_fold,2,A5,hours,15,Good,8,Good,,,male,asian,not_hispanic/latino,South_Korea,married,regularly,yes,club/intramural,no,outdoors,,yes,no,no,yes,no,no,no,no,no,no,no,no,no,no,no,yes,no,one,normal,no,no,yes,omnivore,no,multivitamin,no,filtered,regularly,daily,rarely,rarely,occasionally,regularly,daily,regularly,rarely,rarely,rarely,occasionally,rarely,occasionally,rarely,occasionally,occasionally,rarely,rarely,never,rarely,daily,daily,5.5,graduate/professional,5,yes,no,111,75893,0,AAGGAGTA ,GTGYCAGCMGCCGCGGTA,GGACTCCT 
SRR7611293,control,SG28,1,18-May,YES,43,163,26.3,SRR7611293,high,ten_fold,2,A8,hours,15,Good,8,Good,,,male,asian,not_hispanic/latino,South_Korea,married,regularly,yes,club/intramural,no,outdoors,,yes,no,no,yes,no,no,no,no,no,no,no,no,no,no,no,yes,no,one,normal,no,no,yes,omnivore,no,multivitamin,no,filtered,regularly,daily,rarely,rarely,occasionally,regularly,daily,regularly,rarely,rarely,rarely,occasionally,rarely,occasionally,rarely,occasionally,occasionally,rarely,rarely,never,rarely,daily,daily,5.5,graduate/professional,5,yes,no,114,28340,0,AAGGAGTA ,GTGYCAGCMGCCGCGGTA,CGAGGCTG 
SRR7611294,control,SG28,-1,17-May,YES,43,163,26.3,SRR7611294,high,ten_fold,2,A7,overnight,15,Good,8,Good,,,male,asian,not_hispanic/latino,South_Korea,married,regularly,yes,club/intramural,no,outdoors,,yes,no,no,yes,no,no,no,no,no,no,no,no,no,no,no,yes,no,one,normal,no,no,yes,omnivore,no,multivitamin,no,filtered,regularly,daily,rarely,rarely,occasionally,regularly,daily,regularly,rarely,rarely,rarely,occasionally,rarely,occasionally,rarely,occasionally,occasionally,rarely,rarely,never,rarely,daily,daily,5.5,graduate/professional,5,yes,no,113,33226,0,AAGGAGTA ,GTGYCAGCMGCCGCGGTA,CTCTCTAC 
SRR7611295,control,SG28,3,20-May,YES,43,163,26.3,SRR7611295,high,ten_fold,2,A10,hours,15,Good,8,Good,,,male,asian,not_hispanic/latino,South_Korea,married,regularly,yes,club/intramural,no,outdoors,,yes,no,no,yes,no,no,no,no,no,no,no,no,no,no,no,yes,no,one,normal,no,no,yes,omnivore,no,multivitamin,no,filtered,regularly,daily,rarely,rarely,occasionally,regularly,daily,regularly,rarely,rarely,rarely,occasionally,rarely,occasionally,rarely,occasionally,occasionally,rarely,rarely,never,rarely,daily,daily,5.5,graduate/professional,5,yes,no,116,36617,0,AAGGAGTA ,GTGYCAGCMGCCGCGGTA,GTAGAGGA 
SRR7611296,control,SG28,2,19-May,YES,43,163,26.3,SRR7611296,high,ten_fold,2,A9,hours,15,Good,8,Robust,,,male,asian,not_hispanic/latino,South_Korea,married,regularly,yes,club/intramural,no,outdoors,,yes,no,no,yes,no,no,no,no,no,no,no,no,no,no,no,yes,no,one,normal,no,no,yes,omnivore,no,multivitamin,no,filtered,regularly,daily,rarely,rarely,occasionally,regularly,daily,regularly,rarely,rarely,rarely,occasionally,rarely,occasionally,rarely,occasionally,occasionally,rarely,rarely,never,rarely,daily,daily,5.5,graduate/professional,5,yes,no,115,48163,0,AAGGAGTA ,GTGYCAGCMGCCGCGGTA,AAGAGGCA 
SRR7611297,control,SG28,5,22-May,YES,43,163,26.3,SRR7611297,high,ten_fold,2,A12,hours,15,Good,8,Good,,,male,asian,not_hispanic/latino,South_Korea,married,regularly,yes,club/intramural,no,outdoors,,yes,no,no,yes,no,no,no,no,no,no,no,no,no,no,no,yes,no,one,normal,no,no,yes,omnivore,no,multivitamin,no,filtered,regularly,daily,rarely,rarely,occasionally,regularly,daily,regularly,rarely,rarely,rarely,occasionally,rarely,occasionally,rarely,occasionally,occasionally,rarely,rarely,never,rarely,daily,daily,5.5,graduate/professional,5,yes,no,118,45517,0,AAGGAGTA ,GTGYCAGCMGCCGCGGTA,ATCTCAGG 
SRR7611298,control,SG28,4,21-May,YES,43,163,26.3,SRR7611298,high,ten_fold,2,A11,hours,15,Good,8,Good,,,male,asian,not_hispanic/latino,South_Korea,married,regularly,yes,club/intramural,no,outdoors,,yes,no,no,yes,no,no,no,no,no,no,no,no,no,no,no,yes,no,one,normal,no,no,yes,omnivore,no,multivitamin,no,filtered,regularly,daily,rarely,rarely,occasionally,regularly,daily,regularly,rarely,rarely,rarely,occasionally,rarely,occasionally,rarely,occasionally,occasionally,rarely,rarely,never,rarely,daily,daily,5.5,graduate/professional,5,yes,no,117,51259,0,AAGGAGTA ,GTGYCAGCMGCCGCGGTA,GCTCATGA 
SRR7611299,AthleteAfterRace,SG06,3,24-Apr,YES,18,150,22.1,SRR7611299,low,,1,F11,overnight,15,faint,8,faint,,,male,asian,not_hispanic/latino,USA,single,regularly,yes,high_school,no,outdoors,no,no,no,no,no,yes,no,no,no,no,no,no,no,no,no,yes,no,no,two,normal,no,no,no,vegetarian,no,no,no,city,occasionally,never,occasionally,regularly,daily,regularly,daily,never,daily,never,never,never,never,occasionally,never,rarely,rarely,never,regularly,never,occasionally,daily,never,7.5,high_school,0.5,yes,no,80,23729,1,GTAAGGAG ,GTGYCAGCMGCCGCGGTA,TGCAGCTA 
SRR7611300,AthleteAfterRace,SG06,2,23-Apr,YES,18,150,22.1,SRR7611300,low,,1,F10redo,two_days,15,,8,,faint,faint,male,asian,not_hispanic/latino,USA,single,regularly,yes,high_school,no,outdoors,no,no,no,no,no,yes,no,no,no,no,no,no,no,no,no,yes,no,no,two,normal,no,no,no,vegetarian,no,no,no,city,occasionally,never,occasionally,regularly,daily,regularly,daily,never,daily,never,never,never,never,occasionally,never,rarely,rarely,never,regularly,never,occasionally,daily,never,7.5,high_school,0.5,yes,no,79,17906,1,TTCTAGCT ,GTGYCAGCMGCCGCGGTA,ACTCGCTA 
SRR7611301,AthleteBeforeRace,SG06,-2,19-Apr,YES,18,150,22.1,SRR7611301,low,,1,F8,two_days,15,faint,8,faint,,,male,asian,not_hispanic/latino,USA,single,regularly,yes,high_school,no,outdoors,no,no,no,no,no,yes,no,no,no,no,no,no,no,no,no,yes,no,no,two,normal,no,no,no,vegetarian,no,no,no,city,occasionally,never,occasionally,regularly,daily,regularly,daily,never,daily,never,never,never,never,occasionally,never,rarely,rarely,never,regularly,never,occasionally,daily,never,7.5,high_school,0.5,yes,no,76,25660,1,GTAAGGAG ,GTGYCAGCMGCCGCGGTA,ACTGAGCG 
SRR7611302,AthleteBeforeRace,SG06,-3,18-Apr,YES,18,150,22.1,SRR7611302,low,,1,F7,hours,15,faint,8,Good,,,male,asian,not_hispanic/latino,USA,single,regularly,yes,high_school,no,outdoors,no,no,no,no,no,yes,no,no,no,no,no,no,no,no,no,yes,no,no,two,normal,no,no,no,vegetarian,no,no,no,city,occasionally,never,occasionally,regularly,daily,regularly,daily,never,daily,never,never,never,never,occasionally,never,rarely,rarely,never,regularly,never,occasionally,daily,never,7.5,high_school,0.5,yes,no,75,26936,1,GTAAGGAG ,GTGYCAGCMGCCGCGGTA,TAGCGCTC 
SRR7611303,AthleteAfterRace,SG06,1,21-Apr,YES,18,150,22.1,SRR7611303,low,,1,F9redo,hours,15,,8,,dim,Good,male,asian,not_hispanic/latino,USA,single,regularly,yes,high_school,no,outdoors,no,no,no,no,no,yes,no,no,no,no,no,no,no,no,no,yes,no,no,two,normal,no,no,no,vegetarian,no,no,no,city,occasionally,never,occasionally,regularly,daily,regularly,daily,never,daily,never,never,never,never,occasionally,never,rarely,rarely,never,regularly,never,occasionally,daily,never,7.5,high_school,0.5,yes,no,78,5390,1,TTCTAGCT ,GTGYCAGCMGCCGCGGTA,ATCTCAGG 
SRR7611304,AthleteBeforeRace,SG06,-1,19-Apr,YES,18,150,22.1,SRR7611304,low,,1,F8redo,two_days,15,,8,,Good,Robust,male,asian,not_hispanic/latino,USA,single,regularly,yes,high_school,no,outdoors,no,no,no,no,no,yes,no,no,no,no,no,no,no,no,no,yes,no,no,two,normal,no,no,no,vegetarian,no,no,no,city,occasionally,never,occasionally,regularly,daily,regularly,daily,never,daily,never,never,never,never,occasionally,never,rarely,rarely,never,regularly,never,occasionally,daily,never,7.5,high_school,0.5,yes,no,77,49346,1,TTCTAGCT ,GTGYCAGCMGCCGCGGTA,GCTCATGA 
SRR7611305,control,SG25,4,18-May,YES,25,125,22.1,SRR7611305,medium,ten_fold,1,F4,overnight,15,faint,8,Good,,,female,asian,not_hispanic/latino,China,single,daily,no,,no,outdoors,no,yes,no,no,no,no,no,no,no,no,no,no,no,no,no,no,no,no,one,constipated,no,no,no,omnivore,no,no,no,filtered,regularly,regularly,never,occasionally,occasionally,regularly,regularly,never,rarely,occasionally,occasionally,rarely,never,occasionally,regularly,occasionally,regularly,never,rarely,never,never,daily,daily,7.5,bachelors,4,yes,no,72,3340,0,GTAAGGAG ,GTGYCAGCMGCCGCGGTA,CGGAGCCT 
SRR7611306,control,SG25,3,17-May,YES,25,125,22.1,SRR7611306,high,ten_fold,1,F3redo,hours,15,,8,,faint,Good,female,asian,not_hispanic/latino,China,single,daily,no,,no,outdoors,no,yes,no,no,no,no,no,no,no,no,no,no,no,no,no,no,no,no,one,constipated,no,no,no,omnivore,no,no,no,filtered,regularly,regularly,never,occasionally,occasionally,regularly,regularly,never,rarely,occasionally,occasionally,rarely,never,occasionally,regularly,occasionally,regularly,never,rarely,never,never,daily,daily,7.5,bachelors,4,yes,no,71,26674,0,TTCTAGCT ,GTGYCAGCMGCCGCGGTA,AAGAGGCA 
SRR7611307,AthleteBeforeRace,SG06,-4,16-Apr,YES,18,150,22.1,SRR7611307,low,,1,F6,hours,15,good,8,Good,,,male,asian,not_hispanic/latino,USA,single,regularly,yes,high_school,no,outdoors,no,no,no,no,no,yes,no,no,no,no,no,no,no,no,no,yes,no,no,two,normal,no,no,no,vegetarian,no,no,no,city,occasionally,never,occasionally,regularly,daily,regularly,daily,never,daily,never,never,never,never,occasionally,never,rarely,rarely,never,regularly,never,occasionally,daily,never,7.5,high_school,0.5,yes,no,74,19642,1,GTAAGGAG ,GTGYCAGCMGCCGCGGTA,ATGCGCAG 
SRR7611308,control,SG25,5,19-May,YES,25,125,22.1,SRR7611308,medium,ten_fold,1,F5redo,hours,15,,8,,faint,faint,female,asian,not_hispanic/latino,China,single,daily,no,,no,outdoors,no,yes,no,no,no,no,no,no,no,no,no,no,no,no,no,no,no,no,one,constipated,no,no,no,omnivore,no,no,no,filtered,regularly,regularly,never,occasionally,occasionally,regularly,regularly,never,rarely,occasionally,occasionally,rarely,never,occasionally,regularly,occasionally,regularly,never,rarely,never,never,daily,daily,7.5,bachelors,4,yes,no,73,12250,0,TTCTAGCT ,GTGYCAGCMGCCGCGGTA,GTAGAGGA 
SRR7611309,control,SG37,4,1-Jul,YES,25,112,21.2,SRR7611309,negative,,2,H11,,15,Good,8,Good,,,female,white,not_hispanic/latino,USA,single,occasionally,yes,high_school,no,indoors,no,no,no,no,no,no,no,no,no,no,no,no,no,no,no,no,no,no,one,normal,no,no,no,omnivore,no,no,no,city,occasionally,daily,rarely,rarely,occasionally,regularly,regularly,never,daily,never,rarely,rarely,rarely,rarely,rarely,Occasionally,Occasionally,daily,daily,daily,regularly,daily,never,7.5,graduate/professional,0.5,yes,no,202,14605,0,TCTCTCCG ,GTGYCAGCMGCCGCGGTA,TGCAGCTA 
SRR7611310,control,SG37,3,3-Jun,YES,25,112,21.2,SRR7611310,low,,2,H10,hours,15,Good,8,Good,,,female,white,not_hispanic/latino,USA,single,occasionally,yes,high_school,no,indoors,no,no,no,no,no,no,no,no,no,no,no,no,no,no,no,no,no,no,one,normal,no,no,no,omnivore,no,no,no,city,occasionally,daily,rarely,rarely,occasionally,regularly,regularly,never,daily,never,rarely,rarely,rarely,rarely,rarely,Occasionally,Occasionally,daily,daily,daily,regularly,daily,never,7.5,graduate/professional,0.5,yes,no,201,66169,0,TCTCTCCG ,GTGYCAGCMGCCGCGGTA,CGATCAGT 
SRR7611311,control,SG27,-4,19-May,NO,39,114,20.8,SRR7611311,low,,1,H1redo,hours,15,,8,,Good,Good,male,asian,not_hispanic/latino,South_Korea,married,occasionally,no,,no,outdoors,no,no,no,no,no,yes,no,no,no,no,no,no,no,no,no,no,no,no,one,normal,no,no,no,omnivore,no,multivitamin,calcium,bottled,daily,daily,occasionally,occasionally,daily,daily,daily,daily,occasionally,occasionally,regularly,regularly,occasionally,regularly,occasionally,occasionally,regularly,daily,regularly,never,occasionally,daily,daily,7.5,graduate/professional,5,yes,no,96,96812,0,CCTAGAGT ,GTGYCAGCMGCCGCGGTA,CGGAGCCT 
SRR7611312,AthleteBeforeRace,SG01,-5,17-Apr,NO,37,130,20.4,SRR7611312,low,,1,A1redo,overnight,15,,8,,Good,Good,female,white,not_hispanic/latino,USA,single,daily,yes,college,yes,outdoors,no,no,no,no,no,no,no,no,no,no,no,no,no,no,no,no,no,no,two,normal,no,no,no,omnivore,no,centrum,no,filtered ,occasionally,regularly,never,occasionally,occasionally,regularly,regularly,never,daily,never,rarely,never,never,occasionally,rarely,rarely,regularly,never,daily,never,rarely,daily,daily,7.5,graduate/professional,10,no,no,203,34649,1,CCTAGAGT ,GTGYCAGCMGCCGCGGTA,GCGTAGTA 
SRR7611313,control,SG27,-2,21-May,NO,39,114,20.8,SRR7611313,medium,ten_fold,1,H3redo,two_days,15,,8,,Good,Good,male,asian,not_hispanic/latino,South_Korea,married,occasionally,no,,no,outdoors,no,no,no,no,no,yes,no,no,no,no,no,no,no,no,no,no,no,no,one,normal,no,no,no,omnivore,no,multivitamin,calcium,bottled,daily,daily,occasionally,occasionally,daily,daily,daily,daily,occasionally,occasionally,regularly,regularly,occasionally,regularly,occasionally,occasionally,regularly,daily,regularly,never,occasionally,daily,daily,7.5,graduate/professional,5,yes,no,98,21356,0,CCTAGAGT ,GTGYCAGCMGCCGCGGTA,ATGCGCAG 
SRR7611314,control,SG27,-3,20-May,NO,39,114,20.8,SRR7611314,medium,ten_fold,1,H2redo,hours,15,,8,,Good,Good,male,asian,not_hispanic/latino,South_Korea,married,occasionally,no,,no,outdoors,no,no,no,no,no,yes,no,no,no,no,no,no,no,no,no,no,no,no,one,normal,no,no,no,omnivore,no,multivitamin,calcium,bottled,daily,daily,occasionally,occasionally,daily,daily,daily,daily,occasionally,occasionally,regularly,regularly,occasionally,regularly,occasionally,occasionally,regularly,daily,regularly,never,occasionally,daily,daily,7.5,graduate/professional,5,yes,no,97,44576,0,CCTAGAGT ,GTGYCAGCMGCCGCGGTA,TACGCTGC 
SRR7611315,AthleteAfterRace,SG22,1,20-Apr,YES,28,130,21,SRR7611315,high,ten_fold,2,Plate2H3redo,two_days,15,,8,,Good,Good,female,white,not_hispanic/latino,USA,married,regularly,yes,high_school,yes,outdoors,no,yes,yes,no,no,yes,no,no,no,no,no,no,no,no,no,no,no,no,one,normal,no,no,no,omnivore,no,no,no,city,daily,regularly,rarely,occasionally,occasionally,occasionally,regularly,never,regularly,never,rarely,occasionally,rarely,regularly,occasionally,occasionally,daily,occasionally,regularly,never,occasionally,daily,rarely,7.5,graduate/professional,0.5,yes,no,208,57258,1,CCTAGAGT ,GTGYCAGCMGCCGCGGTA,ACTGAGCG 
SRR7611316,control,SG27,-1,22-May,YES,39,114,20.8,SRR7611316,medium,ten_fold,1,H4redo,hours,15,,8,,faint,dim,male,asian,not_hispanic/latino,South_Korea,married,occasionally,no,,no,outdoors,no,no,no,no,no,yes,no,no,no,no,no,no,no,no,no,no,no,no,one,normal,no,no,no,omnivore,no,multivitamin,calcium,bottled,daily,daily,occasionally,occasionally,daily,daily,daily,daily,occasionally,occasionally,regularly,regularly,occasionally,regularly,occasionally,occasionally,regularly,daily,regularly,never,occasionally,daily,daily,7.5,graduate/professional,5,yes,no,99,88839,0,CCTAGAGT ,GTGYCAGCMGCCGCGGTA,TAGCGCTC 
SRR7611317,AthleteAfterRace,SG07,5,24-Apr,YES,29,272,33.1,SRR7611317,high,ten_fold,1,G11,hours,15,Good,8,Good,,,male,white,not_hispanic/latino,USA,single,daily,yes,club/intramural,yes,outdoors,no,yes,no,no,no,no,no,no,no,no,no,no,no,no,no,yes,no,no,two,normal,no,no,no,omnivore,no,no,no,filtered,daily,never,never,daily,daily,occasionally,regularly,rarely,daily,never,rarely,daily,regularly,regularly,occasionally,regularly,regularly,daily,daily,never,occasionally,daily,rarely,5.5,bachelors,2,yes,no,94,77,1,ACTGCATA ,GTGYCAGCMGCCGCGGTA,GCTCATGA 
SRR7611318,AthleteAfterRace,SG01,0,20-Apr,NO,37,130,20.4,SRR7611318,low,,1,A5,overnight,15,Intense,8,Robust,,,female,white,not_hispanic/latino,USA,single,daily,yes,college,yes,outdoors,no,no,no,no,no,no,no,no,no,no,no,no,no,no,no,no,no,no,two,normal,no,no,no,omnivore,no,centrum,no,filtered ,occasionally,regularly,never,occasionally,occasionally,regularly,regularly,never,daily,never,rarely,never,never,occasionally,rarely,rarely,regularly,never,daily,never,rarely,daily,daily,7.5,graduate/professional,10,no,no,5,64025,1,CTCTCTAT ,GTGYCAGCMGCCGCGGTA,GGACTCCT 
SRR7611319,AthleteAfterRace,SG07,3,23-Apr,YES,29,272,33.1,SRR7611319,high,ten_fold,1,G10,overnight,15,faint,8,faint,,,male,white,not_hispanic/latino,USA,single,daily,yes,club/intramural,yes,outdoors,no,yes,no,no,no,no,no,no,no,no,no,no,no,no,no,yes,no,no,two,normal,no,no,no,omnivore,no,no,no,filtered,daily,never,never,daily,daily,occasionally,regularly,rarely,daily,never,rarely,daily,regularly,regularly,occasionally,regularly,regularly,daily,daily,never,occasionally,daily,rarely,5.5,bachelors,2,yes,no,92,13734,1,ACTGCATA ,GTGYCAGCMGCCGCGGTA,GTAGAGGA 
SRR7611320,AthleteAfterRace,SG07,2,22-Apr,YES,29,272,33.1,SRR7611320,high,ten_fold,1,G9,hours,15,Good,8,Robust,,,male,white,not_hispanic/latino,USA,single,daily,yes,club/intramural,yes,outdoors,no,yes,no,no,no,no,no,no,no,no,no,no,no,no,no,yes,no,no,two,normal,no,no,no,omnivore,no,no,no,filtered,daily,never,never,daily,daily,occasionally,regularly,rarely,daily,never,rarely,daily,regularly,regularly,occasionally,regularly,regularly,daily,daily,never,occasionally,daily,rarely,5.5,bachelors,2,yes,no,91,2381,1,ACTGCATA ,GTGYCAGCMGCCGCGGTA,AAGAGGCA 
SRR7611321,control,SG27,-2,21-May,YES,39,114,20.8,SRR7611321,medium,ten_fold,1,H3,two_days,15,Good,8,Good,,,male,asian,not_hispanic/latino,South_Korea,married,occasionally,no,,no,outdoors,no,no,no,no,no,yes,no,no,no,no,no,no,no,no,no,no,no,no,one,normal,no,no,no,omnivore,no,multivitamin,calcium,bottled,daily,daily,occasionally,occasionally,daily,daily,daily,daily,occasionally,occasionally,regularly,regularly,occasionally,regularly,occasionally,occasionally,regularly,daily,regularly,never,occasionally,daily,daily,7.5,graduate/professional,5,yes,no,98,73,0,ACTGCATA ,GTGYCAGCMGCCGCGGTA,GCGTAGTA 
SRR7611322,control,SG27,-3,20-May,YES,39,114,20.8,SRR7611322,medium,ten_fold,1,H2,hours,15,Good,8,Good,,,male,asian,not_hispanic/latino,South_Korea,married,occasionally,no,,no,outdoors,no,no,no,no,no,yes,no,no,no,no,no,no,no,no,no,no,no,no,one,normal,no,no,no,omnivore,no,multivitamin,calcium,bottled,daily,daily,occasionally,occasionally,daily,daily,daily,daily,occasionally,occasionally,regularly,regularly,occasionally,regularly,occasionally,occasionally,regularly,daily,regularly,never,occasionally,daily,daily,7.5,graduate/professional,5,yes,no,97,75,0,ACTGCATA ,GTGYCAGCMGCCGCGGTA,GGAGCTAC 
SRR7611323,control,SG27,-4,19-May,YES,39,114,20.8,SRR7611323,low,,1,H1,hours,15,Good,8,Good,,,male,asian,not_hispanic/latino,South_Korea,married,occasionally,no,,no,outdoors,no,no,no,no,no,yes,no,no,no,no,no,no,no,no,no,no,no,no,one,normal,no,no,no,omnivore,no,multivitamin,calcium,bottled,daily,daily,occasionally,occasionally,daily,daily,daily,daily,occasionally,occasionally,regularly,regularly,occasionally,regularly,occasionally,occasionally,regularly,daily,regularly,never,occasionally,daily,daily,7.5,graduate/professional,5,yes,no,96,88,0,ACTGCATA ,GTGYCAGCMGCCGCGGTA,ACTCGCTA 
SRR7611324,control,SG27,-5,18-May,YES,39,114,20.8,SRR7611324,high,ten_fold,1,G12,hours,15,Good,8,Robust,,,male,asian,not_hispanic/latino,South_Korea,married,occasionally,no,,no,outdoors,no,no,no,no,no,yes,no,no,no,no,no,no,no,no,no,no,no,no,one,normal,no,no,no,omnivore,no,multivitamin,calcium,bottled,daily,daily,occasionally,occasionally,daily,daily,daily,daily,occasionally,occasionally,regularly,regularly,occasionally,regularly,occasionally,occasionally,regularly,daily,regularly,never,occasionally,daily,daily,7.5,graduate/professional,5,yes,no,95,92,0,ACTGCATA ,GTGYCAGCMGCCGCGGTA,ATCTCAGG 
SRR7611325,control,SG27,1,25-May,YES,39,114,20.8,SRR7611325,medium,ten_fold,1,H5,overnight,15,Good,8,Good,,,male,asian,not_hispanic/latino,South_Korea,married,occasionally,no,,no,outdoors,no,no,no,no,no,yes,no,no,no,no,no,no,no,no,no,no,no,no,one,normal,no,no,no,omnivore,no,multivitamin,calcium,bottled,daily,daily,occasionally,occasionally,daily,daily,daily,daily,occasionally,occasionally,regularly,regularly,occasionally,regularly,occasionally,occasionally,regularly,daily,regularly,never,occasionally,daily,daily,7.5,graduate/professional,5,yes,no,100,74202,0,ACTGCATA ,GTGYCAGCMGCCGCGGTA,TACGCTGC 
SRR7611326,control,SG27,-1,22-May,YES,39,114,20.8,SRR7611326,medium,ten_fold,1,H4,hours,15,Good,8,Good,,,male,asian,not_hispanic/latino,South_Korea,married,occasionally,no,,no,outdoors,no,no,no,no,no,yes,no,no,no,no,no,no,no,no,no,no,no,no,one,normal,no,no,no,omnivore,no,multivitamin,calcium,bottled,daily,daily,occasionally,occasionally,daily,daily,daily,daily,occasionally,occasionally,regularly,regularly,occasionally,regularly,occasionally,occasionally,regularly,daily,regularly,never,occasionally,daily,daily,7.5,graduate/professional,5,yes,no,99,55,0,ACTGCATA ,GTGYCAGCMGCCGCGGTA,CGGAGCCT 
SRR7611327,AthleteAfterRace,SG01,1,21-Apr,YES,37,130,20.4,SRR7611327,low,,1,A6,hours,15,Intense,8,Robust,,,female,white,not_hispanic/latino,USA,single,daily,yes,college,yes,outdoors,no,no,no,no,no,no,no,no,no,no,no,no,no,no,no,no,no,no,two,normal,no,no,no,omnivore,no,centrum,no,filtered ,occasionally,regularly,never,occasionally,occasionally,regularly,regularly,never,daily,never,rarely,never,never,occasionally,rarely,rarely,regularly,never,daily,never,rarely,daily,daily,7.5,graduate/professional,10,no,no,6,21218,1,CTCTCTAT ,GTGYCAGCMGCCGCGGTA,TAGGCATG 
SRR7611328,AthleteBeforeRace,SG01,-3,18-Apr,YES,37,130,20.4,SRR7611328,low,,1,A2,hours,15,good,8,Robust,,,female,white,not_hispanic/latino,USA,single,daily,yes,college,yes,outdoors,no,no,no,no,no,no,no,no,no,no,no,no,no,no,no,no,no,no,two,normal,no,no,no,omnivore,no,centrum,no,filtered ,occasionally,regularly,never,occasionally,occasionally,regularly,regularly,never,daily,never,rarely,never,never,occasionally,rarely,rarely,regularly,never,daily,never,rarely,daily,daily,7.5,graduate/professional,10,no,no,2,29095,1,CTCTCTAT ,GTGYCAGCMGCCGCGGTA,CGTACTAG 
SRR7611329,AthleteBeforeRace,SG01,-4,17-Apr,YES,37,130,20.4,SRR7611329,low,,1,A1,overnight,15,Intense,8,Robust,,,female,white,not_hispanic/latino,USA,single,daily,yes,college,yes,outdoors,no,no,no,no,no,no,no,no,no,no,no,no,no,no,no,no,no,no,two,normal,no,no,no,omnivore,no,centrum,no,filtered ,occasionally,regularly,never,occasionally,occasionally,regularly,regularly,never,daily,never,rarely,never,never,occasionally,rarely,rarely,regularly,never,daily,never,rarely,daily,daily,7.5,graduate/professional,10,no,no,1,82646,1,CTCTCTAT ,GTGYCAGCMGCCGCGGTA,TAAGGCGA 
SRR7611330,AthleteBeforeRace,SG01,-1,20-Apr,YES,37,130,20.4,SRR7611330,low,,1,A4,overnight,15,good,8,Good,,,female,white,not_hispanic/latino,USA,single,daily,yes,college,yes,outdoors,no,no,no,no,no,no,no,no,no,no,no,no,no,no,no,no,no,no,two,normal,no,no,no,omnivore,no,centrum,no,filtered ,occasionally,regularly,never,occasionally,occasionally,regularly,regularly,never,daily,never,rarely,never,never,occasionally,rarely,rarely,regularly,never,daily,never,rarely,daily,daily,7.5,graduate/professional,10,no,no,4,41913,1,CTCTCTAT ,GTGYCAGCMGCCGCGGTA,TCCTGAGC 
SRR7611331,AthleteBeforeRace,SG01,-2,19-Apr,YES,37,130,20.4,SRR7611331,low,,1,A3,hours,15,good,8,Robust,,,female,white,not_hispanic/latino,USA,single,daily,yes,college,yes,outdoors,no,no,no,no,no,no,no,no,no,no,no,no,no,no,no,no,no,no,two,normal,no,no,no,omnivore,no,centrum,no,filtered ,occasionally,regularly,never,occasionally,occasionally,regularly,regularly,never,daily,never,rarely,never,never,occasionally,rarely,rarely,regularly,never,daily,never,rarely,daily,daily,7.5,graduate/professional,10,no,no,3,24401,1,CTCTCTAT ,GTGYCAGCMGCCGCGGTA,AGGCAGAA 
SRR7611332,AthleteBeforeRace,SG16,-1,19-Apr,YES,27,145,22,SRR7611332,low,,2,E12,hours,15,Good,8,Robust,,,male,white,not_hispanic/latino,USA,single,regularly,yes,college,yes,outdoors,no,no,no,no,no,no,no,no,no,no,no,no,no,no,no,no,no,no,two,normal,no,no,no,omnivore,no,no,no,city,regularly,occasionally,occasionally,regularly,regularly,occasionally,daily,rarely,regularly,never,rarely,rarely,occasionally,regularly,rarely,occasionally,occasionally,occasionally,daily,never,occasionally,daily,regularly,7.5,bachelors,3,yes,no,169,98492,1,CGTCTAAT ,GTGYCAGCMGCCGCGGTA,ATCTCAGG 
SRR7611333,AthleteAfterRace,SG16,1,21-Apr,YES,27,145,22,SRR7611333,medium,ten_fold,2,F1,overnight ,15,Good,8,Good,,,male,white,not_hispanic/latino,USA,single,regularly,yes,college,yes,outdoors,no,no,no,no,no,no,no,no,no,no,no,no,no,no,no,no,no,no,two,normal,no,no,no,omnivore,no,no,no,city,regularly,occasionally,occasionally,regularly,regularly,occasionally,daily,rarely,regularly,never,rarely,rarely,occasionally,regularly,rarely,occasionally,occasionally,occasionally,daily,never,occasionally,daily,regularly,7.5,bachelors,3,yes,no,170,50470,1,CGTCTAAT ,GTGYCAGCMGCCGCGGTA,ACTCGCTA 
SRR7611334,AthleteAfterRace,SG01,3,23-Apr,YES,37,130,20.4,SRR7611334,medium,ten_fold,1,A8redo,overnight,15,,8,,faint,Good,female,white,not_hispanic/latino,USA,single,daily,yes,college,yes,outdoors,no,no,no,no,no,no,no,no,no,no,no,no,no,no,no,no,no,no,two,normal,no,no,no,omnivore,no,centrum,no,filtered ,occasionally,regularly,never,occasionally,occasionally,regularly,regularly,never,daily,never,rarely,never,never,occasionally,rarely,rarely,regularly,never,daily,never,rarely,daily,daily,7.5,graduate/professional,10,no,no,8,12656,1,TCGACTAG ,GTGYCAGCMGCCGCGGTA,CGTACTAG 
SRR7611335,AthleteAfterRace,SG01,2,22-Apr,YES,37,130,20.4,SRR7611335,medium,ten_fold,1,A7redo,hours,15,,8,,dim,Good,female,white,not_hispanic/latino,USA,single,daily,yes,college,yes,outdoors,no,no,no,no,no,no,no,no,no,no,no,no,no,no,no,no,no,no,two,normal,no,no,no,omnivore,no,centrum,no,filtered ,occasionally,regularly,never,occasionally,occasionally,regularly,regularly,never,daily,never,rarely,never,never,occasionally,rarely,rarely,regularly,never,daily,never,rarely,daily,daily,7.5,graduate/professional,10,no,no,7,29212,1,TCGACTAG ,GTGYCAGCMGCCGCGGTA,TAAGGCGA 
SRR7611336,control,SG31,2,25-May,YES,31,140,22.6,SRR7611336,high,ten_fold,2,E8redo,overnight,15,,8,,faint,Good,male,white,not_hispanic/latino,USA,single,rarely,yes,high_school,no,indoors,no,no,no,no,no,no,no,no,no,no,no,no,no,no,no,no,no,no,one,normal,no,no,no,omnivore,no,no,no,city,daily,rarely,rarely,regularly,occasionally,rarely,occasionally,rarely,occasionally,never,occasionally,rarely,rarely,regularly,occasionally,rarely,occasionally,occasionally,daily,never,rarely,daily,occasionally,6.5,graduate/professional,0.5,yes,yes,165,55087,0,CCTAGAGT ,GTGYCAGCMGCCGCGGTA,CGAGGCTG 
SRR7611337,control,SG31,3,26-May,YES,31,140,22.6,SRR7611337,high,ten_fold,2,E9redo,hours,15,,8,,faint,Good,male,white,not_hispanic/latino,USA,single,rarely,yes,high_school,no,indoors,no,no,no,no,no,no,no,no,no,no,no,no,no,no,no,no,no,no,one,normal,no,no,no,omnivore,no,no,no,city,daily,rarely,rarely,regularly,occasionally,rarely,occasionally,rarely,occasionally,never,occasionally,rarely,rarely,regularly,occasionally,rarely,occasionally,occasionally,daily,never,rarely,daily,occasionally,6.5,graduate/professional,0.5,yes,yes,166,62110,0,CCTAGAGT ,GTGYCAGCMGCCGCGGTA,AAGAGGCA 
SRR7611338,AthleteBeforeRace,SG16,-3,17-Apr,YES,27,145,22,SRR7611338,low,,2,E10,hours,15,Good,8,Good,,,male,white,not_hispanic/latino,USA,single,regularly,yes,college,yes,outdoors,no,no,no,no,no,no,no,no,no,no,no,no,no,no,no,no,no,no,two,normal,no,no,no,omnivore,no,no,no,city,regularly,occasionally,occasionally,regularly,regularly,occasionally,daily,rarely,regularly,never,rarely,rarely,occasionally,regularly,rarely,occasionally,occasionally,occasionally,daily,never,occasionally,daily,regularly,7.5,bachelors,3,yes,no,167,52823,1,CGTCTAAT ,GTGYCAGCMGCCGCGGTA,GTAGAGGA 
SRR7611339,AthleteBeforeRace,SG16,-2,18-Apr,YES,27,145,22,SRR7611339,low,,2,E11,hours,15,Good,8,Good,,,male,white,not_hispanic/latino,USA,single,regularly,yes,college,yes,outdoors,no,no,no,no,no,no,no,no,no,no,no,no,no,no,no,no,no,no,two,normal,no,no,no,omnivore,no,no,no,city,regularly,occasionally,occasionally,regularly,regularly,occasionally,daily,rarely,regularly,never,rarely,rarely,occasionally,regularly,rarely,occasionally,occasionally,occasionally,daily,never,occasionally,daily,regularly,7.5,bachelors,3,yes,no,168,82311,1,CGTCTAAT ,GTGYCAGCMGCCGCGGTA,GCTCATGA 
SRR7611340,control,SG31,-3,19-May,YES,31,140,22.6,SRR7611340,low,,2,E4,hours,15,Good,8,Good,,,male,white,not_hispanic/latino,USA,single,rarely,yes,high_school,no,indoors,no,no,no,no,no,no,no,no,no,no,no,no,no,no,no,no,no,no,one,normal,no,no,no,omnivore,no,no,no,city,daily,rarely,rarely,regularly,occasionally,rarely,occasionally,rarely,occasionally,never,occasionally,rarely,rarely,regularly,occasionally,rarely,occasionally,occasionally,daily,never,rarely,daily,occasionally,6.5,graduate/professional,0.5,yes,yes,161,54010,0,CGTCTAAT ,GTGYCAGCMGCCGCGGTA,TCCTGAGC 
SRR7611341,control,SG31,-2,20-May,YES,31,140,22.6,SRR7611341,medium,ten_fold,2,E5,hours,15,faint,8,faint,,,male,white,not_hispanic/latino,USA,single,rarely,yes,high_school,no,indoors,no,no,no,no,no,no,no,no,no,no,no,no,no,no,no,no,no,no,one,normal,no,no,no,omnivore,no,no,no,city,daily,rarely,rarely,regularly,occasionally,rarely,occasionally,rarely,occasionally,never,occasionally,rarely,rarely,regularly,occasionally,rarely,occasionally,occasionally,daily,never,rarely,daily,occasionally,6.5,graduate/professional,0.5,yes,yes,162,42173,0,CGTCTAAT ,GTGYCAGCMGCCGCGGTA,GGACTCCT 
SRR7611342,control,SG31,-1,22-May,YES,31,140,22.6,SRR7611342,medium,ten_fold,2,E6,hours,15,Good,8,Good,,,male,white,not_hispanic/latino,USA,single,rarely,yes,high_school,no,indoors,no,no,no,no,no,no,no,no,no,no,no,no,no,no,no,no,no,no,one,normal,no,no,no,omnivore,no,no,no,city,daily,rarely,rarely,regularly,occasionally,rarely,occasionally,rarely,occasionally,never,occasionally,rarely,rarely,regularly,occasionally,rarely,occasionally,occasionally,daily,never,rarely,daily,occasionally,6.5,graduate/professional,0.5,yes,yes,163,30644,0,CGTCTAAT ,GTGYCAGCMGCCGCGGTA,TAGGCATG 
SRR7611343,control,SG31,1,23-May,YES,31,140,22.6,SRR7611343,high,ten_fold,2,E7redo,overnight,15,,8,,faint,Good,male,white,not_hispanic/latino,USA,single,rarely,yes,high_school,no,indoors,no,no,no,no,no,no,no,no,no,no,no,no,no,no,no,no,no,no,one,normal,no,no,no,omnivore,no,no,no,city,daily,rarely,rarely,regularly,occasionally,rarely,occasionally,rarely,occasionally,never,occasionally,rarely,rarely,regularly,occasionally,rarely,occasionally,occasionally,daily,never,rarely,daily,occasionally,6.5,graduate/professional,0.5,yes,yes,164,37635,0,CCTAGAGT ,GTGYCAGCMGCCGCGGTA,CTCTCTAC 
SRR7611344,control,SG14,-5,4-May,YES,21,123,17.2,SRR7611344,medium,ten_fold,1,A10,hours,15,Good,8,faint,,,female,white,not_hispanic/latino,Canada,single,never,yes,high_school,no,,no,no,yes,no,no,no,no,no,no,no,no,no,no,no,no,no,no,no,one,normal,no,no,no,pescetarian,no,no,no,city,regularly,never,occasionally,daily,daily,regularly,regularly,rarely,daily,rarely,occasionally,never,never,rarely,occasionally,regularly,regularly,rarely,daily,never,regularly,daily,occasionally,5.5,bachelors,4,yes,no,10,31738,0,CTCTCTAT ,GTGYCAGCMGCCGCGGTA,GTAGAGGA 
SRR7611345,control,SG25,1,15-May,YES,25,125,22.1,SRR7611345,medium,ten_fold,1,F1redo,two_days,15,,8,,faint,Good,female,asian,not_hispanic/latino,China,single,daily,no,,no,outdoors,no,yes,no,no,no,no,no,no,no,no,no,no,no,no,no,no,no,no,one,constipated,no,no,no,omnivore,no,no,no,filtered,regularly,regularly,never,occasionally,occasionally,regularly,regularly,never,rarely,occasionally,occasionally,rarely,never,occasionally,regularly,occasionally,regularly,never,rarely,never,never,daily,daily,7.5,bachelors,4,yes,no,69,25760,0,TTCTAGCT ,GTGYCAGCMGCCGCGGTA,CGAGGCTG 
SRR7611346,control,SG25,2,16-May,YES,25,125,22.1,SRR7611346,medium,ten_fold,1,F2,overnight,15,faint,8,Good,,,female,asian,not_hispanic/latino,China,single,daily,no,,no,outdoors,no,yes,no,no,no,no,no,no,no,no,no,no,no,no,no,no,no,no,one,constipated,no,no,no,omnivore,no,no,no,filtered,regularly,regularly,never,occasionally,occasionally,regularly,regularly,never,rarely,occasionally,occasionally,rarely,never,occasionally,regularly,occasionally,regularly,never,rarely,never,never,daily,daily,7.5,bachelors,4,yes,no,70,16810,0,GTAAGGAG ,GTGYCAGCMGCCGCGGTA,GGAGCTAC 
SRR7611347,control,SG25,-2,15-May,YES,25,125,22.1,SRR7611347,medium,ten_fold,1,E12,hours,15,faint,8,faint,,,female,asian,not_hispanic/latino,China,single,daily,no,,no,outdoors,no,yes,no,no,no,no,no,no,no,no,no,no,no,no,no,no,no,no,one,constipated,no,no,no,omnivore,no,no,no,filtered,regularly,regularly,never,occasionally,occasionally,regularly,regularly,never,rarely,occasionally,occasionally,rarely,never,occasionally,regularly,occasionally,regularly,never,rarely,never,never,daily,daily,7.5,bachelors,4,yes,no,67,8601,0,GTAAGGAG ,GTGYCAGCMGCCGCGGTA,ATCTCAGG 
SRR7611348,control,SG25,-1,15-May,YES,25,125,22.1,SRR7611348,medium,ten_fold,1,E12redo,hours,15,,8,,Good,Robust,female,asian,not_hispanic/latino,China,single,daily,no,,no,outdoors,no,yes,no,no,no,no,no,no,no,no,no,no,no,no,no,no,no,no,one,constipated,no,no,no,omnivore,no,no,no,filtered,regularly,regularly,never,occasionally,occasionally,regularly,regularly,never,rarely,occasionally,occasionally,rarely,never,occasionally,regularly,occasionally,regularly,never,rarely,never,never,daily,daily,7.5,bachelors,4,yes,no,68,12720,0,TTCTAGCT ,GTGYCAGCMGCCGCGGTA,CTCTCTAC 
SRR7611349,control,SG25,-4,13-May,YES,25,125,22.1,SRR7611349,medium,ten_fold,1,E10redo,hours,15,,8,,faint,Good,female,asian,not_hispanic/latino,China,single,daily,no,,no,outdoors,no,yes,no,no,no,no,no,no,no,no,no,no,no,no,no,no,no,no,one,constipated,no,no,no,omnivore,no,no,no,filtered,regularly,regularly,never,occasionally,occasionally,regularly,regularly,never,rarely,occasionally,occasionally,rarely,never,occasionally,regularly,occasionally,regularly,never,rarely,never,never,daily,daily,7.5,bachelors,4,yes,no,65,21779,0,TTCTAGCT ,GTGYCAGCMGCCGCGGTA,GGACTCCT 
SRR7611350,control,SG25,-3,14-May,YES,25,125,22.1,SRR7611350,medium,ten_fold,1,E11redo,overnight,15,,8,,dim,Good,female,asian,not_hispanic/latino,China,single,daily,no,,no,outdoors,no,yes,no,no,no,no,no,no,no,no,no,no,no,no,no,no,no,no,one,constipated,no,no,no,omnivore,no,no,no,filtered,regularly,regularly,never,occasionally,occasionally,regularly,regularly,never,rarely,occasionally,occasionally,rarely,never,occasionally,regularly,occasionally,regularly,never,rarely,never,never,daily,daily,7.5,bachelors,4,yes,no,66,16157,0,TTCTAGCT ,GTGYCAGCMGCCGCGGTA,TAGGCATG 
SRR7611351,AthleteAfterRace,SG05,3,24-Apr,YES,25,125,19.6,SRR7611351,low,,1,E8,hours,15,good,8,Robust,,,female,white,not_hispanic/latino,USA,single,daily,yes,high_school,yes,outdoors,no,no,yes,no,no,yes,no,no,no,no,no,no,no,no,no,no,no,no,four,diarrhea,no,no,no,vegetarian,no,multivitamin,probiotic,filtered,regularly,daily,never,occasionally,daily,daily,daily,rarely,rarely,rarely,rarely,never,never,never,never,rarely,occasionally,never,daily,never,rarely,daily,regularly,7.5,graduate/professional,0.5,yes,no,63,30467,1,GTAAGGAG ,GTGYCAGCMGCCGCGGTA,CGAGGCTG 
SRR7611352,control,SG25,-5,12-May,YES,25,125,22.1,SRR7611352,medium,ten_fold,1,E9redo,overnight,15,,8,,none,faint,female,asian,not_hispanic/latino,China,single,daily,no,,no,outdoors,no,yes,no,no,no,no,no,no,no,no,no,no,no,no,no,no,no,no,one,constipated,no,no,no,omnivore,no,no,no,filtered,regularly,regularly,never,occasionally,occasionally,regularly,regularly,never,rarely,occasionally,occasionally,rarely,never,occasionally,regularly,occasionally,regularly,never,rarely,never,never,daily,daily,7.5,bachelors,4,yes,no,64,24562,0,TTCTAGCT ,GTGYCAGCMGCCGCGGTA,TCCTGAGC 
SRR7611353,AthleteAfterRace,SG05,1,22-Apr,YES,25,125,19.6,SRR7611353,medium,ten_fold,1,E6,two_days,15,faint,8,good,,,female,white,not_hispanic/latino,USA,single,daily,yes,high_school,yes,outdoors,no,no,yes,no,no,yes,no,no,no,no,no,no,no,no,no,no,no,no,four,diarrhea,no,no,no,vegetarian,no,multivitamin,probiotic,filtered,regularly,daily,never,occasionally,daily,daily,daily,rarely,rarely,rarely,rarely,never,never,never,never,rarely,occasionally,never,daily,never,rarely,daily,regularly,7.5,graduate/professional,0.5,yes,no,61,21605,1,GTAAGGAG ,GTGYCAGCMGCCGCGGTA,TAGGCATG 
SRR7611354,AthleteAfterRace,SG05,2,23-Apr,YES,25,125,19.6,SRR7611354,medium,ten_fold,1,E7redo,overnight,15,,8,,Good,Robust,female,white,not_hispanic/latino,USA,single,daily,yes,high_school,yes,outdoors,no,no,yes,no,no,yes,no,no,no,no,no,no,no,no,no,no,no,no,four,diarrhea,no,no,no,vegetarian,no,multivitamin,probiotic,filtered,regularly,daily,never,occasionally,daily,daily,daily,rarely,rarely,rarely,rarely,never,never,never,never,rarely,occasionally,never,daily,never,rarely,daily,regularly,7.5,graduate/professional,0.5,yes,no,62,25302,1,TTCTAGCT ,GTGYCAGCMGCCGCGGTA,AGGCAGAA 
SRR7611355,AthleteBeforeRace,SG07,-1,20-Apr,YES,29,272,33.1,SRR7611355,medium,ten_fold,1,G7redo,overnight,15,,8,,Good,Robust,male,white,not_hispanic/latino,USA,single,daily,yes,club/intramural,yes,outdoors,no,yes,no,no,no,no,no,no,no,no,no,no,no,no,no,yes,no,no,two,normal,no,no,no,omnivore,no,no,no,filtered,daily,never,never,daily,daily,occasionally,regularly,rarely,daily,never,rarely,daily,regularly,regularly,occasionally,regularly,regularly,daily,daily,never,occasionally,daily,rarely,5.5,bachelors,2,yes,no,89,21476,1,TTCTAGCT ,GTGYCAGCMGCCGCGGTA,TAGCGCTC 
SRR7611356,AthleteAfterRace,SG07,1,21-Apr,YES,29,272,33.1,SRR7611356,medium,ten_fold,1,G8,hours,15,Good,8,Good,,,male,white,not_hispanic/latino,USA,single,daily,yes,club/intramural,yes,outdoors,no,yes,no,no,no,no,no,no,no,no,no,no,no,no,no,yes,no,no,two,normal,no,no,no,omnivore,no,no,no,filtered,daily,never,never,daily,daily,occasionally,regularly,rarely,daily,never,rarely,daily,regularly,regularly,occasionally,regularly,regularly,daily,daily,never,occasionally,daily,rarely,5.5,bachelors,2,yes,no,90,63,1,ACTGCATA ,GTGYCAGCMGCCGCGGTA,CGAGGCTG 
SRR7611357,control,SG26,3,29-May,YES,44,140,21.9,SRR7611357,medium,ten_fold,1,G3redo,hours,15,,8,,Good,Robust,female,asian,not_hispanic/latino,China,married,regularly,no,,no,outdoors,no,no,yes,no,no,yes,no,no,no,no,no,no,no,no,no,yes,no,yes,less_than_one,constipated,no,no,no,omnivore,no,no,no,filtered,regularly,daily,rarely,occasionally,occasionally,rarely,regularly,rarely,daily,rarely,regualrly,occasionally,rarely,regularly,occasionally,rarely,occasionally,rarely,daily,never,never,daily,daily,7.5,graduate/professional,17,yes,no,85,26744,0,TTCTAGCT ,GTGYCAGCMGCCGCGGTA,ATGCGCAG 
SRR7611358,AthleteBeforeRace,SG07,-4,17-Apr,YES,29,272,33.1,SRR7611358,medium,ten_fold,1,G4,hours,15,Good,8,Good,,,male,white,not_hispanic/latino,USA,single,daily,yes,club/intramural,yes,outdoors,no,yes,no,no,no,no,no,no,no,no,no,no,no,no,no,yes,no,no,two,normal,no,no,no,omnivore,no,no,no,filtered,daily,never,never,daily,daily,occasionally,regularly,rarely,daily,never,rarely,daily,regularly,regularly,occasionally,regularly,regularly,daily,daily,never,occasionally,daily,rarely,5.5,bachelors,2,yes,no,86,41966,1,ACTGCATA ,GTGYCAGCMGCCGCGGTA,TCCTGAGC 
SRR7611359,AthleteBeforeRace,SG07,-3,18-Apr,YES,29,272,33.1,SRR7611359,high,ten_fold,1,G5,hours,15,Good,8,Good,,,male,white,not_hispanic/latino,USA,single,daily,yes,club/intramural,yes,outdoors,no,yes,no,no,no,no,no,no,no,no,no,no,no,no,no,yes,no,no,two,normal,no,no,no,omnivore,no,no,no,filtered,daily,never,never,daily,daily,occasionally,regularly,rarely,daily,never,rarely,daily,regularly,regularly,occasionally,regularly,regularly,daily,daily,never,occasionally,daily,rarely,5.5,bachelors,2,yes,no,87,45010,1,ACTGCATA ,GTGYCAGCMGCCGCGGTA,GGACTCCT 
SRR7611360,AthleteBeforeRace,SG07,-2,19-Apr,YES,29,272,33.1,SRR7611360,high,ten_fold,1,G6,hours,15,Good,8,Good,,,male,white,not_hispanic/latino,USA,single,daily,yes,club/intramural,yes,outdoors,no,yes,no,no,no,no,no,no,no,no,no,no,no,no,no,yes,no,no,two,normal,no,no,no,omnivore,no,no,no,filtered,daily,never,never,daily,daily,occasionally,regularly,rarely,daily,never,rarely,daily,regularly,regularly,occasionally,regularly,regularly,daily,daily,never,occasionally,daily,rarely,5.5,bachelors,2,yes,no,88,3124,1,ACTGCATA ,GTGYCAGCMGCCGCGGTA,TAGGCATG 
SRR7611361,AthleteAfterRace,SG06,4,24-Apr,YES,18,150,22.1,SRR7611361,low,,1,F11redo,overnight,15,,8,,Good,Robust,male,asian,not_hispanic/latino,USA,single,regularly,yes,high_school,no,outdoors,no,no,no,no,no,yes,no,no,no,no,no,no,no,no,no,yes,no,no,two,normal,no,no,no,vegetarian,no,no,no,city,occasionally,never,occasionally,regularly,daily,regularly,daily,never,daily,never,never,never,never,occasionally,never,rarely,rarely,never,regularly,never,occasionally,daily,never,7.5,high_school,0.5,yes,no,81,19466,1,TTCTAGCT ,GTGYCAGCMGCCGCGGTA,GGAGCTAC 
SRR7611362,control,SG26,-1,19-May,YES,44,140,21.9,SRR7611362,medium,ten_fold,1,F12redo,hours,15,,8,,none,dim,female,asian,not_hispanic/latino,China,married,regularly,no,,no,outdoors,no,no,yes,no,no,yes,no,no,no,no,no,no,no,no,no,yes,no,yes,less_than_one,constipated,no,no,no,omnivore,no,no,no,filtered,regularly,daily,rarely,occasionally,occasionally,rarely,regularly,rarely,daily,rarely,regualrly,occasionally,rarely,regularly,occasionally,rarely,occasionally,rarely,daily,never,never,daily,daily,7.5,graduate/professional,17,yes,no,82,17220,0,TTCTAGCT ,GTGYCAGCMGCCGCGGTA,GCGTAGTA 
SRR7611363,control,SG26,1,26-May,YES,44,140,21.9,SRR7611363,medium,ten_fold,1,G1redo,overnight,15,,8,,dim,Good,female,asian,not_hispanic/latino,China,married,regularly,no,,no,outdoors,no,no,yes,no,no,yes,no,no,no,no,no,no,no,no,no,yes,no,yes,less_than_one,constipated,no,no,no,omnivore,no,no,no,filtered,regularly,daily,rarely,occasionally,occasionally,rarely,regularly,rarely,daily,rarely,regualrly,occasionally,rarely,regularly,occasionally,rarely,occasionally,rarely,daily,never,never,daily,daily,7.5,graduate/professional,17,yes,no,83,19355,0,TTCTAGCT ,GTGYCAGCMGCCGCGGTA,CGGAGCCT 
SRR7611364,control,SG26,2,27-May,YES,44,140,21.9,SRR7611364,medium,ten_fold,1,G2redo,hours,15,,8,,dim,Good,female,asian,not_hispanic/latino,China,married,regularly,no,,no,outdoors,no,no,yes,no,no,yes,no,no,no,no,no,no,no,no,no,yes,no,yes,less_than_one,constipated,no,no,no,omnivore,no,no,no,filtered,regularly,daily,rarely,occasionally,occasionally,rarely,regularly,rarely,daily,rarely,regualrly,occasionally,rarely,regularly,occasionally,rarely,occasionally,rarely,daily,never,never,daily,daily,7.5,graduate/professional,17,yes,no,84,54000,0,TTCTAGCT ,GTGYCAGCMGCCGCGGTA,TACGCTGC 
SRR7611365,AthleteBeforeRace,SG18,-3,17-Apr,YES,22,123,19.9,SRR7611365,medium,ten_fold,2,G1,hours,15,faint,8,Good,,,female,white,not_hispanic/latino,USA,single,daily,yes,high_school,no,outdoors,no,no,no,no,no,no,no,no,no,no,no,no,no,no,no,no,no,yes,two,normal,no,no,no,omnivore,no,no,no,city,daily,daily,never,rarely,never,occasionally,daily,rarely,regularly,daily,rarely,rarely,never,regularly,occasionally,occasionally,regularly,never,daily,rarely,regularly,daily,rarely,6.5,high_school,4,yes,no,180,23576,1,TCTCTCCG ,GTGYCAGCMGCCGCGGTA,TAAGGCGA 
SRR7611366,AthleteAfterRace,SG17,3,23-Apr,YES,27,120,21.9,SRR7611366,high,ten_fold,2,F11,two_days,15,Good,8,Good,,,female,asian,not_hispanic/latino,USA,single,regularly,yes,high_school,no,outdoors,no,yes,no,no,no,yes,yes,no,no,no,no,no,no,no,no,yes,no,no,two,normal,no,no,no,omnivore,no,vitamin_D,fish_oil,city,daily,daily,never,occasionally,daily,occasionally,daily,never,regularly,occasionally,occasionally,regularly,occasionally,regularly,rarely,regularly,rarely,never,regularly,never,occasionally,daily,daily,6.5,bachelors,4,yes,no,179,20035,1,CGTCTAAT ,GTGYCAGCMGCCGCGGTA,TGCAGCTA 
SRR7611367,AthleteBeforeRace,SG17,-3,18-Apr,YES,27,120,21.9,SRR7611367,low,,2,F5,hours,15,Good,8,Good,,,female,asian,not_hispanic/latino,USA,single,regularly,yes,high_school,no,outdoors,no,yes,no,no,no,yes,yes,no,no,no,no,no,no,no,no,yes,no,no,two,normal,no,no,no,omnivore,no,vitamin_D,fish_oil,city,daily,daily,never,occasionally,daily,occasionally,daily,never,regularly,occasionally,occasionally,regularly,occasionally,regularly,rarely,regularly,rarely,never,regularly,never,occasionally,daily,daily,6.5,bachelors,4,yes,no,174,32471,1,CGTCTAAT ,GTGYCAGCMGCCGCGGTA,TACGCTGC 
SRR7611368,AthleteBeforeRace,SG17,-4,17-Apr,YES,27,120,21.9,SRR7611368,low,,2,F4,hours,15,Good,8,Good,,,female,asian,not_hispanic/latino,USA,single,regularly,yes,high_school,no,outdoors,no,yes,no,no,no,yes,yes,no,no,no,no,no,no,no,no,yes,no,no,two,normal,no,no,no,omnivore,no,vitamin_D,fish_oil,city,daily,daily,never,occasionally,daily,occasionally,daily,never,regularly,occasionally,occasionally,regularly,occasionally,regularly,rarely,regularly,rarely,never,regularly,never,occasionally,daily,daily,6.5,bachelors,4,yes,no,173,13548,1,CGTCTAAT ,GTGYCAGCMGCCGCGGTA,CGGAGCCT 
SRR7611369,AthleteAfterRace,SG16,3,22-Apr,YES,27,145,22,SRR7611369,medium,ten_fold,2,F3,hours,15,Intense,8,Robust,,,male,white,not_hispanic/latino,USA,single,regularly,yes,college,yes,outdoors,no,no,no,no,no,no,no,no,no,no,no,no,no,no,no,no,no,no,two,normal,no,no,no,omnivore,no,no,no,city,regularly,occasionally,occasionally,regularly,regularly,occasionally,daily,rarely,regularly,never,rarely,rarely,occasionally,regularly,rarely,occasionally,occasionally,occasionally,daily,never,occasionally,daily,regularly,7.5,bachelors,3,yes,no,172,40671,1,CGTCTAAT ,GTGYCAGCMGCCGCGGTA,GCGTAGTA 
SRR7611370,AthleteAfterRace,SG16,2,22-Apr,YES,27,145,22,SRR7611370,medium,ten_fold,2,F2,hours,15,Good,8,Good,,,male,white,not_hispanic/latino,USA,single,regularly,yes,college,yes,outdoors,no,no,no,no,no,no,no,no,no,no,no,no,no,no,no,no,no,no,two,normal,no,no,no,omnivore,no,no,no,city,regularly,occasionally,occasionally,regularly,regularly,occasionally,daily,rarely,regularly,never,rarely,rarely,occasionally,regularly,rarely,occasionally,occasionally,occasionally,daily,never,occasionally,daily,regularly,7.5,bachelors,3,yes,no,171,58136,1,CGTCTAAT ,GTGYCAGCMGCCGCGGTA,GGAGCTAC 
SRR7611371,AthleteAfterRace,SG17,2,22-Apr,YES,27,120,21.9,SRR7611371,medium,ten_fold,2,F10,hours,15,Good,8,Good,,,female,asian,not_hispanic/latino,USA,single,regularly,yes,high_school,no,outdoors,no,yes,no,no,no,yes,yes,no,no,no,no,no,no,no,no,yes,no,no,two,normal,no,no,no,omnivore,no,vitamin_D,fish_oil,city,daily,daily,never,occasionally,daily,occasionally,daily,never,regularly,occasionally,occasionally,regularly,occasionally,regularly,rarely,regularly,rarely,never,regularly,never,occasionally,daily,daily,6.5,bachelors,4,yes,no,178,37587,1,CGTCTAAT ,GTGYCAGCMGCCGCGGTA,CGATCAGT 
SRR7611372,AthleteAfterRace,SG17,1,21-Apr,YES,27,120,21.9,SRR7611372,high,ten_fold,2,F9,hours,15,Good,8,Good,,,female,asian,not_hispanic/latino,USA,single,regularly,yes,high_school,no,outdoors,no,yes,no,no,no,yes,yes,no,no,no,no,no,no,no,no,yes,no,no,two,normal,no,no,no,omnivore,no,vitamin_D,fish_oil,city,daily,daily,never,occasionally,daily,occasionally,daily,never,regularly,occasionally,occasionally,regularly,occasionally,regularly,rarely,regularly,rarely,never,regularly,never,occasionally,daily,daily,6.5,bachelors,4,yes,no,177,82107,1,CGTCTAAT ,GTGYCAGCMGCCGCGGTA,CCTAAGAC 
SRR7611373,AthleteBeforeRace,SG17,-1,20-Apr,YES,27,120,21.9,SRR7611373,medium,ten_fold,2,F7,overnight,15,Good,8,Good,,,female,asian,not_hispanic/latino,USA,single,regularly,yes,high_school,no,outdoors,no,yes,no,no,no,yes,yes,no,no,no,no,no,no,no,no,yes,no,no,two,normal,no,no,no,omnivore,no,vitamin_D,fish_oil,city,daily,daily,never,occasionally,daily,occasionally,daily,never,regularly,occasionally,occasionally,regularly,occasionally,regularly,rarely,regularly,rarely,never,regularly,never,occasionally,daily,daily,6.5,bachelors,4,yes,no,176,55403,1,CGTCTAAT ,GTGYCAGCMGCCGCGGTA,TAGCGCTC 
SRR7611374,AthleteBeforeRace,SG17,-2,19-Apr,YES,27,120,21.9,SRR7611374,medium,ten_fold,2,F6,two_days,15,Good,8,Good,,,female,asian,not_hispanic/latino,USA,single,regularly,yes,high_school,no,outdoors,no,yes,no,no,no,yes,yes,no,no,no,no,no,no,no,no,yes,no,no,two,normal,no,no,no,omnivore,no,vitamin_D,fish_oil,city,daily,daily,never,occasionally,daily,occasionally,daily,never,regularly,occasionally,occasionally,regularly,occasionally,regularly,rarely,regularly,rarely,never,regularly,never,occasionally,daily,daily,6.5,bachelors,4,yes,no,175,39625,1,CGTCTAAT ,GTGYCAGCMGCCGCGGTA,ATGCGCAG 
SRR7611375,AthleteBeforeRace,SG03,-3,18-Apr,YES,30,185,23.8,SRR7611375,medium,ten_fold,1,B6,hours,15,Good,8,Good,,,male,white,not_hispanic/latino,USA,Single,Daily,yes,professional,yes,outdoors,no,yes,yes,no,no,no,no,no,no,no,no,no,no,no,no,no,no,no,two,normal,no,no,no,omnivore,no,multivitamin,no,city,regularly,regularly,occasionally,regularly,daily,occasionally,daily,rarely,daily,never,rarely,rarely,rarely,regularly,rarely,occasionally,regularly,never,daily,never,rarely,daily,occasionally,5.5,bachelors,3,yes,no,20,30428,1,CTCTCTAT ,GTGYCAGCMGCCGCGGTA,ATGCGCAG 
SRR7611376,AthleteBeforeRace,SG03,-4,17-Apr,YES,30,185,23.8,SRR7611376,medium,ten_fold,1,B5,overnight,15,Good,8,Good,,,male,white,not_hispanic/latino,USA,Single,Daily,yes,professional,yes,outdoors,no,yes,yes,no,no,no,no,no,no,no,no,no,no,no,no,no,no,no,two,normal,no,no,no,omnivore,no,multivitamin,no,city,regularly,regularly,occasionally,regularly,daily,occasionally,daily,rarely,daily,never,rarely,rarely,rarely,regularly,rarely,occasionally,regularly,never,daily,never,rarely,daily,occasionally,5.5,bachelors,3,yes,no,19,32723,1,CTCTCTAT ,GTGYCAGCMGCCGCGGTA,TACGCTGC 
SRR7611377,control,SG14,-1,6-May,YES,21,123,17.2,SRR7611377,medium,ten_fold,1,A12,hours,15,Good,8,Good,,,female,white,not_hispanic/latino,Canada,single,never,yes,high_school,no,,no,no,yes,no,no,no,no,no,no,no,no,no,no,no,no,no,no,no,one,normal,no,no,no,pescetarian,no,no,no,city,regularly,never,occasionally,daily,daily,regularly,regularly,rarely,daily,rarely,occasionally,never,never,rarely,occasionally,regularly,regularly,rarely,daily,never,regularly,daily,occasionally,5.5,bachelors,4,yes,no,14,23822,0,CTCTCTAT ,GTGYCAGCMGCCGCGGTA,ATCTCAGG 
SRR7611378,control,SG14,-2,5-May,YES,21,123,17.2,SRR7611378,medium,ten_fold,1,A11redo,hours,15,,8,,Good,Robust,female,white,not_hispanic/latino,Canada,single,never,yes,high_school,no,,no,no,yes,no,no,no,no,no,no,no,no,no,no,no,no,no,no,no,one,normal,no,no,no,pescetarian,no,no,no,city,regularly,never,occasionally,daily,daily,regularly,regularly,rarely,daily,rarely,occasionally,never,never,rarely,occasionally,regularly,regularly,rarely,daily,never,regularly,daily,occasionally,5.5,bachelors,4,yes,no,13,24126,0,TCGACTAG ,GTGYCAGCMGCCGCGGTA,GGACTCCT 
SRR7611379,control,SG14,-3,5-May,YES,21,123,17.2,SRR7611379,medium,ten_fold,1,A11,hours,15,Good,8,faint,,,female,white,not_hispanic/latino,Canada,single,never,yes,high_school,no,,no,no,yes,no,no,no,no,no,no,no,no,no,no,no,no,no,no,no,one,normal,no,no,no,pescetarian,no,no,no,city,regularly,never,occasionally,daily,daily,regularly,regularly,rarely,daily,rarely,occasionally,never,never,rarely,occasionally,regularly,regularly,rarely,daily,never,regularly,daily,occasionally,5.5,bachelors,4,yes,no,12,23997,0,CTCTCTAT ,GTGYCAGCMGCCGCGGTA,GCTCATGA 
SRR7611380,control,SG14,-4,4-May,YES,21,123,17.2,SRR7611380,medium,ten_fold,1,A10redo,hours,15,,8,,Good,Robust,female,white,not_hispanic/latino,Canada,single,never,yes,high_school,no,,no,no,yes,no,no,no,no,no,no,no,no,no,no,no,no,no,no,no,one,normal,no,no,no,pescetarian,no,no,no,city,regularly,never,occasionally,daily,daily,regularly,regularly,rarely,daily,rarely,occasionally,never,never,rarely,occasionally,regularly,regularly,rarely,daily,never,regularly,daily,occasionally,5.5,bachelors,4,yes,no,11,51837,0,TCGACTAG ,GTGYCAGCMGCCGCGGTA,TCCTGAGC 
SRR7611381,control,SG14,4,21-May,YES,21,123,17.2,SRR7611381,medium,ten_fold,1,B4,hours,15,Intense,8,Robust,,,female,white,not_hispanic/latino,Canada,single,never,yes,high_school,no,,no,no,yes,no,no,no,no,no,no,no,no,no,no,no,no,no,no,no,one,normal,no,no,no,pescetarian,no,no,no,city,regularly,never,occasionally,daily,daily,regularly,regularly,rarely,daily,rarely,occasionally,never,never,rarely,occasionally,regularly,regularly,rarely,daily,never,regularly,daily,occasionally,5.5,bachelors,4,yes,no,18,78023,0,CTCTCTAT ,GTGYCAGCMGCCGCGGTA,CGGAGCCT 
SRR7611382,control,SG14,3,20-May,YES,21,123,17.2,SRR7611382,medium,ten_fold,1,B3redo,hours,15,,8,,faint,Good,female,white,not_hispanic/latino,Canada,single,never,yes,high_school,no,,no,no,yes,no,no,no,no,no,no,no,no,no,no,no,no,no,no,no,one,normal,no,no,no,pescetarian,no,no,no,city,regularly,never,occasionally,daily,daily,regularly,regularly,rarely,daily,rarely,occasionally,never,never,rarely,occasionally,regularly,regularly,rarely,daily,never,regularly,daily,occasionally,5.5,bachelors,4,yes,no,17,41519,0,TCGACTAG ,GTGYCAGCMGCCGCGGTA,TAGGCATG 
SRR7611383,control,SG14,2,19-May,YES,21,123,17.2,SRR7611383,medium,ten_fold,1,B2,hours,15,,8,Good,,,female,white,not_hispanic/latino,Canada,single,never,yes,high_school,no,,no,no,yes,no,no,no,no,no,no,no,no,no,no,no,no,no,no,no,one,normal,no,no,no,pescetarian,no,no,no,city,regularly,never,occasionally,daily,daily,regularly,regularly,rarely,daily,rarely,occasionally,never,never,rarely,occasionally,regularly,regularly,rarely,daily,never,regularly,daily,occasionally,5.5,bachelors,4,yes,no,16,31143,0,CTCTCTAT ,GTGYCAGCMGCCGCGGTA,GGAGCTAC 
SRR7611384,control,SG14,1,18-May,YES,21,123,17.2,SRR7611384,medium,ten_fold,1,B1,overnight,15,Good,8,Good,,,female,white,not_hispanic/latino,Canada,single,never,yes,high_school,no,,no,no,yes,no,no,no,no,no,no,no,no,no,no,no,no,no,no,no,one,normal,no,no,no,pescetarian,no,no,no,city,regularly,never,occasionally,daily,daily,regularly,regularly,rarely,daily,rarely,occasionally,never,never,rarely,occasionally,regularly,regularly,rarely,daily,never,regularly,daily,occasionally,5.5,bachelors,4,yes,no,15,77166,0,CTCTCTAT ,GTGYCAGCMGCCGCGGTA,ACTCGCTA 
SRR7611385,AthleteAfterRace,SG01,4,24-Apr,YES,37,130,20.4,SRR7611385,medium,ten_fold,1,A9redo,hours,15,,8,,faint,Good,female,white,not_hispanic/latino,USA,single,daily,yes,college,yes,outdoors,no,no,no,no,no,no,no,no,no,no,no,no,no,no,no,no,no,no,two,normal,no,no,no,omnivore,no,centrum,no,filtered ,occasionally,regularly,never,occasionally,occasionally,regularly,regularly,never,daily,never,rarely,never,never,occasionally,rarely,rarely,regularly,never,daily,never,rarely,daily,daily,7.5,graduate/professional,10,no,no,9,6170,1,TCGACTAG ,GTGYCAGCMGCCGCGGTA,AGGCAGAA 
SRR7611386,control,SG30,2,27-May,YES,26,142,22.9,SRR7611386,medium,ten_fold,2,D6,hours,15,faint,8,faint,,,female,black,not_hispanic/latino,USA,single,occasionally,yes,high_school,no,indoors,no,no,no,no,no,no,no,no,no,no,no,no,no,no,no,yes,no,no,less_than_one,normal,no,no,no,omnivore,no,multivitamin,no,city,occasionally,rarely,occasionally,regularly,occasionally,occasionally,occasionally,never,regularly,never,occasionally,rarely,rarely,occasionally,rarely,regularly,regularly,never,regularly,never,rarely,daily,regularly,7.5,graduate/professional,3,yes,no,147,39126,0,CTAAGCCT ,GTGYCAGCMGCCGCGGTA,ATGCGCAG 
SRR7611387,control,SG30,3,27-May,NO,26,142,22.9,SRR7611387,medium,ten_fold,2,D6redo,hours,15,,8,,none,none,female,black,not_hispanic/latino,USA,single,occasionally,yes,high_school,no,indoors,no,no,no,no,no,no,no,no,no,no,no,no,no,no,no,yes,no,no,less_than_one,normal,no,no,no,omnivore,no,multivitamin,no,city,occasionally,rarely,occasionally,regularly,occasionally,occasionally,occasionally,never,regularly,never,occasionally,rarely,rarely,occasionally,rarely,regularly,regularly,never,regularly,never,rarely,daily,regularly,7.5,graduate/professional,3,yes,no,148,56630,0,CCTAGAGT ,GTGYCAGCMGCCGCGGTA,AGGCAGAA 
SRR7611388,control,SG30,-1,26-May,YES,26,142,22.9,SRR7611388,medium,ten_fold,2,D5,hours,15,faint,8,faint,,,female,black,not_hispanic/latino,USA,single,occasionally,yes,high_school,no,indoors,no,no,no,no,no,no,no,no,no,no,no,no,no,no,no,yes,no,no,less_than_one,normal,no,no,no,omnivore,no,multivitamin,no,city,occasionally,rarely,occasionally,regularly,occasionally,occasionally,occasionally,never,regularly,never,occasionally,rarely,rarely,occasionally,rarely,regularly,regularly,never,regularly,never,rarely,daily,regularly,7.5,graduate/professional,3,yes,no,145,36175,0,CTAAGCCT ,GTGYCAGCMGCCGCGGTA,TACGCTGC 
SRR7611389,control,SG30,1,26-May,YES,26,142,22.9,SRR7611389,medium,ten_fold,2,D5redo,hours,15,,8,,faint,Good,female,black,not_hispanic/latino,USA,single,occasionally,yes,high_school,no,indoors,no,no,no,no,no,no,no,no,no,no,no,no,no,no,no,yes,no,no,less_than_one,normal,no,no,no,omnivore,no,multivitamin,no,city,occasionally,rarely,occasionally,regularly,occasionally,occasionally,occasionally,never,regularly,never,occasionally,rarely,rarely,occasionally,rarely,regularly,regularly,never,regularly,never,rarely,daily,regularly,7.5,graduate/professional,3,yes,no,146,67645,0,CCTAGAGT ,GTGYCAGCMGCCGCGGTA,CGTACTAG 
SRR7611390,control,SG30,-3,21-May,YES,26,142,22.9,SRR7611390,low,,2,D3,overnight,15,faint,8,faint,,,female,black,not_hispanic/latino,USA,single,occasionally,yes,high_school,no,indoors,no,no,no,no,no,no,no,no,no,no,no,no,no,no,no,yes,no,no,less_than_one,normal,no,no,no,omnivore,no,multivitamin,no,city,occasionally,rarely,occasionally,regularly,occasionally,occasionally,occasionally,never,regularly,never,occasionally,rarely,rarely,occasionally,rarely,regularly,regularly,never,regularly,never,rarely,daily,regularly,7.5,graduate/professional,3,yes,no,143,15577,0,CTAAGCCT ,GTGYCAGCMGCCGCGGTA,GCGTAGTA 
SRR7611391,control,SG30,-2,22-May,YES,26,142,22.9,SRR7611391,medium,ten_fold,2,D4,hours,15,faint,8,faint,,,female,black,not_hispanic/latino,USA,single,occasionally,yes,high_school,no,indoors,no,no,no,no,no,no,no,no,no,no,no,no,no,no,no,yes,no,no,less_than_one,normal,no,no,no,omnivore,no,multivitamin,no,city,occasionally,rarely,occasionally,regularly,occasionally,occasionally,occasionally,never,regularly,never,occasionally,rarely,rarely,occasionally,rarely,regularly,regularly,never,regularly,never,rarely,daily,regularly,7.5,graduate/professional,3,yes,no,144,19751,0,CTAAGCCT ,GTGYCAGCMGCCGCGGTA,CGGAGCCT 
SRR7611392,AthleteAfterRace,SG11,5,25-Apr,YES,21,125,22.1,SRR7611392,medium,ten_fold,2,C12,hours,15,Good,8,Robust,,,female,asian/white,not_hispanic/latino,USA,single,regularly,yes,high_school,no,indoors,no,yes,yes,no,no,no,yes,no,no,no,no,no,no,no,no,no,no,no,two,normal,no,no,no,omnivore,no,Vitamin_D,no,not_sure,regularly,never,daily,occasionally,occasionally,regularly,occasionally,never,occasionally,rarely,rarely,occasionally,rarely,regularly,rarely,regularly,occasionally,never,daily,never,occasionally,daily,daily,6.5,bachelors,21,yes,no,141,32160,1,CTAAGCCT ,GTGYCAGCMGCCGCGGTA,ATCTCAGG 
SRR7611393,control,SG30,-4,19-May,YES,26,142,22.9,SRR7611393,medium,ten_fold,2,D2,hours,15,Good,8,Good,,,female,black,not_hispanic/latino,USA,single,occasionally,yes,high_school,no,indoors,no,no,no,no,no,no,no,no,no,no,no,no,no,no,no,yes,no,no,less_than_one,normal,no,no,no,omnivore,no,multivitamin,no,city,occasionally,rarely,occasionally,regularly,occasionally,occasionally,occasionally,never,regularly,never,occasionally,rarely,rarely,occasionally,rarely,regularly,regularly,never,regularly,never,rarely,daily,regularly,7.5,graduate/professional,3,yes,no,142,74304,0,CTAAGCCT ,GTGYCAGCMGCCGCGGTA,GGAGCTAC 
SRR7611394,control,SG30,4,28-May,YES,26,142,22.9,SRR7611394,low,,2,D7,overnight,15,Good,8,Good,,,female,black,not_hispanic/latino,USA,single,occasionally,yes,high_school,no,indoors,no,no,no,no,no,no,no,no,no,no,no,no,no,no,no,yes,no,no,less_than_one,normal,no,no,no,omnivore,no,multivitamin,no,city,occasionally,rarely,occasionally,regularly,occasionally,occasionally,occasionally,never,regularly,never,occasionally,rarely,rarely,occasionally,rarely,regularly,regularly,never,regularly,never,rarely,daily,regularly,7.5,graduate/professional,3,yes,no,149,55656,0,CTAAGCCT ,GTGYCAGCMGCCGCGGTA,TAGCGCTC 
SRR7611395,AthleteBeforeRace,SG12,-6,17-Apr,NO,33,120,22.7,SRR7611395,medium,ten_fold,2,D8,hours,15,faint,8,faint,,,female,asian,not_hispanic/latino,USA,single,daily,yes,college,yes,outdoors,no,yes,yes,no,no,no,no,no,no,yes,no,no,no,no,no,no,no,no,two,normal,no,no,yes,omnivore,no,multivitamin,no,city,daily,daily,rarely,occasionally,daily,daily,daily,rarely,regularly,regularly,rarely,never,never,occasionally,occasionally,rarely,daily,never,daily,never,rarely,daily,daily,6.5,bachelors,7,yes,no,150,223139,1,CTAAGCCT ,GTGYCAGCMGCCGCGGTA,ACTGAGCG 
SRR7611396,AthleteAfterRace,SG12,1,21-Apr,YES,33,120,22.7,SRR7611396,medium,ten_fold,2,D12,hours,15,Good,8,Robust,,,female,asian,not_hispanic/latino,USA,single,daily,yes,college,yes,outdoors,no,yes,yes,no,no,no,no,no,no,yes,no,no,no,no,no,no,no,no,two,normal,no,no,yes,omnivore,no,multivitamin,no,city,daily,daily,rarely,occasionally,daily,daily,daily,rarely,regularly,regularly,rarely,never,never,occasionally,occasionally,rarely,daily,never,daily,never,rarely,daily,daily,6.5,bachelors,7,yes,no,156,79031,1,CTAAGCCT ,GTGYCAGCMGCCGCGGTA,TCGACGTC 
SRR7611397,AthleteBeforeRace,SG12,-1,20-Apr,YES,33,120,22.7,SRR7611397,medium,ten_fold,2,D11,overnight,15,Good,8,Good,,,female,asian,not_hispanic/latino,USA,single,daily,yes,college,yes,outdoors,no,yes,yes,no,no,no,no,no,no,yes,no,no,no,no,no,no,no,no,two,normal,no,no,yes,omnivore,no,multivitamin,no,city,daily,daily,rarely,occasionally,daily,daily,daily,rarely,regularly,regularly,rarely,never,never,occasionally,occasionally,rarely,daily,never,daily,never,rarely,daily,daily,6.5,bachelors,7,yes,no,155,48703,1,CTAAGCCT ,GTGYCAGCMGCCGCGGTA,TGCAGCTA 
SRR7611398,AthleteAfterRace,SG12,3,23-Apr,YES,33,120,22.7,SRR7611398,medium,ten_fold,2,E2,overnight,15,faint,8,faint,,,female,asian,not_hispanic/latino,USA,single,daily,yes,college,yes,outdoors,no,yes,yes,no,no,no,no,no,no,yes,no,no,no,no,no,no,no,no,two,normal,no,no,yes,omnivore,no,multivitamin,no,city,daily,daily,rarely,occasionally,daily,daily,daily,rarely,regularly,regularly,rarely,never,never,occasionally,occasionally,rarely,daily,never,daily,never,rarely,daily,daily,6.5,bachelors,7,yes,no,158,61552,1,CGTCTAAT ,GTGYCAGCMGCCGCGGTA,CGTACTAG 
SRR7611399,AthleteAfterRace,SG12,2,22-Apr,YES,33,120,22.7,SRR7611399,medium,ten_fold,2,E1,hours,15,Good,8,Good,,,female,asian,not_hispanic/latino,USA,single,daily,yes,college,yes,outdoors,no,yes,yes,no,no,no,no,no,no,yes,no,no,no,no,no,no,no,no,two,normal,no,no,yes,omnivore,no,multivitamin,no,city,daily,daily,rarely,occasionally,daily,daily,daily,rarely,regularly,regularly,rarely,never,never,occasionally,occasionally,rarely,daily,never,daily,never,rarely,daily,daily,6.5,bachelors,7,yes,no,157,19372,1,CGTCTAAT ,GTGYCAGCMGCCGCGGTA,TAAGGCGA 
SRR7611400,AthleteBeforeRace,SG12,-4,18-Apr,YES,33,120,22.7,SRR7611400,medium,ten_fold,2,D9,hours,15,faint,8,faint,,,female,asian,not_hispanic/latino,USA,single,daily,yes,college,yes,outdoors,no,yes,yes,no,no,no,no,no,no,yes,no,no,no,no,no,no,no,no,two,normal,no,no,yes,omnivore,no,multivitamin,no,city,daily,daily,rarely,occasionally,daily,daily,daily,rarely,regularly,regularly,rarely,never,never,occasionally,occasionally,rarely,daily,never,daily,never,rarely,daily,daily,6.5,bachelors,7,yes,no,152,74792,1,CTAAGCCT ,GTGYCAGCMGCCGCGGTA,CCTAAGAC 
SRR7611401,AthleteBeforeRace,SG12,-5,17-Apr,NO,33,120,22.7,SRR7611401,medium,ten_fold,2,D8redo,hours,15,,8,,none,none,female,asian,not_hispanic/latino,USA,single,daily,yes,college,yes,outdoors,no,yes,yes,no,no,no,no,no,no,yes,no,no,no,no,no,no,no,no,two,normal,no,no,yes,omnivore,no,multivitamin,no,city,daily,daily,rarely,occasionally,daily,daily,daily,rarely,regularly,regularly,rarely,never,never,occasionally,occasionally,rarely,daily,never,daily,never,rarely,daily,daily,6.5,bachelors,7,yes,no,151,87633,1,CCTAGAGT ,GTGYCAGCMGCCGCGGTA,TCCTGAGC 
SRR7611402,AthleteBeforeRace,SG12,-2,19-Apr,YES,33,120,22.7,SRR7611402,high,ten_fold,2,D10,hours,15,Good,8,Good,,,female,asian,not_hispanic/latino,USA,single,daily,yes,college,yes,outdoors,no,yes,yes,no,no,no,no,no,no,yes,no,no,no,no,no,no,no,no,two,normal,no,no,yes,omnivore,no,multivitamin,no,city,daily,daily,rarely,occasionally,daily,daily,daily,rarely,regularly,regularly,rarely,never,never,occasionally,occasionally,rarely,daily,never,daily,never,rarely,daily,daily,6.5,bachelors,7,yes,no,154,27312,1,CTAAGCCT ,GTGYCAGCMGCCGCGGTA,CGATCAGT 
SRR7611403,AthleteBeforeRace,SG12,-3,18-Apr,YES,33,120,22.7,SRR7611403,medium,ten_fold,2,D9redo,hours,15,,8,,faint,Good,female,asian,not_hispanic/latino,USA,single,daily,yes,college,yes,outdoors,no,yes,yes,no,no,no,no,no,no,yes,no,no,no,no,no,no,no,no,two,normal,no,no,yes,omnivore,no,multivitamin,no,city,daily,daily,rarely,occasionally,daily,daily,daily,rarely,regularly,regularly,rarely,never,never,occasionally,occasionally,rarely,daily,never,daily,never,rarely,daily,daily,6.5,bachelors,7,yes,no,153,44427,1,CCTAGAGT ,GTGYCAGCMGCCGCGGTA,GGACTCCT 
SRR7611404,AthleteAfterRace,SG12,5,24-Apr,YES,33,120,22.7,SRR7611404,medium,ten_fold,2,E3,hours,15,Good,8,Good,,,female,asian,not_hispanic/latino,USA,single,daily,yes,college,yes,outdoors,no,yes,yes,no,no,no,no,no,no,yes,no,no,no,no,no,no,no,no,two,normal,no,no,yes,omnivore,no,multivitamin,no,city,daily,daily,rarely,occasionally,daily,daily,daily,rarely,regularly,regularly,rarely,never,never,occasionally,occasionally,rarely,daily,never,daily,never,rarely,daily,daily,6.5,bachelors,7,yes,no,160,32896,1,CGTCTAAT ,GTGYCAGCMGCCGCGGTA,AGGCAGAA 
SRR7611405,AthleteAfterRace,SG12,4,23-Apr,YES,33,120,22.7,SRR7611405,medium,ten_fold,2,E2redo,overnight,15,,8,,faint,Good,female,asian,not_hispanic/latino,USA,single,daily,yes,college,yes,outdoors,no,yes,yes,no,no,no,no,no,no,yes,no,no,no,no,no,no,no,no,two,normal,no,no,yes,omnivore,no,multivitamin,no,city,daily,daily,rarely,occasionally,daily,daily,daily,rarely,regularly,regularly,rarely,never,never,occasionally,occasionally,rarely,daily,never,daily,never,rarely,daily,daily,6.5,bachelors,7,yes,no,159,113692,1,CCTAGAGT ,GTGYCAGCMGCCGCGGTA,TAGGCATG 
SRR7611406,control,SG15,1,1-May,YES,26,115,21,SRR7611406,medium,ten_fold,1,C4redo,hours,15,,8,,Good,Robust,female,asian,not_hispanic/latino,USA,single,occasionally,no,,no,,no,no,no,no,no,yes,no,no,no,no,no,no,no,no,no,no,no,no,one,normal,no,no,yes,omnivore,no,multivitamin,no,filtered,daily,daily,rarely,occasionally,regularly,regularly,occasionally,rarely,daily,daily,rarely,rarely,rarely,occasionally,occasionally,regularly,daily,occasionally,daily,never,rarely,daily,daily,7.5,bachelors,8,yes,no,32,35989,0,TCGACTAG ,GTGYCAGCMGCCGCGGTA,GCTCATGA 
SRR7611407,control,SG15,-1,30-Apr,YES,26,115,21,SRR7611407,medium,ten_fold,1,C3redo,hours,15,,8,,faint,Good,female,asian,not_hispanic/latino,USA,single,occasionally,no,,no,,no,no,no,no,no,yes,no,no,no,no,no,no,no,no,no,no,no,no,one,normal,no,no,yes,omnivore,no,multivitamin,no,filtered,daily,daily,rarely,occasionally,regularly,regularly,occasionally,rarely,daily,daily,rarely,rarely,rarely,occasionally,occasionally,regularly,daily,occasionally,daily,never,rarely,daily,daily,7.5,bachelors,8,yes,no,31,48187,0,TCGACTAG ,GTGYCAGCMGCCGCGGTA,GTAGAGGA 
SRR7611408,control,SG15,3,3-May,YES,26,115,21,SRR7611408,medium,ten_fold,1,C6,hours,15,Good,8,good,,,female,asian,not_hispanic/latino,USA,single,occasionally,no,,no,,no,no,no,no,no,yes,no,no,no,no,no,no,no,no,no,no,no,no,one,normal,no,no,yes,omnivore,no,multivitamin,no,filtered,daily,daily,rarely,occasionally,regularly,regularly,occasionally,rarely,daily,daily,rarely,rarely,rarely,occasionally,occasionally,regularly,daily,occasionally,daily,never,rarely,daily,daily,7.5,bachelors,8,yes,no,34,37784,0,TATCCTCT ,GTGYCAGCMGCCGCGGTA,TAGGCATG 
SRR7611409,control,SG15,2,2-May,YES,26,115,21,SRR7611409,medium,ten_fold,1,C5redo,overnight,15,,8,,Good,Robust,female,asian,not_hispanic/latino,USA,single,occasionally,no,,no,,no,no,no,no,no,yes,no,no,no,no,no,no,no,no,no,no,no,no,one,normal,no,no,yes,omnivore,no,multivitamin,no,filtered,daily,daily,rarely,occasionally,regularly,regularly,occasionally,rarely,daily,daily,rarely,rarely,rarely,occasionally,occasionally,regularly,daily,occasionally,daily,never,rarely,daily,daily,7.5,bachelors,8,yes,no,33,47480,0,TCGACTAG ,GTGYCAGCMGCCGCGGTA,ATCTCAGG 
SRR7611410,control,SG15,5,5-May,YES,26,115,21,SRR7611410,high,ten_fold,1,C8,hours,15,Good,8,good,,,female,asian,not_hispanic/latino,USA,single,occasionally,no,,no,,no,no,no,no,no,yes,no,no,no,no,no,no,no,no,no,no,no,no,one,normal,no,no,yes,omnivore,no,multivitamin,no,filtered,daily,daily,rarely,occasionally,regularly,regularly,occasionally,rarely,daily,daily,rarely,rarely,rarely,occasionally,occasionally,regularly,daily,occasionally,daily,never,rarely,daily,daily,7.5,bachelors,8,yes,no,36,40343,0,TATCCTCT ,GTGYCAGCMGCCGCGGTA,CGAGGCTG 
SRR7611411,control,SG15,4,4-May,YES,26,115,21,SRR7611411,medium,ten_fold,1,C7,hours,15,Good,8,good,,,female,asian,not_hispanic/latino,USA,single,occasionally,no,,no,,no,no,no,no,no,yes,no,no,no,no,no,no,no,no,no,no,no,no,one,normal,no,no,yes,omnivore,no,multivitamin,no,filtered,daily,daily,rarely,occasionally,regularly,regularly,occasionally,rarely,daily,daily,rarely,rarely,rarely,occasionally,occasionally,regularly,daily,occasionally,daily,never,rarely,daily,daily,7.5,bachelors,8,yes,no,35,38861,0,TATCCTCT ,GTGYCAGCMGCCGCGGTA,CTCTCTAC 
SRR7611412,AthleteBeforeRace,SG04,-4,18-Apr,YES,28,135,23.9,SRR7611412,low,,1,C10,overnight,15,faint,8,faint,,,female,white,not_hispanic/latino,USA,Single,regularly,yes,club/intramural,no,outdoors,no,no,no,no,no,no,no,no,no,no,no,no,no,no,no,no,no,yes,one,constipated,no,no,no,omnivore,no,multivitamin,no,city,daily,occasionally,rarely,occasionally,daily,daily,daily,rarely,regularly,rarely,regularly,rarely,rarely,occasionally,occasionally,rarely,regularly,rarely,regularly,never,rarely,daily,regularly,7.5,graduate/professional,1,yes,no,38,24027,1,TATCCTCT ,GTGYCAGCMGCCGCGGTA,GTAGAGGA 
SRR7611413,AthleteBeforeRace,SG04,-5,17-Apr,YES,28,135,23.9,SRR7611413,low,,1,C9,hours,15,Good,8,good,,,female,white,not_hispanic/latino,USA,Single,regularly,yes,club/intramural,no,outdoors,no,no,no,no,no,no,no,no,no,no,no,no,no,no,no,no,no,yes,one,constipated,no,no,no,omnivore,no,multivitamin,no,city,daily,occasionally,rarely,occasionally,daily,daily,daily,rarely,regularly,rarely,regularly,rarely,rarely,occasionally,occasionally,rarely,regularly,rarely,regularly,never,rarely,daily,regularly,7.5,graduate/professional,1,yes,no,37,16163,1,TATCCTCT ,GTGYCAGCMGCCGCGGTA,AAGAGGCA 
SRR7611414,AthleteBeforeRace,SG04,-2,19-Apr,YES,28,135,23.9,SRR7611414,low,,1,C11redo,hours,15,,8,,Good,Robust,female,white,not_hispanic/latino,USA,Single,regularly,yes,club/intramural,no,outdoors,no,no,no,no,no,no,no,no,no,no,no,no,no,no,no,no,no,yes,one,constipated,no,no,no,omnivore,no,multivitamin,no,city,daily,occasionally,rarely,occasionally,daily,daily,daily,rarely,regularly,rarely,regularly,rarely,rarely,occasionally,occasionally,rarely,regularly,rarely,regularly,never,rarely,daily,regularly,7.5,graduate/professional,1,yes,no,40,7934,1,TCGACTAG ,GTGYCAGCMGCCGCGGTA,GGAGCTAC 
SRR7611415,AthleteBeforeRace,SG04,-3,18-Apr,YES,28,135,23.9,SRR7611415,low,,1,C10redo,overnight,15,,8,,Good,Robust,female,white,not_hispanic/latino,USA,Single,regularly,yes,club/intramural,no,outdoors,no,no,no,no,no,no,no,no,no,no,no,no,no,no,no,no,no,yes,one,constipated,no,no,no,omnivore,no,multivitamin,no,city,daily,occasionally,rarely,occasionally,daily,daily,daily,rarely,regularly,rarely,regularly,rarely,rarely,occasionally,occasionally,rarely,regularly,rarely,regularly,never,rarely,daily,regularly,7.5,graduate/professional,1,yes,no,39,40851,1,TCGACTAG ,GTGYCAGCMGCCGCGGTA,ACTCGCTA 
SRR7611416,AthleteBeforeRace,SG05,-2,19-Apr,YES,25,125,19.6,SRR7611416,low,,1,E3,hours,15,good,8,Robust,,,female,white,not_hispanic/latino,USA,single,daily,yes,high_school,yes,outdoors,no,no,yes,no,no,yes,no,no,no,no,no,no,no,no,no,no,no,no,four,diarrhea,no,no,no,vegetarian,no,multivitamin,probiotic,filtered,regularly,daily,never,occasionally,daily,daily,daily,rarely,rarely,rarely,rarely,never,never,never,never,rarely,occasionally,never,daily,never,rarely,daily,regularly,7.5,graduate/professional,0.5,yes,no,58,18114,1,GTAAGGAG ,GTGYCAGCMGCCGCGGTA,AGGCAGAA 
SRR7611417,AthleteBeforeRace,SG05,-3,18-Apr,YES,25,125,19.6,SRR7611417,medium,ten_fold,1,E2redo,hours,15,,8,,Good,Robust,female,white,not_hispanic/latino,USA,single,daily,yes,high_school,yes,outdoors,no,no,yes,no,no,yes,no,no,no,no,no,no,no,no,no,no,no,no,four,diarrhea,no,no,no,vegetarian,no,multivitamin,probiotic,filtered,regularly,daily,never,occasionally,daily,daily,daily,rarely,rarely,rarely,rarely,never,never,never,never,rarely,occasionally,never,daily,never,rarely,daily,regularly,7.5,graduate/professional,0.5,yes,no,57,15659,1,TTCTAGCT ,GTGYCAGCMGCCGCGGTA,TAAGGCGA 
SRR7611418,AthleteBeforeRace,SG05,-4,17-Apr,YES,25,125,19.6,SRR7611418,medium,ten_fold,1,E1redo,hours,15,,8,,dim,Robust,female,white,not_hispanic/latino,USA,single,daily,yes,high_school,yes,outdoors,no,no,yes,no,no,yes,no,no,no,no,no,no,no,no,no,no,no,no,four,diarrhea,no,no,no,vegetarian,no,multivitamin,probiotic,filtered,regularly,daily,never,occasionally,daily,daily,daily,rarely,rarely,rarely,rarely,never,never,never,never,rarely,occasionally,never,daily,never,rarely,daily,regularly,7.5,graduate/professional,0.5,yes,no,56,26653,1,TCGACTAG ,GTGYCAGCMGCCGCGGTA,TCGACGTC 
SRR7611419,control,SG24,4,14-May,YES,29,175,23.1,SRR7611419,low,,1,D12redo,hours,15,,8,,faint,dim,male,white,not_hispanic/latino,USA,single,occasionally,yes,high_school,no,indoors,no,no,no,no,no,no,no,no,no,yes,no,no,no,no,no,yes,no,no,one,normal,no,no,no,omnivore,no,vitamin_D,fish_oil,city,daily,regularly,occasionally,regularly,regularly,regularly,regularly,occasionally,occasionally,regularly,rarely,regularly,occasionally,occasionally,regularly,occasionally,regularly,never,regularly,never,occasionally,daily,occasionally,8.5,bachelors,4,yes,no,55,33283,0,TCGACTAG ,GTGYCAGCMGCCGCGGTA,TGCAGCTA 
SRR7611420,control,SG24,3,13-May,YES,29,175,23.1,SRR7611420,medium,ten_fold,1,D11redo,overnight,15,,8,,Good,Robust,male,white,not_hispanic/latino,USA,single,occasionally,yes,high_school,no,indoors,no,no,no,no,no,no,no,no,no,yes,no,no,no,no,no,yes,no,no,one,normal,no,no,no,omnivore,no,vitamin_D,fish_oil,city,daily,regularly,occasionally,regularly,regularly,regularly,regularly,occasionally,occasionally,regularly,rarely,regularly,occasionally,occasionally,regularly,occasionally,regularly,never,regularly,never,occasionally,daily,occasionally,8.5,bachelors,4,yes,no,54,21390,0,TCGACTAG ,GTGYCAGCMGCCGCGGTA,CGATCAGT 
SRR7611421,control,SG24,2,13-May,YES,29,175,23.1,SRR7611421,medium,ten_fold,1,D11,overnight,15,faint,8,faint,,,male,white,not_hispanic/latino,USA,single,occasionally,yes,high_school,no,indoors,no,no,no,no,no,no,no,no,no,yes,no,no,no,no,no,yes,no,no,one,normal,no,no,no,omnivore,no,vitamin_D,fish_oil,city,daily,regularly,occasionally,regularly,regularly,regularly,regularly,occasionally,occasionally,regularly,rarely,regularly,occasionally,occasionally,regularly,occasionally,regularly,never,regularly,never,occasionally,daily,occasionally,8.5,bachelors,4,yes,no,53,24203,0,TATCCTCT ,GTGYCAGCMGCCGCGGTA,TGCAGCTA 
SRR7611422,control,SG24,1,11-May,YES,29,175,23.1,SRR7611422,medium,ten_fold,1,D10redo,hours,15,,8,,Good,Good,male,white,not_hispanic/latino,USA,single,occasionally,yes,high_school,no,indoors,no,no,no,no,no,no,no,no,no,yes,no,no,no,no,no,yes,no,no,one,normal,no,no,no,omnivore,no,vitamin_D,fish_oil,city,daily,regularly,occasionally,regularly,regularly,regularly,regularly,occasionally,occasionally,regularly,rarely,regularly,occasionally,occasionally,regularly,occasionally,regularly,never,regularly,never,occasionally,daily,occasionally,8.5,bachelors,4,yes,no,52,26548,0,TCGACTAG ,GTGYCAGCMGCCGCGGTA,CCTAAGAC 
SRR7611423,control,SG24,-1,8-May,YES,29,175,23.1,SRR7611423,low,,1,D9redo,two_days,15,,8,,Good,Robust,male,white,not_hispanic/latino,USA,single,occasionally,yes,high_school,no,indoors,no,no,no,no,no,no,no,no,no,yes,no,no,no,no,no,yes,no,no,one,normal,no,no,no,omnivore,no,vitamin_D,fish_oil,city,daily,regularly,occasionally,regularly,regularly,regularly,regularly,occasionally,occasionally,regularly,rarely,regularly,occasionally,occasionally,regularly,occasionally,regularly,never,regularly,never,occasionally,daily,occasionally,8.5,bachelors,4,yes,no,51,53193,0,TCGACTAG ,GTGYCAGCMGCCGCGGTA,ACTGAGCG 
SRR7611424,AthleteAfterRace,SG05,0,21-Apr,NO,25,125,19.6,SRR7611424,medium,ten_fold,1,E5redo,hours,15,,8,,Good,Robust,female,white,not_hispanic/latino,USA,single,daily,yes,high_school,yes,outdoors,no,no,yes,no,no,yes,no,no,no,no,no,no,no,no,no,no,no,no,four,diarrhea,no,no,no,vegetarian,no,multivitamin,probiotic,filtered,regularly,daily,never,occasionally,daily,daily,daily,rarely,rarely,rarely,rarely,never,never,never,never,rarely,occasionally,never,daily,never,rarely,daily,regularly,7.5,graduate/professional,0.5,yes,no,60,43331,1,TTCTAGCT ,GTGYCAGCMGCCGCGGTA,CGTACTAG 
SRR7611425,AthleteBeforeRace,SG05,-1,20-Apr,YES,25,125,19.6,SRR7611425,low,,1,E4,overnight,15,good,8,Good,,,female,white,not_hispanic/latino,USA,single,daily,yes,high_school,yes,outdoors,no,no,yes,no,no,yes,no,no,no,no,no,no,no,no,no,no,no,no,four,diarrhea,no,no,no,vegetarian,no,multivitamin,probiotic,filtered,regularly,daily,never,occasionally,daily,daily,daily,rarely,rarely,rarely,rarely,never,never,never,never,rarely,occasionally,never,daily,never,rarely,daily,regularly,7.5,graduate/professional,0.5,yes,no,59,42608,1,GTAAGGAG ,GTGYCAGCMGCCGCGGTA,TCCTGAGC 
SRR7611426,AthleteBeforeRace,SG10,-3,19-Apr,YES,34,132,22.7,SRR7611426,high,ten_fold,2,B3,hours,15,Good,8,Good,,,female,white,not_hispanic/latino,USA,single,daily,yes,high_school,yes,outdoors,no,yes,yes,no,no,yes,no,no,no,no,no,no,no,no,no,no,no,no,one,normal,yes,no,no,omnivore,no,multivitamin,no,city,regularly,daily,rarely,occasionaly,daily,daily,daily,never,daily,never,rarely,rarely,rarely,regularly,occasionally,rarely,rarely,never,daily,never,rarely,daily,daily,7.5,graduate/professional,8,no,yes,121,68966,1,AAGGAGTA ,GTGYCAGCMGCCGCGGTA,GCGTAGTA 
SRR7611427,AthleteBeforeRace,SG10,-4,20-Apr,YES,34,132,22.7,SRR7611427,high,ten_fold,2,B4,two_days,15,Good,8,Good,,,female,white,not_hispanic/latino,USA,single,daily,yes,high_school,yes,outdoors,no,yes,yes,no,no,yes,no,no,no,no,no,no,no,no,no,no,no,no,one,normal,yes,no,no,omnivore,no,multivitamin,no,city,regularly,daily,rarely,occasionaly,daily,daily,daily,never,daily,never,rarely,rarely,rarely,regularly,occasionally,rarely,rarely,never,daily,never,rarely,daily,daily,7.5,graduate/professional,8,no,yes,122,40842,1,AAGGAGTA ,GTGYCAGCMGCCGCGGTA,CGGAGCCT 
SRR7611428,AthleteAfterRace,SG10,0,20-Apr,NO,34,132,22.7,SRR7611428,high,ten_fold,2,B5,two_days,15,Good,8,Good,,,female,white,not_hispanic/latino,USA,single,daily,yes,high_school,yes,outdoors,no,yes,yes,no,no,yes,no,no,no,no,no,no,no,no,no,no,no,no,one,normal,yes,no,no,omnivore,no,multivitamin,no,city,regularly,daily,rarely,occasionaly,daily,daily,daily,never,daily,never,rarely,rarely,rarely,regularly,occasionally,rarely,rarely,never,daily,never,rarely,daily,daily,7.5,graduate/professional,8,no,yes,123,191850,1,AAGGAGTA ,GTGYCAGCMGCCGCGGTA,TACGCTGC 
SRR7611429,AthleteAfterRace,SG10,1,21-Apr,YES,34,132,22.7,SRR7611429,high,ten_fold,2,B6,overnight,15,faint,8,faint,,,female,white,not_hispanic/latino,USA,single,daily,yes,high_school,yes,outdoors,no,yes,yes,no,no,yes,no,no,no,no,no,no,no,no,no,no,no,no,one,normal,yes,no,no,omnivore,no,multivitamin,no,city,regularly,daily,rarely,occasionaly,daily,daily,daily,never,daily,never,rarely,rarely,rarely,regularly,occasionally,rarely,rarely,never,daily,never,rarely,daily,daily,7.5,graduate/professional,8,no,yes,124,26805,1,AAGGAGTA ,GTGYCAGCMGCCGCGGTA,ATGCGCAG 
SRR7611430,AthleteAfterRace,SG10,2,21-Apr,YES,34,132,22.7,SRR7611430,high,ten_fold,2,B6redo,hours,15,,8,,faint,Good,female,white,not_hispanic/latino,USA,single,daily,yes,high_school,yes,outdoors,no,yes,yes,no,no,yes,no,no,no,no,no,no,no,no,no,no,no,no,one,normal,yes,no,no,omnivore,no,multivitamin,no,city,regularly,daily,rarely,occasionaly,daily,daily,daily,never,daily,never,rarely,rarely,rarely,regularly,occasionally,rarely,rarely,never,daily,never,rarely,daily,daily,7.5,graduate/professional,8,no,yes,125,50629,1,TTCTAGCT ,GTGYCAGCMGCCGCGGTA,CGATCAGT 
SRR7611431,AthleteAfterRace,SG10,3,22-Apr,YES,34,132,22.7,SRR7611431,high,ten_fold,2,B7,hours,15,Good,8,Good,,,female,white,not_hispanic/latino,USA,single,daily,yes,high_school,yes,outdoors,no,yes,yes,no,no,yes,no,no,no,no,no,no,no,no,no,no,no,no,one,normal,yes,no,no,omnivore,no,multivitamin,no,city,regularly,daily,rarely,occasionaly,daily,daily,daily,never,daily,never,rarely,rarely,rarely,regularly,occasionally,rarely,rarely,never,daily,never,rarely,daily,daily,7.5,graduate/professional,8,no,yes,126,108742,1,AAGGAGTA ,GTGYCAGCMGCCGCGGTA,TAGCGCTC 
SRR7611432,AthleteAfterRace,SG10,4,23-Apr,YES,34,132,22.7,SRR7611432,high,ten_fold,2,B8,overnight,15,Good,8,Good,,,female,white,not_hispanic/latino,USA,single,daily,yes,high_school,yes,outdoors,no,yes,yes,no,no,yes,no,no,no,no,no,no,no,no,no,no,no,no,one,normal,yes,no,no,omnivore,no,multivitamin,no,city,regularly,daily,rarely,occasionaly,daily,daily,daily,never,daily,never,rarely,rarely,rarely,regularly,occasionally,rarely,rarely,never,daily,never,rarely,daily,daily,7.5,graduate/professional,8,no,yes,127,30685,1,AAGGAGTA ,GTGYCAGCMGCCGCGGTA,ACTGAGCG 
SRR7611433,AthleteAfterRace,SG10,5,24-Apr,YES,34,132,22.7,SRR7611433,high,ten_fold,2,B9,hours,15,Good,8,Good,,,female,white,not_hispanic/latino,USA,single,daily,yes,high_school,yes,outdoors,no,yes,yes,no,no,yes,no,no,no,no,no,no,no,no,no,no,no,no,one,normal,yes,no,no,omnivore,no,multivitamin,no,city,regularly,daily,rarely,occasionaly,daily,daily,daily,never,daily,never,rarely,rarely,rarely,regularly,occasionally,rarely,rarely,never,daily,never,rarely,daily,daily,7.5,graduate/professional,8,no,yes,128,96473,1,AAGGAGTA ,GTGYCAGCMGCCGCGGTA,CCTAAGAC 
SRR7611434,control,SG29,-2,18-May,YES,25,200,27.9,SRR7611434,medium,ten_fold,2,B10,overnight,15,Good,8,Good,,,male,white,hispanic/latino,USA,single,occasionally,yes,high_school,no,indoors,no,no,no,no,no,no,no,no,no,no,no,no,no,no,no,yes,no,no,less_than_one,constipated,no,no,no,omnivore,no,no,no,city,regularly,rarely,occasionally,regularly,occasionally,rarely,occasionally,never,regularly,never,never,regularly,occasionally,occasionally,rarely,occasionally,daily,rarely,occasionally,never,rarely,daily,daily,7.5,bachelors,3,no,no,129,185537,0,AAGGAGTA ,GTGYCAGCMGCCGCGGTA,CGATCAGT 
SRR7611435,control,SG29,-1,19-May,NO,25,200,27.9,SRR7611435,low,,2,B11redo,hours,15,,8,,none,none,male,white,hispanic/latino,USA,single,occasionally,yes,high_school,no,indoors,no,no,no,no,no,no,no,no,no,no,no,no,no,no,no,yes,no,no,less_than_one,constipated,no,no,no,omnivore,no,no,no,city,regularly,rarely,occasionally,regularly,occasionally,rarely,occasionally,never,regularly,never,never,regularly,occasionally,occasionally,rarely,occasionally,daily,rarely,occasionally,never,rarely,daily,daily,7.5,bachelors,3,no,no,130,28760,0,TTCTAGCT ,GTGYCAGCMGCCGCGGTA,TGCAGCTA 
SRR7611436,AthleteAfterRace,SG03,0,21-Apr,NO,30,185,23.8,SRR7611436,medium,ten_fold,1,B9,hours,15,Good,8,Good,,,male,white,not_hispanic/latino,USA,Single,Daily,yes,professional,yes,outdoors,no,yes,yes,no,no,no,no,no,no,no,no,no,no,no,no,no,no,no,two,normal,no,no,no,omnivore,no,multivitamin,no,city,regularly,regularly,occasionally,regularly,daily,occasionally,daily,rarely,daily,never,rarely,rarely,rarely,regularly,rarely,occasionally,regularly,never,daily,never,rarely,daily,occasionally,5.5,bachelors,3,yes,no,23,31275,1,CTCTCTAT ,GTGYCAGCMGCCGCGGTA,CCTAAGAC 
SRR7611437,AthleteAfterRace,SG03,1,22-Apr,YES,30,185,23.8,SRR7611437,medium,ten_fold,1,B10,two_days,15,Good,8,Good,,,male,white,not_hispanic/latino,USA,Single,Daily,yes,professional,yes,outdoors,no,yes,yes,no,no,no,no,no,no,no,no,no,no,no,no,no,no,no,two,normal,no,no,no,omnivore,no,multivitamin,no,city,regularly,regularly,occasionally,regularly,daily,occasionally,daily,rarely,daily,never,rarely,rarely,rarely,regularly,rarely,occasionally,regularly,never,daily,never,rarely,daily,occasionally,5.5,bachelors,3,yes,no,24,62240,1,CTCTCTAT ,GTGYCAGCMGCCGCGGTA,CGATCAGT 
SRR7611438,AthleteBeforeRace,SG03,-2,19-Apr,YES,30,185,23.8,SRR7611438,low,,1,B7,two_days,15,Intense,8,Robust,,,male,white,not_hispanic/latino,USA,Single,Daily,yes,professional,yes,outdoors,no,yes,yes,no,no,no,no,no,no,no,no,no,no,no,no,no,no,no,two,normal,no,no,no,omnivore,no,multivitamin,no,city,regularly,regularly,occasionally,regularly,daily,occasionally,daily,rarely,daily,never,rarely,rarely,rarely,regularly,rarely,occasionally,regularly,never,daily,never,rarely,daily,occasionally,5.5,bachelors,3,yes,no,21,20815,1,CTCTCTAT ,GTGYCAGCMGCCGCGGTA,TAGCGCTC 
SRR7611439,AthleteBeforeRace,SG03,-1,20-Apr,YES,30,185,23.8,SRR7611439,low,,1,B8,overnight,15,Intense,8,Robust,,,male,white,not_hispanic/latino,USA,Single,Daily,yes,professional,yes,outdoors,no,yes,yes,no,no,no,no,no,no,no,no,no,no,no,no,no,no,no,two,normal,no,no,no,omnivore,no,multivitamin,no,city,regularly,regularly,occasionally,regularly,daily,occasionally,daily,rarely,daily,never,rarely,rarely,rarely,regularly,rarely,occasionally,regularly,never,daily,never,rarely,daily,occasionally,5.5,bachelors,3,yes,no,22,38024,1,CTCTCTAT ,GTGYCAGCMGCCGCGGTA,ACTGAGCG 
SRR7611440,AthleteAfterRace,SG03,4,24-Apr,YES,30,185,23.8,SRR7611440,low,,1,B12,hours,15,Good,8,Good,,,male,white,not_hispanic/latino,USA,Single,Daily,yes,professional,yes,outdoors,no,yes,yes,no,no,no,no,no,no,no,no,no,no,no,no,no,no,no,two,normal,no,no,no,omnivore,no,multivitamin,no,city,regularly,regularly,occasionally,regularly,daily,occasionally,daily,rarely,daily,never,rarely,rarely,rarely,regularly,rarely,occasionally,regularly,never,daily,never,rarely,daily,occasionally,5.5,bachelors,3,yes,no,27,48793,1,CTCTCTAT ,GTGYCAGCMGCCGCGGTA,TCGACGTC 
SRR7611441,control,SG15,-4,28-Apr,YES,26,115,21,SRR7611441,medium,ten_fold,1,C1redo,hours,15,,8,,Good,Robust,female,asian,not_hispanic/latino,USA,single,occasionally,no,,no,,no,no,no,no,no,yes,no,no,no,no,no,no,no,no,no,no,no,no,one,normal,no,no,yes,omnivore,no,multivitamin,no,filtered,daily,daily,rarely,occasionally,regularly,regularly,occasionally,rarely,daily,daily,rarely,rarely,rarely,occasionally,occasionally,regularly,daily,occasionally,daily,never,rarely,daily,daily,7.5,bachelors,8,yes,no,28,12301,0,TCGACTAG ,GTGYCAGCMGCCGCGGTA,CGAGGCTG 
SRR7611442,AthleteAfterRace,SG03,2,23-Apr,YES,30,185,23.8,SRR7611442,medium,ten_fold,1,B11,overnight,15,faint,8,faint,,,male,white,not_hispanic/latino,USA,Single,Daily,yes,professional,yes,outdoors,no,yes,yes,no,no,no,no,no,no,no,no,no,no,no,no,no,no,no,two,normal,no,no,no,omnivore,no,multivitamin,no,city,regularly,regularly,occasionally,regularly,daily,occasionally,daily,rarely,daily,never,rarely,rarely,rarely,regularly,rarely,occasionally,regularly,never,daily,never,rarely,daily,occasionally,5.5,bachelors,3,yes,no,25,44918,1,CTCTCTAT ,GTGYCAGCMGCCGCGGTA,TGCAGCTA 
SRR7611443,AthleteAfterRace,SG03,3,23-Apr,YES,30,185,23.8,SRR7611443,medium,ten_fold,1,B11redo,overnight,15,,8,,Good,Robust,male,white,not_hispanic/latino,USA,Single,Daily,yes,professional,yes,outdoors,no,yes,yes,no,no,no,no,no,no,no,no,no,no,no,no,no,no,no,two,normal,no,no,no,omnivore,no,multivitamin,no,city,regularly,regularly,occasionally,regularly,daily,occasionally,daily,rarely,daily,never,rarely,rarely,rarely,regularly,rarely,occasionally,regularly,never,daily,never,rarely,daily,occasionally,5.5,bachelors,3,yes,no,26,26257,1,TCGACTAG ,GTGYCAGCMGCCGCGGTA,CTCTCTAC 
SRR7611444,control,SG15,-3,29-Apr,YES,26,115,21,SRR7611444,medium,ten_fold,1,C2,hours,15,Faint,8,faint,,,female,asian,not_hispanic/latino,USA,single,occasionally,no,,no,,no,no,no,no,no,yes,no,no,no,no,no,no,no,no,no,no,no,no,one,normal,no,no,yes,omnivore,no,multivitamin,no,filtered,daily,daily,rarely,occasionally,regularly,regularly,occasionally,rarely,daily,daily,rarely,rarely,rarely,occasionally,occasionally,regularly,daily,occasionally,daily,never,rarely,daily,daily,7.5,bachelors,8,yes,no,29,41139,0,TATCCTCT ,GTGYCAGCMGCCGCGGTA,CGTACTAG 
SRR7611445,control,SG15,-2,29-Apr,YES,26,115,21,SRR7611445,medium,ten_fold,1,C2redo,hours,15,,8,,Good,Robust,female,asian,not_hispanic/latino,USA,single,occasionally,no,,no,,no,no,no,no,no,yes,no,no,no,no,no,no,no,no,no,no,no,no,one,normal,no,no,yes,omnivore,no,multivitamin,no,filtered,daily,daily,rarely,occasionally,regularly,regularly,occasionally,rarely,daily,daily,rarely,rarely,rarely,occasionally,occasionally,regularly,daily,occasionally,daily,never,rarely,daily,daily,7.5,bachelors,8,yes,no,30,22489,0,TCGACTAG ,GTGYCAGCMGCCGCGGTA,AAGAGGCA 
SRR7611446,AthleteBeforeRace,SG04,-1,20-Apr,YES,28,135,23.9,SRR7611446,low,,1,C12redo,overnight,15,,8,,faint,dim,female,white,not_hispanic/latino,USA,Single,regularly,yes,club/intramural,no,outdoors,no,no,no,no,no,no,no,no,no,no,no,no,no,no,no,no,no,yes,one,constipated,no,no,no,omnivore,no,multivitamin,no,city,daily,occasionally,rarely,occasionally,daily,daily,daily,rarely,regularly,rarely,regularly,rarely,rarely,occasionally,occasionally,rarely,regularly,rarely,regularly,never,rarely,daily,regularly,7.5,graduate/professional,1,yes,no,41,50908,1,TCGACTAG ,GTGYCAGCMGCCGCGGTA,GCGTAGTA 
SRR7611447,AthleteAfterRace,SG04,0,20-Apr,NO,28,135,23.9,SRR7611447,low,,1,D1redo,overnight,15,,8,,Good,Robust,female,white,not_hispanic/latino,USA,Single,regularly,yes,club/intramural,no,outdoors,no,no,no,no,no,no,no,no,no,no,no,no,no,no,no,no,no,yes,one,constipated,no,no,no,omnivore,no,multivitamin,no,city,daily,occasionally,rarely,occasionally,daily,daily,daily,rarely,regularly,rarely,regularly,rarely,rarely,occasionally,occasionally,rarely,regularly,rarely,regularly,never,rarely,daily,regularly,7.5,graduate/professional,1,yes,no,42,39127,1,TCGACTAG ,GTGYCAGCMGCCGCGGTA,CGGAGCCT 
SRR7611448,AthleteAfterRace,SG04,1,21-Apr,YES,28,135,23.9,SRR7611448,low,,1,D2redo,hours,15,,8,,faint,Good,female,white,not_hispanic/latino,USA,Single,regularly,yes,club/intramural,no,outdoors,no,no,no,no,no,no,no,no,no,no,no,no,no,no,no,no,no,yes,one,constipated,no,no,no,omnivore,no,multivitamin,no,city,daily,occasionally,rarely,occasionally,daily,daily,daily,rarely,regularly,rarely,regularly,rarely,rarely,occasionally,occasionally,rarely,regularly,rarely,regularly,never,rarely,daily,regularly,7.5,graduate/professional,1,yes,no,43,45680,1,TCGACTAG ,GTGYCAGCMGCCGCGGTA,TACGCTGC 
SRR7611449,AthleteAfterRace,SG04,2,22-Apr,YES,28,135,23.9,SRR7611449,low,,1,D3,hours,15,Intense,8,Robust,,,female,white,not_hispanic/latino,USA,Single,regularly,yes,club/intramural,no,outdoors,no,no,no,no,no,no,no,no,no,no,no,no,no,no,no,no,no,yes,one,constipated,no,no,no,omnivore,no,multivitamin,no,city,daily,occasionally,rarely,occasionally,daily,daily,daily,rarely,regularly,rarely,regularly,rarely,rarely,occasionally,occasionally,rarely,regularly,rarely,regularly,never,rarely,daily,regularly,7.5,graduate/professional,1,yes,no,44,54515,1,TATCCTCT ,GTGYCAGCMGCCGCGGTA,GCGTAGTA 
SRR7611450,AthleteAfterRace,SG04,3,23-Apr,YES,28,135,23.9,SRR7611450,low,,1,D4,overnight,15,Good,8,good,,,female,white,not_hispanic/latino,USA,Single,regularly,yes,club/intramural,no,outdoors,no,no,no,no,no,no,no,no,no,no,no,no,no,no,no,no,no,yes,one,constipated,no,no,no,omnivore,no,multivitamin,no,city,daily,occasionally,rarely,occasionally,daily,daily,daily,rarely,regularly,rarely,regularly,rarely,rarely,occasionally,occasionally,rarely,regularly,rarely,regularly,never,rarely,daily,regularly,7.5,graduate/professional,1,yes,no,45,27224,1,TATCCTCT ,GTGYCAGCMGCCGCGGTA,CGGAGCCT 
SRR7611451,AthleteAfterRace,SG04,4,24-Apr,YES,28,135,23.9,SRR7611451,low,,1,D5,hours,15,Good,8,good,,,female,white,not_hispanic/latino,USA,Single,regularly,yes,club/intramural,no,outdoors,no,no,no,no,no,no,no,no,no,no,no,no,no,no,no,no,no,yes,one,constipated,no,no,no,omnivore,no,multivitamin,no,city,daily,occasionally,rarely,occasionally,daily,daily,daily,rarely,regularly,rarely,regularly,rarely,rarely,occasionally,occasionally,rarely,regularly,rarely,regularly,never,rarely,daily,regularly,7.5,graduate/professional,1,yes,no,46,43811,1,TATCCTCT ,GTGYCAGCMGCCGCGGTA,TACGCTGC 
SRR7611452,control,SG24,-5,4-May,YES,29,175,23.1,SRR7611452,medium,ten_fold,1,D6redo,overnight,15,,8,,faint,Good,male,white,not_hispanic/latino,USA,single,occasionally,yes,high_school,no,indoors,no,no,no,no,no,no,no,no,no,yes,no,no,no,no,no,yes,no,no,one,normal,no,no,no,omnivore,no,vitamin_D,fish_oil,city,daily,regularly,occasionally,regularly,regularly,regularly,regularly,occasionally,occasionally,regularly,rarely,regularly,occasionally,occasionally,regularly,occasionally,regularly,never,regularly,never,occasionally,daily,occasionally,8.5,bachelors,4,yes,no,47,42532,0,TCGACTAG ,GTGYCAGCMGCCGCGGTA,ATGCGCAG 
SRR7611453,control,SG24,-4,5-May,YES,29,175,23.1,SRR7611453,low,,1,D7,hours,15,Intense,8,Robust,,,male,white,not_hispanic/latino,USA,single,occasionally,yes,high_school,no,indoors,no,no,no,no,no,no,no,no,no,yes,no,no,no,no,no,yes,no,no,one,normal,no,no,no,omnivore,no,vitamin_D,fish_oil,city,daily,regularly,occasionally,regularly,regularly,regularly,regularly,occasionally,occasionally,regularly,rarely,regularly,occasionally,occasionally,regularly,occasionally,regularly,never,regularly,never,occasionally,daily,occasionally,8.5,bachelors,4,yes,no,48,28305,0,TATCCTCT ,GTGYCAGCMGCCGCGGTA,TAGCGCTC 
SRR7611454,control,SG24,-3,7-May,YES,29,175,23.1,SRR7611454,medium,ten_fold,1,D8redo,hours,15,,8,,Good,Robust,male,white,not_hispanic/latino,USA,single,occasionally,yes,high_school,no,indoors,no,no,no,no,no,no,no,no,no,yes,no,no,no,no,no,yes,no,no,one,normal,no,no,no,omnivore,no,vitamin_D,fish_oil,city,daily,regularly,occasionally,regularly,regularly,regularly,regularly,occasionally,occasionally,regularly,rarely,regularly,occasionally,occasionally,regularly,occasionally,regularly,never,regularly,never,occasionally,daily,occasionally,8.5,bachelors,4,yes,no,49,40897,0,TCGACTAG ,GTGYCAGCMGCCGCGGTA,TAGCGCTC 
SRR7611455,control,SG24,-2,8-May,YES,29,175,23.1,SRR7611455,low,,1,D9,two_days,15,faint,8,faint,,,male,white,not_hispanic/latino,USA,single,occasionally,yes,high_school,no,indoors,no,no,no,no,no,no,no,no,no,yes,no,no,no,no,no,yes,no,no,one,normal,no,no,no,omnivore,no,vitamin_D,fish_oil,city,daily,regularly,occasionally,regularly,regularly,regularly,regularly,occasionally,occasionally,regularly,rarely,regularly,occasionally,occasionally,regularly,occasionally,regularly,never,regularly,never,occasionally,daily,occasionally,8.5,bachelors,4,yes,no,50,14792,0,TATCCTCT ,GTGYCAGCMGCCGCGGTA,CCTAAGAC 
SRR7611456,AthleteAfterRace,SG11,4,24-Apr,YES,21,125,22.1,SRR7611456,medium,ten_fold,2,C11,overnight,15,faint,8,Good,,,female,asian/white,not_hispanic/latino,USA,single,regularly,yes,high_school,no,indoors,no,yes,yes,no,no,no,yes,no,no,no,no,no,no,no,no,no,no,no,two,normal,no,no,no,omnivore,no,Vitamin_D,no,not_sure,regularly,never,daily,occasionally,occasionally,regularly,occasionally,never,occasionally,rarely,rarely,occasionally,rarely,regularly,rarely,regularly,occasionally,never,daily,never,occasionally,daily,daily,6.5,bachelors,21,yes,no,140,68981,1,CTAAGCCT ,GTGYCAGCMGCCGCGGTA,GCTCATGA 
SRR7611457,AthleteAfterRace,SG11,3,23-Apr,YES,21,125,22.1,SRR7611457,high,ten_fold,2,C10,hours,15,Good,8,Robust,,,female,asian/white,not_hispanic/latino,USA,single,regularly,yes,high_school,no,indoors,no,yes,yes,no,no,no,yes,no,no,no,no,no,no,no,no,no,no,no,two,normal,no,no,no,omnivore,no,Vitamin_D,no,not_sure,regularly,never,daily,occasionally,occasionally,regularly,occasionally,never,occasionally,rarely,rarely,occasionally,rarely,regularly,rarely,regularly,occasionally,never,daily,never,occasionally,daily,daily,6.5,bachelors,21,yes,no,139,65324,1,CTAAGCCT ,GTGYCAGCMGCCGCGGTA,GTAGAGGA 
SRR7611458,AthleteAfterRace,SG11,2,22-Apr,YES,21,125,22.1,SRR7611458,high,ten_fold,2,C9,hours,15,Good,8,Robust,,,female,asian/white,not_hispanic/latino,USA,single,regularly,yes,high_school,no,indoors,no,yes,yes,no,no,no,yes,no,no,no,no,no,no,no,no,no,no,no,two,normal,no,no,no,omnivore,no,Vitamin_D,no,not_sure,regularly,never,daily,occasionally,occasionally,regularly,occasionally,never,occasionally,rarely,rarely,occasionally,rarely,regularly,rarely,regularly,occasionally,never,daily,never,occasionally,daily,daily,6.5,bachelors,21,yes,no,138,94411,1,CTAAGCCT ,GTGYCAGCMGCCGCGGTA,AAGAGGCA 
SRR7611459,AthleteAfterRace,SG11,1,21-Apr,YES,21,125,22.1,SRR7611459,medium,ten_fold,2,C8,overnight,15,Good,8,Good,,,female,asian/white,not_hispanic/latino,USA,single,regularly,yes,high_school,no,indoors,no,yes,yes,no,no,no,yes,no,no,no,no,no,no,no,no,no,no,no,two,normal,no,no,no,omnivore,no,Vitamin_D,no,not_sure,regularly,never,daily,occasionally,occasionally,regularly,occasionally,never,occasionally,rarely,rarely,occasionally,rarely,regularly,rarely,regularly,occasionally,never,daily,never,occasionally,daily,daily,6.5,bachelors,21,yes,no,137,134855,1,CTAAGCCT ,GTGYCAGCMGCCGCGGTA,CGAGGCTG 
SRR7611460,AthleteBeforeRace,SG11,-1,19-Apr,YES,21,125,22.1,SRR7611460,medium,ten_fold,2,C7,two_days,15,Good,8,Good,,,female,asian/white,not_hispanic/latino,USA,single,regularly,yes,high_school,no,indoors,no,yes,yes,no,no,no,yes,no,no,no,no,no,no,no,no,no,no,no,two,normal,no,no,no,omnivore,no,Vitamin_D,no,not_sure,regularly,never,daily,occasionally,occasionally,regularly,occasionally,never,occasionally,rarely,rarely,occasionally,rarely,regularly,rarely,regularly,occasionally,never,daily,never,occasionally,daily,daily,6.5,bachelors,21,yes,no,136,40835,1,CTAAGCCT ,GTGYCAGCMGCCGCGGTA,CTCTCTAC 
SRR7611461,AthleteBeforeRace,SG11,-2,19-Apr,YES,21,125,22.1,SRR7611461,medium,ten_fold,2,C6,two_days,15,Good,8,Good,,,female,asian/white,not_hispanic/latino,USA,single,regularly,yes,high_school,no,indoors,no,yes,yes,no,no,no,yes,no,no,no,no,no,no,no,no,no,no,no,two,normal,no,no,no,omnivore,no,Vitamin_D,no,not_sure,regularly,never,daily,occasionally,occasionally,regularly,occasionally,never,occasionally,rarely,rarely,occasionally,rarely,regularly,rarely,regularly,occasionally,never,daily,never,occasionally,daily,daily,6.5,bachelors,21,yes,no,135,45637,1,CTAAGCCT ,GTGYCAGCMGCCGCGGTA,TAGGCATG 
SRR7611462,AthleteBeforeRace,SG11,-3,18-Apr,YES,21,125,22.1,SRR7611462,medium,ten_fold,2,C5,hours,15,Good,8,Good,,,female,asian/white,not_hispanic/latino,USA,single,regularly,yes,high_school,no,indoors,no,yes,yes,no,no,no,yes,no,no,no,no,no,no,no,no,no,no,no,two,normal,no,no,no,omnivore,no,Vitamin_D,no,not_sure,regularly,never,daily,occasionally,occasionally,regularly,occasionally,never,occasionally,rarely,rarely,occasionally,rarely,regularly,rarely,regularly,occasionally,never,daily,never,occasionally,daily,daily,6.5,bachelors,21,yes,no,134,36284,1,CTAAGCCT ,GTGYCAGCMGCCGCGGTA,GGACTCCT 
SRR7611463,control,SG29,3,26-May,YES,25,200,27.9,SRR7611463,medium,ten_fold,2,C4redo,hours,15,,8,,faint,Good,male,white,hispanic/latino,USA,single,occasionally,yes,high_school,no,indoors,no,no,no,no,no,no,no,no,no,no,no,no,no,no,no,yes,no,no,less_than_one,constipated,no,no,no,omnivore,no,no,no,city,regularly,rarely,occasionally,regularly,occasionally,rarely,occasionally,never,regularly,never,never,regularly,occasionally,occasionally,rarely,occasionally,daily,rarely,occasionally,never,rarely,daily,daily,7.5,bachelors,3,no,no,133,74143,0,CCTAGAGT ,GTGYCAGCMGCCGCGGTA,TAAGGCGA 
SRR7611464,control,SG29,2,24-May,YES,25,200,27.9,SRR7611464,high,ten_fold,2,C2redo,hours,15,,8,,faint,Good,male,white,hispanic/latino,USA,single,occasionally,yes,high_school,no,indoors,no,no,no,no,no,no,no,no,no,no,no,no,no,no,no,yes,no,no,less_than_one,constipated,no,no,no,omnivore,no,no,no,city,regularly,rarely,occasionally,regularly,occasionally,rarely,occasionally,never,regularly,never,never,regularly,occasionally,occasionally,rarely,occasionally,daily,rarely,occasionally,never,rarely,daily,daily,7.5,bachelors,3,no,no,132,42107,0,TTCTAGCT ,GTGYCAGCMGCCGCGGTA,TCGACGTC 
SRR7611465,control,SG29,1,21-May,YES,25,200,27.9,SRR7611465,low,,2,B12,overnight,15,Good,8,Good,,,male,white,hispanic/latino,USA,single,occasionally,yes,high_school,no,indoors,no,no,no,no,no,no,no,no,no,no,no,no,no,no,no,yes,no,no,less_than_one,constipated,no,no,no,omnivore,no,no,no,city,regularly,rarely,occasionally,regularly,occasionally,rarely,occasionally,never,regularly,never,never,regularly,occasionally,occasionally,rarely,occasionally,daily,rarely,occasionally,never,rarely,daily,daily,7.5,bachelors,3,no,no,131,44078,0,AAGGAGTA ,GTGYCAGCMGCCGCGGTA,TCGACGTC 
SRR7611466,AthleteAfterRace,SG18,0,20-Apr,NO,22,123,19.9,SRR7611466,medium,ten_fold,2,G4redo,overnight ,15,,8,,dim,Good,female,white,not_hispanic/latino,USA,single,daily,yes,high_school,no,outdoors,no,no,no,no,no,no,no,no,no,no,no,no,no,no,no,no,no,yes,two,normal,no,no,no,omnivore,no,no,no,city,daily,daily,never,rarely,never,occasionally,daily,rarely,regularly,daily,rarely,rarely,never,regularly,occasionally,occasionally,regularly,never,daily,rarely,regularly,daily,rarely,6.5,high_school,4,yes,no,183,56703,1,CCTAGAGT ,GTGYCAGCMGCCGCGGTA,GCTCATGA 
SRR7611467,AthleteAfterRace,SG18,1,21-Apr,YES,22,123,19.9,SRR7611467,low,,2,G5,three_days,15,faint,8,Good,,,female,white,not_hispanic/latino,USA,single,daily,yes,high_school,no,outdoors,no,no,no,no,no,no,no,no,no,no,no,no,no,no,no,no,no,yes,two,normal,no,no,no,omnivore,no,no,no,city,daily,daily,never,rarely,never,occasionally,daily,rarely,regularly,daily,rarely,rarely,never,regularly,occasionally,occasionally,regularly,never,daily,rarely,regularly,daily,rarely,6.5,high_school,4,yes,no,184,39559,1,TCTCTCCG ,GTGYCAGCMGCCGCGGTA,GGACTCCT 
SRR7611468,AthleteBeforeRace,SG18,-2,18-Apr,YES,22,123,19.9,SRR7611468,low,,2,G2,hours,15,good,8,Good,,,female,white,not_hispanic/latino,USA,single,daily,yes,high_school,no,outdoors,no,no,no,no,no,no,no,no,no,no,no,no,no,no,no,no,no,yes,two,normal,no,no,no,omnivore,no,no,no,city,daily,daily,never,rarely,never,occasionally,daily,rarely,regularly,daily,rarely,rarely,never,regularly,occasionally,occasionally,regularly,never,daily,rarely,regularly,daily,rarely,6.5,high_school,4,yes,no,181,44274,1,TCTCTCCG ,GTGYCAGCMGCCGCGGTA,CGTACTAG 
SRR7611469,AthleteBeforeRace,SG18,-1,19-Apr,YES,22,123,19.9,SRR7611469,low,,2,G3redo,hours,15,,8,,faint,Good,female,white,not_hispanic/latino,USA,single,daily,yes,high_school,no,outdoors,no,no,no,no,no,no,no,no,no,no,no,no,no,no,no,no,no,yes,two,normal,no,no,no,omnivore,no,no,no,city,daily,daily,never,rarely,never,occasionally,daily,rarely,regularly,daily,rarely,rarely,never,regularly,occasionally,occasionally,regularly,never,daily,rarely,regularly,daily,rarely,6.5,high_school,4,yes,no,182,31505,1,CCTAGAGT ,GTGYCAGCMGCCGCGGTA,GTAGAGGA 
SRR7611470,AthleteBeforeRace,SG21,-2,18-Apr,YES,26,129,21.5,SRR7611470,low,,2,G8,overnight,15,Good,8,Good,,,female,white,not_hispanic/latino,USA,single,daily,yes,club/intramural,yes,outdoors,no,no,no,no,no,yes,no,no,no,no,no,no,no,no,no,yes,no,no,one,normal,no,no,no,omnivore,no,multivitamin,iron,city,daily,regularly,never,regularly,daily,daily,daily,rarely,daily,occasionally,rarely,occasionally,occasionally,regularly,occasionally,occasionally,regularly,never,daily,never,occasionally,daily,rarely,8.5,graduate/professional,5,no,no,187,123206,1,TCTCTCCG ,GTGYCAGCMGCCGCGGTA,CGAGGCTG 
SRR7611471,AthleteBeforeRace,SG21,-1,19-Apr,YES,26,129,21.5,SRR7611471,low,,2,G9,two_days,15,Good,8,Good,,,female,white,not_hispanic/latino,USA,single,daily,yes,club/intramural,yes,outdoors,no,no,no,no,no,yes,no,no,no,no,no,no,no,no,no,yes,no,no,one,normal,no,no,no,omnivore,no,multivitamin,iron,city,daily,regularly,never,regularly,daily,daily,daily,rarely,daily,occasionally,rarely,occasionally,occasionally,regularly,occasionally,occasionally,regularly,never,daily,never,occasionally,daily,rarely,8.5,graduate/professional,5,no,no,188,48690,1,TCTCTCCG ,GTGYCAGCMGCCGCGGTA,AAGAGGCA 
SRR7611472,AthleteAfterRace,SG18,2,23-Apr,YES,22,123,19.9,SRR7611472,low,,2,G6,overnight,15,good,8,Robust,,,female,white,not_hispanic/latino,USA,single,daily,yes,high_school,no,outdoors,no,no,no,no,no,no,no,no,no,no,no,no,no,no,no,no,no,yes,two,normal,no,no,no,omnivore,no,no,no,city,daily,daily,never,rarely,never,occasionally,daily,rarely,regularly,daily,rarely,rarely,never,regularly,occasionally,occasionally,regularly,never,daily,rarely,regularly,daily,rarely,6.5,high_school,4,yes,no,185,71837,1,TCTCTCCG ,GTGYCAGCMGCCGCGGTA,TAGGCATG 
SRR7611473,AthleteAfterRace,SG18,3,24-Apr,YES,22,123,19.9,SRR7611473,low,,2,G7,hours,15,faint,8,Good,,,female,white,not_hispanic/latino,USA,single,daily,yes,high_school,no,outdoors,no,no,no,no,no,no,no,no,no,no,no,no,no,no,no,no,no,yes,two,normal,no,no,no,omnivore,no,no,no,city,daily,daily,never,rarely,never,occasionally,daily,rarely,regularly,daily,rarely,rarely,never,regularly,occasionally,occasionally,regularly,never,daily,rarely,regularly,daily,rarely,6.5,high_school,4,yes,no,186,51803,1,TCTCTCCG ,GTGYCAGCMGCCGCGGTA,CTCTCTAC 
SRR7611474,AthleteAfterRace,SG21,1,21-Apr,YES,26,129,21.5,SRR7611474,medium,ten_fold,2,G10redo,hours,15,,8,,faint,Good,female,white,not_hispanic/latino,USA,single,daily,yes,club/intramural,yes,outdoors,no,no,no,no,no,yes,no,no,no,no,no,no,no,no,no,yes,no,no,one,normal,no,no,no,omnivore,no,multivitamin,iron,city,daily,regularly,never,regularly,daily,daily,daily,rarely,daily,occasionally,rarely,occasionally,occasionally,regularly,occasionally,occasionally,regularly,never,daily,never,occasionally,daily,rarely,8.5,graduate/professional,5,no,no,189,186784,1,CCTAGAGT ,GTGYCAGCMGCCGCGGTA,ATCTCAGG 
SRR7611475,AthleteAfterRace,SG21,2,23-Apr,YES,26,129,21.5,SRR7611475,low,,2,G11,overnight,15,Good,8,Good,,,female,white,not_hispanic/latino,USA,single,daily,yes,club/intramural,yes,outdoors,no,no,no,no,no,yes,no,no,no,no,no,no,no,no,no,yes,no,no,one,normal,no,no,no,omnivore,no,multivitamin,iron,city,daily,regularly,never,regularly,daily,daily,daily,rarely,daily,occasionally,rarely,occasionally,occasionally,regularly,occasionally,occasionally,regularly,never,daily,never,occasionally,daily,rarely,8.5,graduate/professional,5,no,no,190,33851,1,TCTCTCCG ,GTGYCAGCMGCCGCGGTA,GCTCATGA 
SRR7611476,AthleteAfterRace,SG08,4,24-Apr,YES,22,120,19.4,SRR7611476,medium,ten_fold,2,A3,hours,15,Good,8,Robust,,,female,white,not_hispanic/latino,USA,single,Daily,yes,club/intramural,yes,outdoors,no,no,no,no,no,no,no,no,no,no,no,no,no,no,no,no,no,no,two,normal,no,no,no,pescetarian,no,no,no,filtered,rarely,daily,never,occasionally,daily,daily,daily,rarely,daily,daily,rarely,never,never,never,rarely,never,occasionally,never,daily,never,rarely,daily,occasionally,6.5,high_school,4,yes,no,109,171921,1,AAGGAGTA ,GTGYCAGCMGCCGCGGTA,AGGCAGAA 
SRR7611477,control,SG28,-4,13-May,YES,43,163,26.3,SRR7611477,high,ten_fold,2,A4,hours,15,Good,8,Good,,,male,asian,not_hispanic/latino,South_Korea,married,regularly,yes,club/intramural,no,outdoors,,yes,no,no,yes,no,no,no,no,no,no,no,no,no,no,no,yes,no,one,normal,no,no,yes,omnivore,no,multivitamin,no,filtered,regularly,daily,rarely,rarely,occasionally,regularly,daily,regularly,rarely,rarely,rarely,occasionally,rarely,occasionally,rarely,occasionally,occasionally,rarely,rarely,never,rarely,daily,daily,5.5,graduate/professional,5,yes,no,110,19328,0,AAGGAGTA ,GTGYCAGCMGCCGCGGTA,TCCTGAGC 
SRR7611478,AthleteBeforeRace,SG08,-3,18-Apr,YES,22,120,19.4,SRR7611478,medium,ten_fold,1,H8,hours,15,Good,8,Good,,,female,white,not_hispanic/latino,USA,single,Daily,yes,club/intramural,yes,outdoors,no,no,no,no,no,no,no,no,no,no,no,no,no,no,no,no,no,no,two,normal,no,no,no,pescetarian,no,no,no,filtered,rarely,daily,never,occasionally,daily,daily,daily,rarely,daily,daily,rarely,never,never,never,rarely,never,occasionally,never,daily,never,rarely,daily,occasionally,6.5,high_school,4,yes,no,103,57585,1,ACTGCATA ,GTGYCAGCMGCCGCGGTA,ACTGAGCG 
SRR7611479,AthleteBeforeRace,SG08,-2,19-Apr,YES,22,120,19.4,SRR7611479,medium,ten_fold,1,H9,hours,15,Good,8,Good,,,female,white,not_hispanic/latino,USA,single,Daily,yes,club/intramural,yes,outdoors,no,no,no,no,no,no,no,no,no,no,no,no,no,no,no,no,no,no,two,normal,no,no,no,pescetarian,no,no,no,filtered,rarely,daily,never,occasionally,daily,daily,daily,rarely,daily,daily,rarely,never,never,never,rarely,never,occasionally,never,daily,never,rarely,daily,occasionally,6.5,high_school,4,yes,no,104,178393,1,ACTGCATA ,GTGYCAGCMGCCGCGGTA,CCTAAGAC 
SRR7611480,control,SG27,2,26-May,YES,39,114,20.8,SRR7611480,medium,ten_fold,1,H6,hours,15,faint,8,Robust,,,male,asian,not_hispanic/latino,South_Korea,married,occasionally,no,,no,outdoors,no,no,no,no,no,yes,no,no,no,no,no,no,no,no,no,no,no,no,one,normal,no,no,no,omnivore,no,multivitamin,calcium,bottled,daily,daily,occasionally,occasionally,daily,daily,daily,daily,occasionally,occasionally,regularly,regularly,occasionally,regularly,occasionally,occasionally,regularly,daily,regularly,never,occasionally,daily,daily,7.5,graduate/professional,5,yes,no,101,57241,0,ACTGCATA ,GTGYCAGCMGCCGCGGTA,ATGCGCAG 
SRR7611481,AthleteBeforeRace,SG08,-4,17-Apr,YES,22,120,19.4,SRR7611481,medium,ten_fold,1,H7,overnight,15,Good,8,Robust,,,female,white,not_hispanic/latino,USA,single,Daily,yes,club/intramural,yes,outdoors,no,no,no,no,no,no,no,no,no,no,no,no,no,no,no,no,no,no,two,normal,no,no,no,pescetarian,no,no,no,filtered,rarely,daily,never,occasionally,daily,daily,daily,rarely,daily,daily,rarely,never,never,never,rarely,never,occasionally,never,daily,never,rarely,daily,occasionally,6.5,high_school,4,yes,no,102,29108,1,ACTGCATA ,GTGYCAGCMGCCGCGGTA,TAGCGCTC 
SRR7611482,AthleteAfterRace,SG08,2,22-Apr,YES,22,120,19.4,SRR7611482,medium,ten_fold,2,A1,hours,15,Good,8,Good,,,female,white,not_hispanic/latino,USA,single,Daily,yes,club/intramural,yes,outdoors,no,no,no,no,no,no,no,no,no,no,no,no,no,no,no,no,no,no,two,normal,no,no,no,pescetarian,no,no,no,filtered,rarely,daily,never,occasionally,daily,daily,daily,rarely,daily,daily,rarely,never,never,never,rarely,never,occasionally,never,daily,never,rarely,daily,occasionally,6.5,high_school,4,yes,no,107,119830,1,AAGGAGTA ,GTGYCAGCMGCCGCGGTA,TAAGGCGA 
SRR7611483,AthleteAfterRace,SG08,3,23-Apr,YES,22,120,19.4,SRR7611483,high,ten_fold,2,A2,overnight,15,Good,8,Good,,,female,white,not_hispanic/latino,USA,single,Daily,yes,club/intramural,yes,outdoors,no,no,no,no,no,no,no,no,no,no,no,no,no,no,no,no,no,no,two,normal,no,no,no,pescetarian,no,no,no,filtered,rarely,daily,never,occasionally,daily,daily,daily,rarely,daily,daily,rarely,never,never,never,rarely,never,occasionally,never,daily,never,rarely,daily,occasionally,6.5,high_school,4,yes,no,108,170142,1,AAGGAGTA ,GTGYCAGCMGCCGCGGTA,CGTACTAG 
SRR7611484,AthleteBeforeRace,SG08,-1,20-Apr,YES,22,120,19.4,SRR7611484,medium,ten_fold,1,H10,overnight,15,Good,8,,,,female,white,not_hispanic/latino,USA,single,Daily,yes,club/intramural,yes,outdoors,no,no,no,no,no,no,no,no,no,no,no,no,no,no,no,no,no,no,two,normal,no,no,no,pescetarian,no,no,no,filtered,rarely,daily,never,occasionally,daily,daily,daily,rarely,daily,daily,rarely,never,never,never,rarely,never,occasionally,never,daily,never,rarely,daily,occasionally,6.5,high_school,4,yes,no,105,115471,1,ACTGCATA ,GTGYCAGCMGCCGCGGTA,CGATCAGT 
SRR7611485,AthleteAfterRace,SG08,1,21-Apr,YES,22,120,19.4,SRR7611485,medium,ten_fold,1,H11redo,hours,15,,8,,Good,Robust,female,white,not_hispanic/latino,USA,single,Daily,yes,club/intramural,yes,outdoors,no,no,no,no,no,no,no,no,no,no,no,no,no,no,no,no,no,no,two,normal,no,no,no,pescetarian,no,no,no,filtered,rarely,daily,never,occasionally,daily,daily,daily,rarely,daily,daily,rarely,never,never,never,rarely,never,occasionally,never,daily,never,rarely,daily,occasionally,6.5,high_school,4,yes,no,106,115528,1,TTCTAGCT ,GTGYCAGCMGCCGCGGTA,CCTAAGAC 
SRR7611486,AthleteAfterRace,SG07,4,23-Apr,YES,29,272,33.1,SRR7611486,high,ten_fold,1,G10redo,overnight,15,,8,,Good,Robust,male,white,not_hispanic/latino,USA,single,daily,yes,club/intramural,yes,outdoors,no,yes,no,no,no,no,no,no,no,no,no,no,no,no,no,yes,no,no,two,normal,no,no,no,omnivore,no,no,no,filtered,daily,never,never,daily,daily,occasionally,regularly,rarely,daily,never,rarely,daily,regularly,regularly,occasionally,regularly,regularly,daily,daily,never,occasionally,daily,rarely,5.5,bachelors,2,yes,no,93,7275,1,TTCTAGCT ,GTGYCAGCMGCCGCGGTA,ACTGAGCG 
