taxa,SRR7611279,SRR7611280,SRR7611281,SRR7611282,SRR7611283,SRR7611284,SRR7611285,SRR7611286,SRR7611287,SRR7611288,SRR7611289,SRR7611290,SRR7611291,SRR7611292,SRR7611293,SRR7611294,SRR7611295,SRR7611296,SRR7611297,SRR7611298,SRR7611299,SRR7611300,SRR7611301,SRR7611302,SRR7611303,SRR7611304,SRR7611305,SRR7611306,SRR7611307,SRR7611308,SRR7611309,SRR7611310,SRR7611311,SRR7611312,SRR7611313,SRR7611314,SRR7611315,SRR7611316,SRR7611317,SRR7611318,SRR7611319,SRR7611320,SRR7611321,SRR7611322,SRR7611323,SRR7611324,SRR7611325,SRR7611326,SRR7611327,SRR7611328,SRR7611329,SRR7611330,SRR7611331,SRR7611332,SRR7611333,SRR7611334,SRR7611335,SRR7611336,SRR7611337,SRR7611338,SRR7611339,SRR7611340,SRR7611341,SRR7611342,SRR7611343,SRR7611344,SRR7611345,SRR7611346,SRR7611347,SRR7611348,SRR7611349,SRR7611350,SRR7611351,SRR7611352,SRR7611353,SRR7611354,SRR7611355,SRR7611356,SRR7611357,SRR7611358,SRR7611359,SRR7611360,SRR7611361,SRR7611362,SRR7611363,SRR7611364,SRR7611365,SRR7611366,SRR7611367,SRR7611368,SRR7611369,SRR7611370,SRR7611371,SRR7611372,SRR7611373,SRR7611374,SRR7611375,SRR7611376,SRR7611377,SRR7611378,SRR7611379,SRR7611380,SRR7611381,SRR7611382,SRR7611383,SRR7611384,SRR7611385,SRR7611386,SRR7611387,SRR7611388,SRR7611389,SRR7611390,SRR7611391,SRR7611392,SRR7611393,SRR7611394,SRR7611395,SRR7611396,SRR7611397,SRR7611398,SRR7611399,SRR7611400,SRR7611401,SRR7611402,SRR7611403,SRR7611404,SRR7611405,SRR7611406,SRR7611407,SRR7611408,SRR7611409,SRR7611410,SRR7611411,SRR7611412,SRR7611413,SRR7611414,SRR7611415,SRR7611416,SRR7611417,SRR7611418,SRR7611419,SRR7611420,SRR7611421,SRR7611422,SRR7611423,SRR7611424,SRR7611425,SRR7611426,SRR7611427,SRR7611428,SRR7611429,SRR7611430,SRR7611431,SRR7611432,SRR7611433,SRR7611434,SRR7611435,SRR7611436,SRR7611437,SRR7611438,SRR7611439,SRR7611440,SRR7611441,SRR7611442,SRR7611443,SRR7611444,SRR7611445,SRR7611446,SRR7611447,SRR7611448,SRR7611449,SRR7611450,SRR7611451,SRR7611452,SRR7611453,SRR7611454,SRR7611455,SRR7611456,SRR7611457,SRR7611458,SRR7611459,SRR7611460,SRR7611461,SRR7611462,SRR7611463,SRR7611464,SRR7611465,SRR7611466,SRR7611467,SRR7611468,SRR7611469,SRR7611470,SRR7611471,SRR7611472,SRR7611473,SRR7611474,SRR7611475,SRR7611476,SRR7611477,SRR7611478,SRR7611479,SRR7611480,SRR7611481,SRR7611482,SRR7611483,SRR7611484,SRR7611485,SRR7611486,taxonomy
Bacteroides vulgatus,4358,3070,3233,3025,5166,1383,6622,6342,5209,2149,3565,8741,993,2322,1059,589,1722,1570,1547,1392,5301,157,7316,12877,1779,6333,704,138,5939,564,1955,3710,11,13,16,14,2251,40529,2097,18065,660,2936,777,1184,1780,1740,4137,629,12719,12891,13055,5896,11065,645,559,7584,7942,6747,1954,763,741,4660,1775,2542,2957,0,250,304,163,521,159,279,2942,62,1044,793,1452,3446,0,1595,2043,3117,11696,32,0,0,2793,1904,4214,7675,387,1276,6814,6605,10645,3178,4558,4955,0,0,0,0,0,0,0,0,7283,3529,7,2134,5548,3010,344,2359,7470,12375,5950,5425,11877,1980,1610,261,10,5147,2617,4569,12026,0,0,0,0,0,0,1930,9089,4739,7409,2810,1447,179,0,0,0,0,0,460,751,5171,2110,2640,697,2006,4787,4758,5492,6781,11,2984,2161,14866,12142,2234,0,546,4321,0,0,1730,7940,166,34746,7782,12887,0,0,0,0,6112,5313,9398,13683,11134,2919,7444,4489,3725,1797,3031,2008,5303,2554,0,73,6375,3268,1853,710,8476,2184,12029,5785,1206,14262,7874,6227,6774,4850,3418,Bacteria;Bacteroidota;Bacteroidia;Bacteroidales;Bacteroidaceae;Bacteroides;Bacteroides vulgatus
Faecalibacterium prausnitzii,974,1591,1238,1101,1581,316,1144,1302,1509,1467,703,891,1720,1374,1020,914,1288,2044,1961,1208,2034,135,448,628,1129,329,47,43,2793,22,734,970,0,3,3,4,1927,6566,3863,3024,390,3274,621,945,1097,705,853,286,2915,2065,1974,3449,2261,1046,1621,1571,1113,2227,2045,1155,573,2520,1068,2304,1941,275,156,133,98,365,112,174,3135,13,1808,1566,2442,2651,1348,4596,1648,4400,5106,105,255,756,607,901,1156,1172,1981,2158,2140,2649,1370,601,1883,1330,507,990,286,1970,5105,901,2097,1012,973,221,0,283,1057,222,50,7695,646,549,855,3949,1524,1041,768,361,6,3090,8307,1363,8347,1014,474,1024,423,3214,1728,550,4452,1148,2615,1543,544,308,287,1058,401,939,1245,965,1154,1865,1288,1046,433,1261,517,1656,2768,2026,0,635,556,6024,4249,3416,814,194,2564,508,706,865,4147,347,8906,2167,2752,311,8592,1178,455,2565,3731,3128,2597,2676,5531,3321,616,253,2756,2352,4965,1467,1753,1353,2681,6532,2054,1233,2163,2457,2743,5537,758,155,3384,1130,1169,1807,1625,3254,Bacteria;Firmicutes;Clostridia;Oscillospirales;Ruminococcaceae;Faecalibacterium;Faecalibacterium prausnitzii
Bacteroides uniformis,685,532,189,640,319,74,1423,1245,1586,935,3012,6435,262,2112,543,237,909,193,543,617,653,26,1369,3214,244,1316,2784,869,2926,575,613,1117,0,0,0,0,1489,0,389,0,199,770,655,710,1289,1417,1823,713,0,0,0,0,10,253,495,0,0,1894,464,476,229,1356,646,1048,1069,659,809,1887,949,3002,899,1074,2503,153,605,547,254,600,1137,281,100,427,1542,345,541,506,1447,337,1424,3309,551,860,1257,609,3810,1458,4465,4407,2693,2828,569,4485,5705,836,3526,1510,0,1684,0,884,3232,2839,318,1155,5977,3249,462,545,224,42,263,0,0,1110,11,22,427,232,184,205,167,241,164,1166,4580,2352,4791,665,325,196,0,0,0,0,13,420,379,3665,1908,2044,597,1920,2637,2324,5722,4406,0,3150,2095,14580,12760,2883,1299,386,3085,547,920,290,5155,297,8196,3367,6706,13,0,0,0,728,3834,5573,4812,5700,1182,4836,3479,1797,491,2044,859,3149,1770,118,190,3847,1079,337,257,5639,2083,10580,3501,558,13270,4778,4674,5552,1911,1183,Bacteria;Bacteroidota;Bacteroidia;Bacteroidales;Bacteroidaceae;Bacteroides;Bacteroides uniformis
Bacteroides dorei,198,346,123,275,0,0,0,0,355,1457,0,0,0,196,0,0,147,0,381,173,1089,28,2157,1775,458,1821,0,0,1218,0,256,83,0,0,0,0,0,0,244,0,101,466,0,0,0,0,0,0,0,0,0,0,0,156,168,0,0,369,682,78,163,0,0,0,360,1326,96,0,0,0,0,0,4688,0,2575,1278,128,421,1546,200,284,290,2565,376,441,804,234,829,0,0,155,338,184,229,0,0,3669,5123,2281,4026,979,8213,3852,1019,2662,1592,0,768,0,373,1058,791,89,741,1930,2626,1129,2253,6270,1276,962,59,0,1246,848,3870,7457,705,636,1149,1051,2815,1714,0,0,0,0,5159,1761,470,922,3408,1830,3864,6710,1132,2426,0,172,237,0,46,0,0,0,334,0,2373,2906,10504,9442,6528,1831,1577,12249,734,1559,144,0,464,0,0,0,733,20658,1855,2338,2253,925,2354,2170,2023,229,1468,699,139,595,193,154,488,243,2762,4218,777,269,455,3056,0,50,0,0,0,0,0,0,0,0,398,Bacteria;Bacteroidota;Bacteroidia;Bacteroidales;Bacteroidaceae;Bacteroides;Bacteroides dorei
Bacteroides plebeius,0,0,0,0,0,0,0,0,0,0,0,0,1062,321,582,561,219,537,194,164,0,0,0,0,0,0,617,265,0,689,0,0,0,0,0,0,0,0,0,12,0,0,0,0,0,0,0,0,9,0,6,9,0,0,0,0,0,0,0,0,0,0,0,0,0,1013,573,881,327,1252,605,891,0,66,0,0,0,0,0,0,0,0,0,0,6,0,0,0,0,0,0,0,0,0,0,0,6491,4179,2025,3713,593,7455,22709,6291,11895,3331,0,3,0,5,60,0,0,26,0,0,3,4,0,0,0,0,0,0,0,0,0,0,0,0,0,0,5,0,0,40,0,0,0,17,0,0,0,0,10,0,0,5,274,60,5,8,6,0,0,6,0,2483,2325,18794,30678,5524,0,2330,22241,0,0,117,0,0,0,3,0,0,0,4,0,0,0,0,0,5,0,109,0,0,63,0,0,0,0,0,0,0,0,0,0,0,437,0,0,0,0,0,0,0,0,3,Bacteria;Bacteroidota;Bacteroidia;Bacteroidales;Bacteroidaceae;Bacteroides;Bacteroides plebeius
Alistipes putredinis,1904,1625,246,1293,463,104,2107,1735,1818,1278,778,1297,959,955,706,550,455,948,304,448,0,0,0,0,0,0,1952,528,0,527,644,1164,4,0,0,2,841,0,733,2,204,562,747,504,580,486,1140,660,0,0,0,6,0,0,4,0,0,1105,520,10,7,1235,670,473,528,240,639,1978,1205,3426,1171,1189,991,83,907,203,1052,1151,1464,1087,551,1040,0,102,379,313,550,77,139,166,36,13,34,77,83,41,1178,1414,372,895,174,1731,3841,357,1340,705,0,367,0,256,863,297,46,21,640,958,0,11,0,13,6,0,3,10,0,11,144,804,526,1591,977,2135,1284,438,1745,1516,1952,1178,228,132,324,619,314,950,1544,232,350,706,1436,573,117,396,690,528,923,528,0,793,763,3901,3725,1526,1684,335,2423,950,1851,247,2842,521,7798,2117,2569,509,4845,813,642,0,6,0,7,419,33,675,618,393,158,376,237,1213,340,2064,1133,1249,254,37,340,1126,2380,1842,534,401,2019,949,965,640,636,1355,Bacteria;Bacteroidota;Bacteroidia;Bacteroidales;Rikenellaceae;Alistipes;Alistipes putredinis
Bacteroides thetaiotaomicron,665,317,86,269,101,0,542,417,556,282,988,1958,112,572,199,108,335,35,292,213,40,0,238,329,19,224,641,147,749,99,222,387,0,0,0,0,170,12848,109,3951,62,426,29,103,104,113,327,28,3537,3843,4080,645,2562,96,111,1781,1750,450,67,101,80,176,128,38,90,88,192,418,325,960,219,397,1285,48,588,381,232,438,733,109,52,478,127,377,29,64,176,115,24,12,88,170,101,6,16,0,228,366,126,307,66,605,192,36,130,36,1229,31,11,69,191,0,0,262,109,19,898,580,3405,345,637,22,0,634,207,2592,2234,111,124,82,115,128,91,124,546,451,618,510,310,116,180,501,202,199,526,226,227,366,553,613,158,585,1847,2088,2408,811,0,400,433,1111,2106,488,289,118,885,215,384,52,704,132,2782,922,1748,32,1413,306,149,1171,408,699,1321,455,163,889,244,169,240,104,54,417,219,112,255,410,61,55,218,491,852,516,181,68,508,1266,823,716,313,406,Bacteria;Bacteroidota;Bacteroidia;Bacteroidales;Bacteroidaceae;Bacteroides;Bacteroides thetaiotaomicron
Bacteroides stercoris,563,745,341,1100,184,37,434,481,524,597,58,47,101,1003,94,38,363,97,233,227,0,0,0,0,0,0,0,0,0,0,227,287,0,0,0,0,155,0,0,0,0,0,52,14,103,79,99,54,0,0,0,5,0,23,0,0,0,4732,5423,67,15,5310,6814,2941,4912,239,8,0,0,0,0,0,188,0,108,66,0,0,0,0,0,0,0,0,0,0,0,245,1276,634,82,9,131,195,429,311,3364,1094,792,1335,316,1560,1483,237,592,376,0,417,0,449,1075,89,43,381,10,169,751,169,277,75,17,0,0,30,0,42,444,0,0,0,0,0,0,0,0,0,0,502,115,44,0,0,0,0,0,39,164,75,837,915,90,326,15,198,89,2515,0,434,205,6544,3514,548,0,139,1014,0,0,15,0,12,0,0,0,0,0,0,0,1698,1934,7402,5568,5430,1408,6067,1195,688,258,0,0,58,0,970,1694,0,13,82,976,72,420,0,0,0,0,48,70,0,0,0,Bacteria;Bacteroidota;Bacteroidia;Bacteroidales;Bacteroidaceae;Bacteroides;Bacteroides stercoris
Bacteroides ovatus,3823,2366,557,1621,64,16,177,187,233,317,1332,2259,388,989,247,177,205,128,75,164,307,27,1612,1781,45,1498,357,37,4888,97,104,187,0,0,0,0,356,0,702,0,290,1415,84,107,214,122,656,91,0,0,0,0,0,0,0,0,0,711,307,45,300,992,363,802,145,184,76,109,114,295,136,174,20,24,29,0,1446,1717,77,992,785,2467,680,19,46,52,64,455,1468,2576,22,0,1724,772,2593,1395,0,0,218,443,98,1088,1140,211,561,302,0,30,0,59,140,19,0,21,0,0,28,55,0,12,0,0,0,534,0,0,84,319,396,343,241,438,464,362,1527,819,1433,53,31,27,254,853,478,368,650,114,33,1055,651,957,290,936,1655,1593,1941,190,0,0,0,0,0,0,321,0,0,394,662,91,1641,187,5881,1574,2444,57,2019,664,292,17,50,50,67,25,28,488,114,114,55,291,38,448,153,501,745,190,387,496,613,1391,1014,897,373,97,700,1902,1462,773,639,1809,Bacteria;Bacteroidota;Bacteroidia;Bacteroidales;Bacteroidaceae;Bacteroides;Bacteroides ovatus
Prevotella_9 copri,15,59,259,0,0,0,0,0,0,0,0,0,4679,721,5532,6743,1937,6504,1936,1953,0,0,0,0,0,0,0,0,0,0,204,57,0,0,0,0,532,0,0,0,0,0,128,56,436,0,109,74,0,0,0,0,0,2313,3641,0,0,16,31,929,3519,18,5,4,0,0,17,0,0,0,0,4,1230,0,1411,210,0,0,0,0,0,0,0,0,0,0,665,884,14,11,18639,4048,393,8,0,0,0,0,0,0,5,0,0,0,0,0,0,0,0,28,148,0,0,1146,3,0,0,4279,1131,205,1526,0,0,1157,0,110,1591,0,0,0,0,0,0,0,0,0,0,3195,330,116,0,0,0,0,0,214,542,14,514,219,26,81,88,0,38,73,0,0,0,0,0,0,0,0,0,0,0,5,0,23,0,0,0,0,0,0,0,180,0,0,0,0,0,330,0,3,1465,0,0,82,0,5,0,0,0,85,198,0,833,0,0,46,0,0,8,0,0,0,Bacteria;Bacteroidota;Bacteroidia;Bacteroidales;Prevotellaceae;Prevotella_9;Prevotella_9 copri
Parabacteroides merdae,215,511,147,253,475,91,1163,1343,959,541,427,697,104,264,165,65,120,144,121,111,0,0,0,0,0,0,0,0,0,0,308,543,3,0,0,0,1144,0,0,0,0,0,732,511,773,690,866,618,0,0,0,0,0,197,636,0,0,354,319,253,111,611,298,417,306,160,21,0,0,0,0,0,342,0,473,200,0,0,1776,0,0,0,0,957,399,425,387,229,59,96,508,1048,160,49,77,36,574,457,362,647,102,1140,2043,189,831,445,0,55,0,12,49,21,0,94,0,12,0,308,72,30,201,0,0,383,0,0,165,0,0,0,0,0,0,272,1497,928,1270,753,455,122,0,0,0,0,0,155,281,112,254,185,47,197,446,228,382,476,0,313,320,2234,1278,418,0,221,2054,4,0,359,2748,52,9714,2243,2501,0,0,0,0,0,0,0,0,5,3,82,246,201,125,812,368,775,429,604,772,1441,270,65,656,84,411,0,0,177,0,436,225,0,0,0,Bacteria;Bacteroidota;Bacteroidia;Bacteroidales;Tannerellaceae;Parabacteroides;Parabacteroides merdae
Bacteroides fragilis,52,130,31,55,0,0,0,0,0,0,51,77,15,363,0,32,31,12,31,48,66,0,174,97,197,263,7347,2987,165,378,0,0,0,0,0,0,27,1523,356,513,113,455,0,1401,21,221,22,0,115,225,536,159,386,0,0,426,299,366,30,0,12,176,56,59,89,0,170,339,1982,5734,644,7341,0,75,0,0,631,551,84,291,190,856,138,910,0,169,0,28,179,377,7,0,98,79,153,91,0,0,0,0,0,0,0,0,0,0,183,42,0,47,116,0,0,0,70,89,0,0,0,6,0,0,0,32,0,0,16,0,0,0,0,0,0,404,1339,1589,1538,0,0,8,134,429,183,201,536,0,0,117,201,122,23,56,213,45,63,29,0,0,0,0,0,0,0,0,0,0,0,927,1441,13,4440,1554,3186,376,1906,939,195,0,0,0,0,49,0,162,48,0,0,29,0,11,21,0,0,0,19,32,18,143,477,445,223,33,411,72,106,204,670,713,Bacteria;Bacteroidota;Bacteroidia;Bacteroidales;Bacteroidaceae;Bacteroides;Bacteroides fragilis
Alistipes onderdonkii,578,527,102,405,102,26,586,519,557,378,197,361,30,145,26,11,62,23,35,35,0,0,0,0,0,0,4627,1026,0,449,206,307,0,0,0,0,138,0,62,0,14,42,69,93,90,200,323,92,0,0,0,0,0,0,0,0,0,71,67,0,6,59,37,33,90,227,1227,3341,2241,6859,2047,2109,551,209,134,73,113,92,1262,97,44,74,0,224,244,258,473,36,73,109,0,12,19,29,54,39,160,251,244,885,181,1434,1251,149,255,342,0,430,0,228,584,128,24,117,333,720,65,28,21,8,11,0,0,8,0,0,41,293,456,595,441,202,108,0,0,0,0,75,38,91,9,0,0,0,0,160,41,53,138,197,50,150,136,115,374,244,0,459,447,766,1405,339,1522,157,956,1528,2756,7,0,576,0,0,0,0,0,0,0,58,359,644,451,900,254,734,477,244,22,380,169,1058,373,672,265,1137,272,28,126,53,140,53,22,139,16,223,136,20,26,116,Bacteria;Bacteroidota;Bacteroidia;Bacteroidales;Rikenellaceae;Alistipes;Alistipes onderdonkii
Bacteroides cellulosilyticus,0,0,0,0,22,10,352,242,647,356,56,113,67,52,133,39,59,182,51,53,0,0,0,0,0,0,0,0,0,0,239,450,0,0,0,0,201,0,0,0,0,0,108,170,129,48,77,81,0,0,0,0,0,0,0,0,0,0,53,0,0,15,0,13,458,0,0,0,0,0,0,0,298,0,122,42,0,0,0,0,0,0,0,0,0,0,0,67,14,0,0,0,0,25,0,0,26,16,0,0,0,0,0,0,0,0,0,1058,0,476,1908,861,106,0,1883,3755,0,0,0,0,0,0,0,0,0,0,21,215,240,446,313,2617,3040,51,282,131,193,162,56,42,1129,3366,1684,2232,3510,65,58,190,82,89,0,0,0,0,0,0,0,136,79,327,267,25,1259,14,116,1029,1886,0,241,449,466,237,532,579,8214,2582,1550,0,0,0,0,2048,150,552,747,213,0,0,0,0,0,208,393,0,0,30,212,346,15,991,283,13,860,179,253,364,103,0,Bacteria;Bacteroidota;Bacteroidia;Bacteroidales;Bacteroidaceae;Bacteroides;Bacteroides cellulosilyticus
Butyrivibrio crossotus,0,0,598,0,0,0,0,0,0,0,0,0,0,0,0,0,72,0,947,191,0,0,0,0,0,0,0,0,0,0,531,116,0,0,0,0,0,0,0,0,0,0,0,0,0,0,0,0,0,0,0,0,0,6635,3272,0,0,75,136,2751,2560,0,0,0,0,0,0,0,0,0,0,0,0,0,0,0,0,0,0,0,0,0,0,0,0,0,331,2001,0,0,9603,6199,1099,0,0,0,0,0,0,0,0,0,0,0,0,0,0,0,0,0,0,0,0,2692,0,0,0,9060,1805,176,1269,0,0,3493,0,0,939,0,0,0,0,0,0,0,0,0,0,0,0,0,0,0,0,0,0,0,0,0,0,0,0,0,0,0,0,0,0,0,0,0,0,0,0,0,0,0,0,0,0,0,0,0,0,0,0,0,0,99,0,0,0,0,0,0,0,0,1960,0,0,0,0,0,0,0,0,208,250,0,0,0,0,0,0,0,0,0,0,0,Bacteria;Firmicutes;Clostridia;Lachnospirales;Lachnospiraceae;Butyrivibrio;Butyrivibrio crossotus
Coprococcus eutactus,1160,672,27,437,259,64,463,697,453,194,162,153,836,331,350,617,193,431,195,200,0,0,0,0,0,0,23,39,0,13,70,172,0,0,0,0,1173,0,168,0,50,101,1063,643,786,881,298,606,0,0,0,0,0,32,0,0,0,13,6,76,23,0,0,0,0,0,140,73,10,54,14,22,5861,0,2018,1627,115,69,0,84,74,131,0,14,0,0,86,7,0,0,10,0,25,5,0,0,0,0,0,0,0,0,0,0,0,0,0,0,0,54,153,0,0,209,0,0,20,57,42,0,0,0,0,84,0,0,7,0,0,0,0,0,0,0,0,0,0,8363,4181,741,93,250,104,528,700,1267,3058,38,202,183,27,66,150,126,35,189,0,0,0,0,0,0,0,0,0,19,21,0,0,193,0,0,0,670,5682,419,293,105,594,81,155,134,245,827,22,0,80,141,464,219,299,28,47,848,312,14,0,0,257,0,0,58,0,97,83,0,0,182,Bacteria;Firmicutes;Clostridia;Lachnospirales;Lachnospiraceae;Coprococcus;Coprococcus eutactus
Roseburia inulinivorans,162,258,215,216,669,114,832,1944,544,187,5,11,66,30,65,88,40,136,39,32,2565,257,408,750,248,723,0,0,17786,0,46,89,0,0,0,0,0,0,426,0,68,928,0,0,0,0,0,0,0,0,0,0,0,103,0,0,0,224,139,84,52,347,77,178,88,0,0,0,0,0,0,0,0,0,63,0,184,724,0,515,218,626,8025,0,0,0,37,0,112,237,45,73,148,191,133,106,521,165,72,40,0,156,1172,132,280,39,0,33,0,0,0,8,0,43,23,0,26,0,72,38,26,0,0,175,101,61,415,0,0,0,0,0,0,12,95,14,67,0,0,0,19,0,27,98,0,0,0,0,0,0,0,7,32,37,56,126,0,43,0,1257,1195,687,0,19,220,0,0,22,193,0,494,108,478,0,0,224,47,9,7,7,19,0,0,0,34,0,47,188,227,101,370,0,0,454,296,0,0,0,51,0,0,0,0,8,0,0,0,435,Bacteria;Firmicutes;Clostridia;Lachnospirales;Lachnospiraceae;Roseburia;Roseburia inulinivorans
Bacteroides eggerthii,0,0,14,0,0,0,0,0,191,566,14,0,0,477,0,0,44,0,71,29,0,0,0,0,0,0,0,0,0,0,76,15,0,0,0,0,0,0,0,0,0,0,0,0,0,0,0,0,0,0,0,0,0,0,0,0,0,69,197,0,0,0,0,0,0,56,0,0,0,0,0,0,0,0,0,0,0,0,2786,0,0,0,0,471,931,1091,0,114,0,0,0,0,54,113,0,0,0,0,201,219,57,428,271,55,125,131,0,76,0,147,532,0,0,276,0,0,221,68,65,0,0,0,0,24,8,0,0,0,0,0,0,0,0,854,3431,1482,3316,0,0,0,0,0,0,0,0,0,0,23,373,465,26,119,0,130,23,747,0,0,0,0,0,0,0,0,0,0,0,45,3250,27,7869,2087,2125,0,0,0,0,349,1759,4265,1905,1870,362,2683,71,0,93,0,0,0,0,1385,1540,0,0,73,373,27,102,0,0,0,0,0,23,0,0,0,Bacteria;Bacteroidota;Bacteroidia;Bacteroidales;Bacteroidaceae;Bacteroides;Bacteroides eggerthii
Dialister invisus,292,437,0,84,234,32,562,616,193,95,0,0,0,226,0,0,79,0,233,83,0,0,147,250,0,194,124,64,3097,26,47,99,0,0,0,0,0,0,494,0,109,553,0,0,0,0,0,0,0,0,0,0,11,0,0,0,0,182,0,0,75,7,9,149,6,0,38,145,79,258,86,93,0,0,0,0,1079,957,0,902,402,1227,0,0,0,0,0,86,140,37,0,0,123,36,475,287,2085,367,0,0,0,0,0,0,0,0,0,36,0,109,225,0,5,1539,0,0,88,161,143,0,0,0,0,61,6,12,0,0,0,0,0,0,0,255,1075,565,1466,0,0,0,0,0,0,0,0,0,0,26,180,235,82,270,0,21,0,759,0,295,464,2130,1844,642,0,76,973,0,0,121,1574,0,4109,1011,2008,0,0,0,0,547,2444,837,1047,1176,1541,2056,70,4,198,56,0,25,0,0,0,0,36,49,37,18,88,0,0,0,0,0,9,0,0,1078,Bacteria;Firmicutes;Negativicutes;Veillonellales-Selenomonadales;Veillonellaceae;Dialister;Dialister invisus
Bacteroides caccae,576,385,187,498,3218,627,1267,652,887,335,198,432,80,90,67,57,167,141,98,68,246,0,1009,1020,80,1093,0,0,1321,0,213,403,0,0,0,0,13,0,0,0,0,0,8,26,0,23,20,11,0,0,0,0,0,14,0,0,0,441,83,0,25,557,242,119,184,164,18,0,0,0,0,0,414,0,179,75,0,0,209,0,0,0,664,64,68,195,394,0,45,56,0,0,0,0,36,15,60,117,253,1446,284,1085,784,141,324,328,0,14,0,0,0,11,9,53,30,0,122,194,1458,177,189,10,0,183,105,652,982,513,370,597,557,953,826,0,0,0,0,690,480,145,0,0,0,0,0,119,135,283,72,68,28,140,344,157,308,505,0,105,109,484,643,230,1221,97,750,462,736,0,0,247,0,0,0,0,0,0,0,395,0,14,121,0,0,38,685,552,83,497,226,805,214,0,0,1041,458,0,0,406,121,1435,467,27,1210,331,422,305,546,0,Bacteria;Bacteroidota;Bacteroidia;Bacteroidales;Bacteroidaceae;Bacteroides;Bacteroides caccae
Bacteroides massiliensis,122,75,0,0,0,0,0,0,0,0,0,0,0,0,0,0,0,0,0,0,0,0,0,0,0,0,0,0,0,0,0,0,0,0,0,0,0,0,0,0,0,0,0,0,0,0,0,0,0,0,0,0,0,0,0,0,0,0,0,0,0,0,0,0,0,438,38,0,0,0,0,0,1214,0,1384,698,0,0,0,0,0,0,0,0,0,0,920,0,0,0,11,11,0,0,15,0,1571,3537,572,2387,592,2346,1669,434,1478,608,0,0,0,0,0,0,0,0,0,0,0,0,0,9,21,0,0,0,0,0,71,0,0,0,0,0,0,0,0,5,0,2374,909,211,0,0,0,0,0,693,1202,0,0,0,0,0,0,0,0,0,0,937,486,6385,5871,868,0,375,2740,0,16,26,0,48,0,0,0,0,0,0,0,0,0,0,0,0,0,0,0,0,0,799,603,1623,672,0,0,2796,747,0,0,0,0,0,0,0,0,0,0,0,0,0,Bacteria;Bacteroidota;Bacteroidia;Bacteroidales;Bacteroidaceae;Bacteroides;Bacteroides massiliensis
Roseburia intestinalis,0,0,66,0,0,0,0,0,78,334,0,0,0,0,0,0,53,0,118,44,926,147,167,445,119,227,18,14,6556,0,96,24,0,0,0,7,0,987,0,23,0,0,0,0,0,0,0,0,112,47,294,194,461,145,59,43,112,0,150,48,114,0,0,0,0,34,69,70,36,109,88,188,0,15,0,0,0,0,0,0,0,0,2603,0,0,0,0,469,0,0,228,58,74,66,0,0,203,98,65,42,11,177,35,0,0,0,0,0,0,0,0,0,0,294,17,0,0,1541,248,629,92,0,0,319,53,131,4977,260,62,345,257,363,297,57,761,0,387,23,0,0,47,195,54,154,47,0,0,0,0,0,0,0,0,0,0,0,0,13,26,673,572,104,80,0,26,119,145,0,1571,69,1108,581,1175,0,1601,142,31,125,0,0,0,0,0,0,0,0,195,0,0,0,0,1232,860,0,0,365,2539,0,0,0,0,0,0,0,0,0,0,0,Bacteria;Firmicutes;Clostridia;Lachnospirales;Lachnospiraceae;Roseburia;Roseburia intestinalis
Akkermansia muciniphila,26,0,0,5,0,0,0,0,9,40,113,215,0,137,0,0,2,0,0,0,0,0,0,0,0,0,0,0,0,0,3,0,2,0,0,0,31,0,92,0,17,26,11,40,12,6,3,5,0,0,0,0,0,0,0,0,0,5064,266,0,0,111,17,33,435,0,0,0,0,0,0,0,83,0,10,20,271,16,2000,142,29,62,0,1260,742,875,9,0,8,20,4,0,0,10,29,7,281,1415,2,0,0,0,0,0,0,0,0,20,0,37,371,0,0,0,0,10,9,0,0,5,0,0,0,0,0,0,21,71,52,138,121,228,102,55,533,607,544,21,28,0,254,679,139,247,445,48,11,232,104,144,18,41,0,5,0,41,0,433,513,625,1143,1260,695,132,2412,123,387,417,1950,44,1042,388,320,788,988,192,53,2,104,241,57,302,285,1230,48,10,0,47,59,39,13,127,48,78,15,0,3,494,43,648,81,9,738,176,266,0,0,257,Bacteria;Verrucomicrobiota;Verrucomicrobiae;Verrucomicrobiales;Akkermansiaceae;Akkermansia;Akkermansia muciniphila
Bacteroides coprocola,0,0,0,0,1136,169,8414,8825,4632,2005,0,0,77,40,35,41,21,101,28,24,0,0,0,0,0,0,0,0,0,0,2112,4046,0,0,0,0,390,0,0,0,0,0,99,72,265,72,1944,55,0,0,0,0,0,0,0,0,0,0,0,0,0,0,0,0,0,0,0,0,0,0,0,0,0,0,0,0,0,0,0,0,0,0,0,0,0,0,0,6,0,0,0,0,0,0,0,0,0,0,0,0,0,0,0,0,0,0,0,0,0,0,0,0,0,0,0,0,0,0,0,0,0,0,0,0,0,0,0,0,0,0,0,0,0,0,0,0,0,0,0,0,0,0,0,0,0,0,0,0,27,0,0,0,0,0,0,0,0,0,0,0,0,0,0,0,0,0,0,0,0,0,0,0,0,0,0,0,0,0,0,0,0,0,0,19,0,0,11,0,0,0,0,0,0,0,4,0,4,0,44,0,0,238,0,0,0,0,0,0,Bacteria;Bacteroidota;Bacteroidia;Bacteroidales;Bacteroidaceae;Bacteroides;Bacteroides coprocola
Lachnospiraceae NK4A136 group bacterium,85,350,0,176,98,23,294,587,520,266,150,258,0,0,0,0,0,0,0,0,0,0,0,0,0,0,48,0,7,4,111,233,0,0,0,0,0,0,70,0,0,0,0,0,0,0,103,0,0,0,0,0,0,53,88,0,0,24,0,57,42,0,0,0,0,185,27,28,0,32,0,0,1055,12,320,210,0,0,43,0,0,0,0,0,23,21,0,29,0,81,342,217,0,0,55,30,0,0,194,156,43,1635,556,207,555,57,0,50,0,0,46,60,0,35,183,168,33,125,0,45,27,15,0,111,77,52,268,133,141,207,111,1085,731,10,31,11,26,897,274,46,324,259,141,260,450,288,1171,877,0,28,0,13,0,26,76,0,0,0,0,0,0,0,288,0,0,166,150,10,37,80,0,0,91,0,1315,199,118,0,13,48,38,148,30,49,53,0,34,0,0,49,0,20,7,78,57,0,0,1435,0,2722,941,0,2505,624,846,2775,1253,0,Bacteria;Firmicutes;Clostridia;Lachnospirales;Lachnospiraceae;Lachnospiraceae NK4A136 group;Lachnospiraceae NK4A136 group bacterium
Anaerostipes hadrus,181,127,114,122,224,44,143,192,73,77,19,23,7,38,16,14,37,10,66,30,572,21,166,410,175,174,65,25,1917,21,43,28,0,0,0,0,294,373,71,274,11,94,238,165,235,160,227,250,161,164,144,96,143,53,30,70,36,108,112,51,21,84,35,96,87,50,76,285,75,241,83,27,589,16,66,101,109,81,777,129,48,120,1291,134,386,363,44,161,80,128,45,46,99,189,135,60,45,96,67,125,30,259,325,54,39,52,103,110,0,93,284,57,29,302,173,114,40,344,218,118,32,66,0,167,846,176,653,200,102,111,155,125,197,28,117,48,89,194,89,21,0,22,20,130,73,59,70,63,37,48,15,65,0,4,0,102,0,25,20,309,288,102,97,0,83,126,278,0,253,81,387,104,211,100,247,0,20,235,121,179,146,318,271,362,227,94,68,156,55,139,101,251,253,281,81,73,483,75,21,738,106,119,461,68,50,77,190,59,Bacteria;Firmicutes;Clostridia;Lachnospirales;Lachnospiraceae;Anaerostipes;Anaerostipes hadrus
Fusicatenibacter saccharivorans,172,74,312,69,256,54,116,119,86,103,74,56,13,80,29,41,32,0,58,45,151,67,95,818,101,160,41,0,996,13,30,56,0,0,0,0,234,810,106,218,11,113,67,58,147,70,146,42,173,124,274,655,176,34,53,94,99,168,146,80,42,227,148,145,109,45,24,35,83,282,127,110,185,0,42,63,76,60,0,166,100,118,625,0,0,0,68,240,144,124,83,95,125,287,178,70,328,173,49,80,43,267,470,33,126,139,144,788,0,229,1108,93,28,427,202,361,17,77,49,0,14,0,0,123,0,0,43,67,29,97,39,120,98,24,134,87,137,150,77,0,25,30,0,139,105,47,57,137,94,114,21,48,46,105,62,134,0,49,14,685,395,246,60,0,120,53,111,16,230,26,461,95,163,31,911,37,27,87,398,225,174,354,260,420,460,43,67,502,104,141,179,159,143,464,86,327,306,182,91,645,99,28,225,79,86,57,173,93,Bacteria;Firmicutes;Clostridia;Lachnospirales;Lachnospiraceae;Fusicatenibacter;Fusicatenibacter saccharivorans
Dorea longicatena,159,39,123,65,91,15,43,58,63,50,34,25,76,82,49,25,52,96,81,84,15,92,22,61,118,50,95,32,96,18,18,19,0,0,0,0,146,0,201,0,19,274,67,48,86,32,133,31,0,0,0,0,0,55,46,0,0,66,88,37,80,200,28,44,0,160,25,79,41,213,70,74,176,0,52,70,116,71,67,590,176,855,75,55,31,44,18,97,124,408,91,65,56,101,79,32,67,27,117,527,116,1972,3307,399,1262,214,0,20,0,25,73,18,4,431,29,20,32,263,100,96,25,22,0,187,530,55,696,197,97,417,154,250,216,9,59,54,77,114,53,13,0,0,0,0,0,53,104,25,80,83,27,122,43,20,75,391,0,0,0,168,117,38,195,0,30,183,309,0,119,102,113,36,65,0,0,0,0,351,927,198,305,334,467,249,55,46,67,133,64,92,66,90,123,229,110,200,175,44,81,114,19,20,90,48,34,26,68,212,Bacteria;Firmicutes;Clostridia;Lachnospirales;Lachnospiraceae;Dorea;Dorea longicatena
Bacteroides salyersiae,0,0,0,0,0,0,0,0,0,0,181,273,29,0,20,24,0,18,6,0,0,0,85,22,0,97,0,0,69,0,0,0,0,0,0,0,132,0,0,0,0,0,67,68,130,81,627,70,0,0,0,0,0,0,0,0,0,0,0,0,0,0,0,0,0,0,23,0,0,0,0,0,1420,0,311,302,0,0,0,0,0,0,0,0,0,23,0,0,0,0,0,0,0,0,0,0,158,183,0,0,0,0,0,0,0,0,0,0,0,0,0,0,0,0,0,0,0,0,0,0,0,0,0,0,0,0,5,295,394,522,334,1911,1346,0,0,0,0,1135,491,136,0,0,0,0,0,319,498,837,0,0,0,0,0,0,0,0,0,99,82,186,291,54,933,13,145,426,883,0,0,267,0,0,0,0,0,0,0,0,0,0,0,0,0,0,0,0,0,0,0,0,0,0,0,0,0,0,0,1472,0,3070,955,108,3057,361,684,1373,288,0,Bacteria;Bacteroidota;Bacteroidia;Bacteroidales;Bacteroidaceae;Bacteroides;Bacteroides salyersiae
Ruminococcus bicirculans,148,141,24,441,9,0,13,9,45,113,125,65,615,186,263,257,88,193,83,96,0,0,6,0,0,5,22,10,103,16,24,12,0,0,0,0,0,58,404,24,49,92,0,0,0,0,0,0,107,22,24,46,50,0,0,17,7,13,53,0,0,36,10,7,20,94,5,20,14,53,23,96,111,6,23,18,171,38,0,588,307,142,0,0,0,0,0,134,6,0,0,0,10,19,0,0,0,0,73,221,96,451,298,118,427,228,15,10,0,53,84,0,0,164,0,0,65,15,13,0,0,0,0,0,0,0,6,12,0,30,22,7,11,228,1645,211,764,189,0,0,0,0,0,0,0,0,54,798,119,81,8,17,0,13,7,71,0,0,0,0,0,0,49,0,0,13,13,9,610,33,883,177,24,0,0,0,0,39,182,461,381,177,55,298,8,0,37,0,0,10,0,299,310,0,0,0,738,1357,180,3158,539,0,1571,163,520,569,905,245,Bacteria;Firmicutes;Clostridia;Oscillospirales;Ruminococcaceae;Ruminococcus;Ruminococcus bicirculans
Alistipes shahii,17,37,16,21,27,9,146,130,149,136,227,383,223,140,201,124,109,239,86,89,0,0,0,0,0,0,0,0,0,0,39,84,0,0,0,0,78,0,272,0,76,198,44,41,69,89,62,26,0,0,0,0,0,34,13,0,0,0,26,40,11,0,0,0,12,89,0,0,0,0,0,0,452,0,192,58,363,295,822,445,212,307,0,118,248,218,0,19,0,0,40,50,27,7,0,0,87,137,126,295,90,624,717,104,248,238,0,84,0,59,217,52,9,28,59,127,0,42,12,0,7,0,0,65,0,0,6,52,35,165,61,49,32,0,0,0,0,427,104,16,100,214,82,231,284,40,52,335,231,72,10,51,34,33,113,29,0,223,188,261,315,166,131,58,395,100,198,7,0,47,0,0,0,203,767,191,90,19,52,102,59,97,29,119,73,17,73,0,0,0,0,409,166,0,0,15,30,498,296,1349,419,42,1217,234,241,398,323,517,Bacteria;Bacteroidota;Bacteroidia;Bacteroidales;Rikenellaceae;Alistipes;Alistipes shahii
Lachnospira pectinoschiza,17,32,112,24,29,0,79,146,65,25,38,20,24,44,50,90,21,80,32,41,249,42,204,26,242,196,0,0,60,0,46,52,0,0,0,0,33,664,145,28,0,133,0,11,22,0,0,0,38,224,268,50,91,140,58,26,66,108,32,266,41,212,43,48,40,82,9,0,0,0,0,0,510,0,74,108,30,50,15,30,213,72,461,0,0,28,132,42,61,414,42,132,173,54,335,15,105,21,76,286,71,431,372,87,328,157,14,38,0,13,30,100,40,90,263,165,34,173,54,20,35,0,0,288,17,0,112,12,0,11,0,57,38,171,809,198,701,1416,134,52,0,0,0,12,16,183,609,55,16,37,0,25,32,56,27,85,0,0,0,44,16,144,0,0,12,0,0,7,854,13,638,467,1233,17,90,0,0,66,55,54,146,58,45,74,230,64,50,10,648,170,311,0,0,168,621,16,0,83,22,73,34,0,59,44,51,55,75,29,Bacteria;Firmicutes;Clostridia;Lachnospirales;Lachnospiraceae;Lachnospira;Lachnospira pectinoschiza
Ruminococcus bromii,15,0,12,0,248,67,143,97,78,23,15,10,58,68,112,52,101,201,113,82,0,0,0,0,0,0,33,9,0,9,30,74,0,0,0,0,98,0,164,0,59,430,79,79,71,95,63,62,0,0,0,0,0,90,54,0,0,45,30,89,65,92,24,23,0,84,27,24,11,67,15,38,82,5,227,85,90,65,138,34,21,206,0,53,69,90,41,31,221,565,148,110,62,72,43,48,0,0,128,389,66,884,905,585,1736,161,0,0,0,17,23,0,0,239,0,0,19,477,202,63,18,48,0,262,835,42,254,207,111,353,163,170,174,0,0,0,0,111,96,68,0,0,0,0,0,82,89,34,44,39,65,249,0,0,0,271,0,0,0,0,0,0,331,0,0,143,387,0,0,105,0,0,0,0,0,0,0,234,774,186,120,202,1579,162,12,0,128,359,167,145,136,0,0,211,69,13,16,73,63,189,24,11,135,16,37,117,168,473,Bacteria;Firmicutes;Clostridia;Oscillospirales;Ruminococcaceae;Ruminococcus;Ruminococcus bromii
[Eubacterium] eligens group eligens,43,159,25,92,31,9,79,103,176,58,218,202,126,59,171,198,48,203,59,79,0,0,0,0,0,0,16,0,0,10,86,96,0,0,0,0,23,0,213,34,27,121,37,0,0,16,0,0,19,9,0,40,13,208,235,37,73,18,34,353,54,0,0,0,30,36,17,17,0,14,9,13,2934,0,309,452,163,68,0,130,184,90,0,0,0,0,60,118,25,63,404,355,185,36,110,0,97,46,40,43,16,151,110,26,108,38,43,45,0,68,129,50,15,130,154,222,17,304,73,12,68,0,0,497,0,0,72,29,60,112,83,287,94,43,272,85,173,424,74,55,21,17,0,88,174,275,120,219,71,35,14,48,24,25,71,8,0,9,19,230,105,113,37,14,62,43,98,6,200,37,328,354,611,9,99,58,43,37,29,96,82,60,0,107,75,18,80,15,240,77,145,61,41,142,49,40,199,302,106,659,180,0,276,198,315,149,155,98,Bacteria;Firmicutes;Clostridia;Lachnospirales;Lachnospiraceae;[Eubacterium] eligens group;[Eubacterium] eligens group eligens
Lachnoclostridium edouardi,119,37,124,68,0,0,38,74,91,62,29,0,69,83,41,36,86,178,110,72,44,39,41,71,108,51,34,0,203,0,34,41,0,0,0,0,168,242,140,87,9,150,87,50,103,60,71,59,77,91,125,72,66,71,44,37,10,230,187,96,104,78,31,106,0,32,0,0,0,0,0,0,176,0,28,30,40,181,0,85,101,155,111,0,0,0,24,239,267,489,87,104,540,781,331,146,178,80,97,168,46,370,618,79,162,35,12,37,0,37,37,27,0,502,87,73,62,261,158,26,29,38,5,354,444,92,219,53,24,83,17,107,78,0,22,21,42,56,65,6,38,153,43,63,82,25,42,27,76,70,0,40,42,63,42,143,0,27,24,150,209,128,31,0,41,39,48,0,36,37,66,16,40,13,404,39,42,185,362,320,306,179,203,255,25,0,108,146,85,47,50,40,22,83,66,213,88,17,96,0,0,19,18,0,35,0,42,72,Bacteria;Firmicutes;Clostridia;Lachnospirales;Lachnospiraceae;Lachnoclostridium;Lachnoclostridium edouardi
Alistipes finegoldii,42,46,0,21,12,0,45,48,115,228,116,255,0,31,0,0,30,0,26,13,0,4,71,12,0,85,340,87,53,123,41,46,0,0,0,0,0,0,60,0,30,60,0,0,0,0,0,0,0,0,0,0,0,0,0,0,0,138,112,0,0,80,129,48,116,16,128,211,233,605,217,259,526,31,260,46,98,61,31,83,38,97,11,0,8,12,44,34,38,8,0,0,11,27,0,0,154,336,29,88,26,96,104,11,26,50,0,153,0,102,314,91,40,90,167,358,30,0,15,0,0,0,0,0,0,0,16,16,9,84,33,34,35,0,0,0,0,845,96,49,41,33,17,9,54,37,99,85,45,49,6,39,19,20,62,146,0,210,229,679,648,214,54,50,462,52,65,0,0,23,0,0,0,25,120,27,14,64,219,350,191,332,125,272,326,252,32,25,8,163,29,704,431,100,36,26,133,121,44,125,41,0,110,146,112,38,34,103,Bacteria;Bacteroidota;Bacteroidia;Bacteroidales;Rikenellaceae;Alistipes;Alistipes finegoldii
Bacteroides finegoldii,0,0,0,0,0,0,0,0,0,0,0,0,39,0,41,32,40,35,0,31,0,0,0,0,0,0,0,0,0,0,0,0,0,0,0,0,76,0,0,0,0,0,0,0,62,24,103,0,0,0,0,0,0,86,24,0,0,0,0,203,53,0,0,0,0,0,0,0,0,0,0,0,0,0,0,0,0,0,0,0,0,0,0,0,0,0,0,31,0,0,0,36,114,0,0,0,1211,668,0,0,0,0,0,0,0,0,0,0,0,0,0,0,0,44,0,0,0,145,35,0,0,0,0,277,0,0,0,0,0,0,0,0,0,104,491,273,576,0,0,0,0,0,0,0,0,0,0,0,0,0,0,0,0,0,0,290,0,249,355,2327,1935,472,0,124,847,0,0,0,1195,0,3284,536,683,0,0,0,0,0,0,0,0,0,0,0,0,0,52,0,0,0,0,0,0,0,0,0,0,0,48,0,0,0,0,0,0,0,0,0,Bacteria;Bacteroidota;Bacteroidia;Bacteroidales;Bacteroidaceae;Bacteroides;Bacteroides finegoldii
[Eubacterium] hallii group hallii,54,26,66,44,135,11,95,122,65,51,46,37,6,31,21,12,20,15,57,20,92,80,104,374,85,175,13,13,737,0,25,30,0,0,0,0,140,0,72,0,20,106,68,90,155,97,167,109,0,0,0,0,0,119,187,0,0,64,65,83,71,85,31,30,31,46,20,44,44,189,63,8,379,0,52,76,93,112,97,115,43,116,244,24,60,36,26,86,46,41,222,308,80,101,54,19,64,47,55,187,27,393,921,119,183,93,0,55,0,51,169,17,9,269,85,49,15,194,53,18,32,0,0,140,36,25,69,32,31,90,30,93,38,11,58,28,61,173,108,11,11,19,0,45,22,31,55,39,39,53,20,71,32,35,30,75,0,25,26,341,177,165,73,11,156,42,85,8,148,32,229,49,84,0,64,0,0,109,242,134,92,239,216,258,125,11,76,75,46,81,42,100,75,174,16,31,110,40,32,232,42,58,173,40,46,31,80,43,Bacteria;Firmicutes;Clostridia;Lachnospirales;Lachnospiraceae;[Eubacterium] hallii group;[Eubacterium] hallii group hallii
[Ruminococcus] gnavus group gnavus,0,0,0,0,0,0,0,0,0,0,0,0,0,0,0,0,0,0,24,15,716,17,340,55,869,454,986,507,1450,40,0,0,0,0,0,0,0,42,0,21,0,12,0,0,0,0,0,0,215,38,21,280,80,8,0,28,66,57,34,0,10,31,16,13,9,0,0,21,265,1226,21,1517,0,0,0,0,0,8,0,0,0,11,2011,0,0,16,8,13,0,8,0,0,0,0,0,0,0,0,0,0,0,0,0,0,0,0,20,0,0,0,0,0,0,37,12,0,47,185,434,124,36,93,0,262,2016,193,1107,0,0,0,0,0,0,0,21,13,27,0,0,0,0,0,0,0,0,0,0,0,0,0,0,0,0,0,0,16,0,0,0,0,0,0,0,0,0,0,0,0,40,0,44,15,43,0,0,0,0,113,0,155,32,0,0,0,0,0,24,0,0,0,0,0,0,0,0,0,0,0,0,0,0,0,0,0,0,0,0,0,Bacteria;Firmicutes;Clostridia;Lachnospirales;Lachnospiraceae;[Ruminococcus] gnavus group;[Ruminococcus] gnavus group gnavus
[Ruminococcus] torques group torques,259,134,816,409,701,172,134,166,58,35,23,30,0,56,0,0,26,0,42,23,38,0,0,0,90,0,185,151,4,24,26,43,0,0,0,0,0,0,74,0,0,16,0,70,0,0,0,0,0,0,0,0,0,0,0,0,0,115,45,0,0,32,17,10,12,0,81,205,261,1056,227,758,0,0,0,0,91,0,0,40,37,53,136,0,0,0,0,69,60,157,0,0,51,138,140,47,150,159,42,287,51,110,397,103,227,60,0,21,0,19,77,8,0,261,13,11,50,59,138,6,0,0,0,9,37,20,114,0,0,0,0,0,0,8,0,101,9,0,0,0,55,21,0,58,65,0,0,8,38,51,24,72,42,20,46,318,0,87,53,0,170,145,0,44,222,0,0,740,12,0,0,0,0,65,138,21,0,183,968,479,423,457,210,289,113,44,31,0,0,28,0,0,0,8,24,70,23,8,39,4,0,0,0,16,16,0,0,65,Bacteria;Firmicutes;Clostridia;Lachnospirales;Lachnospiraceae;[Ruminococcus] torques group;[Ruminococcus] torques group torques
Blautia faecis,537,158,74,429,37,10,16,22,44,61,17,20,6,38,11,10,20,20,19,21,9,14,6,52,16,15,120,112,192,20,23,15,0,0,0,0,11,64,97,41,12,96,11,6,12,9,17,8,38,35,29,49,52,15,113,11,11,22,36,9,10,26,6,14,10,12,47,84,54,228,132,207,724,13,367,247,72,73,245,224,72,178,39,0,88,84,83,55,17,26,26,47,15,18,15,8,27,13,27,79,12,137,300,35,68,32,20,25,0,18,82,15,0,170,47,26,8,32,10,0,25,0,0,8,0,0,17,183,42,135,96,59,199,8,95,65,96,864,228,28,18,27,15,50,157,151,414,0,19,41,11,34,14,15,28,87,0,0,0,59,23,15,157,0,10,82,188,16,94,55,389,70,117,50,547,51,35,47,189,48,97,65,121,103,44,26,20,716,157,219,130,207,115,443,62,39,195,9,28,49,9,10,0,10,12,14,26,58,Bacteria;Firmicutes;Clostridia;Lachnospirales;Lachnospiraceae;Blautia;Blautia faecis
[Eubacterium] siraeum group siraeum,11,27,45,14,36,17,91,135,55,22,0,0,0,0,0,0,6,0,53,12,0,0,0,0,0,0,0,0,0,0,78,39,0,0,0,0,79,0,21,0,0,0,68,94,101,116,677,67,0,0,0,0,0,438,361,0,0,11,22,544,185,0,0,0,15,0,0,0,0,0,0,0,199,0,9,16,11,0,183,19,15,0,0,49,95,125,118,156,0,0,822,1039,236,0,0,0,208,313,0,0,0,0,0,0,0,0,0,27,0,28,34,23,22,201,61,150,0,687,145,18,99,0,0,769,0,0,110,167,309,122,103,588,560,0,0,0,0,65,14,8,0,0,0,29,35,9,0,0,0,7,0,0,0,0,0,0,0,180,116,169,556,460,233,37,454,75,126,7,0,40,0,0,0,36,148,0,0,6,0,0,0,57,0,16,117,6,144,70,221,267,139,0,0,521,96,62,16,0,0,0,0,137,0,0,0,0,0,0,Bacteria;Firmicutes;Clostridia;Oscillospirales;Ruminococcaceae;[Eubacterium] siraeum group;[Eubacterium] siraeum group siraeum
Parasutterella excrementihominis,116,97,160,79,13,5,28,21,34,78,183,348,17,123,7,11,28,0,38,25,0,0,0,0,0,0,0,0,11,0,26,22,0,0,0,0,0,0,146,0,9,138,0,0,0,0,0,0,0,0,0,0,0,94,148,0,0,23,51,97,36,0,0,0,0,7,6,0,0,0,0,0,238,0,76,78,39,123,7,67,52,115,10,0,0,0,191,53,0,0,280,176,49,16,0,0,138,298,27,19,4,64,26,16,28,16,0,4,0,12,93,0,0,266,0,0,22,221,35,3,58,0,0,149,2,2,69,30,6,32,30,92,53,0,0,0,0,308,168,36,28,74,23,31,99,74,92,147,87,151,34,159,236,145,173,108,0,52,36,711,673,333,46,9,305,19,47,5,0,17,0,0,0,0,265,79,18,49,234,281,254,114,109,254,13,9,86,220,258,300,127,145,231,346,156,20,102,215,132,302,129,0,319,252,173,177,177,150,Bacteria;Proteobacteria;Gammaproteobacteria;Burkholderiales;Sutterellaceae;Parasutterella;Parasutterella excrementihominis
Agathobacter faecis,150,158,762,171,0,2,6,1,11,27,19,35,51,49,32,55,31,39,57,57,2,0,0,0,1,1,0,0,70,0,12,3,0,0,0,0,0,0,31,0,17,185,0,0,0,0,0,0,0,0,0,0,0,69,0,0,0,638,152,26,64,11,19,48,5,0,0,0,0,0,0,0,0,0,1,0,5,31,0,27,2,58,13,0,0,0,25,0,117,67,274,27,215,423,177,76,144,32,3,2,0,0,144,4,6,5,0,11,0,0,0,33,0,557,111,0,44,0,117,3,6,0,0,99,6,14,18,0,0,0,0,0,0,163,982,246,710,0,0,0,26,0,23,96,0,0,0,0,0,0,0,32,26,18,49,220,0,18,0,116,102,74,0,22,12,0,0,18,894,0,1528,319,859,0,0,126,21,328,474,64,197,0,0,0,18,0,92,321,225,83,117,0,0,441,330,0,0,0,49,0,0,0,0,57,0,0,130,83,Bacteria;Firmicutes;Clostridia;Lachnospirales;Lachnospiraceae;Agathobacter;Agathobacter faecis
Phascolarctobacterium faecium,14,7,0,0,91,10,70,121,78,86,102,182,6,33,5,5,17,3,3,12,0,0,0,0,0,0,247,81,0,21,18,30,0,0,0,0,26,0,0,0,0,0,21,35,32,76,420,32,0,0,0,0,0,2,0,0,0,154,52,0,0,292,97,78,105,0,145,186,157,855,224,179,24,12,6,5,0,0,294,0,0,0,0,85,72,192,46,9,18,35,10,10,0,7,14,8,0,0,0,0,0,0,0,0,0,0,0,90,0,50,274,72,6,0,212,286,0,4,0,0,3,0,0,4,0,0,43,69,115,277,193,362,308,0,0,0,0,8,6,6,36,184,56,94,217,0,0,117,19,39,13,35,45,69,98,150,0,0,0,0,0,0,271,0,0,187,378,0,0,77,0,0,0,130,423,125,53,0,3,0,0,166,12,107,201,159,0,88,175,162,79,147,126,529,111,6,44,205,34,542,138,152,494,189,192,217,158,0,Bacteria;Firmicutes;Negativicutes;Acidaminococcales;Acidaminococcaceae;Phascolarctobacterium;Phascolarctobacterium faecium
Sutterella stercoricanis,0,0,0,0,0,0,0,0,0,0,23,38,0,0,0,0,0,0,0,0,0,0,0,0,0,0,0,0,0,0,0,0,0,0,0,0,0,0,0,0,0,0,0,0,0,0,0,0,0,0,0,0,0,0,0,0,0,0,0,0,0,0,0,0,0,0,0,0,0,0,0,0,0,0,0,0,0,0,0,0,0,0,0,0,0,0,0,0,0,0,0,0,0,0,0,0,0,0,0,0,0,0,0,0,0,0,0,0,0,0,0,0,0,0,0,0,0,0,0,0,0,0,0,0,0,0,0,0,0,0,0,0,0,320,1083,901,1701,0,0,0,11,69,17,31,76,0,0,77,0,0,0,0,0,0,0,0,0,0,0,0,0,0,0,0,0,0,0,38,2479,17,3930,815,1286,12,204,14,22,0,0,0,0,0,0,0,0,0,0,0,0,0,0,0,0,0,0,0,0,101,0,258,152,0,262,104,87,160,180,0,Bacteria;Proteobacteria;Gammaproteobacteria;Burkholderiales;Sutterellaceae;Sutterella;Sutterella stercoricanis
Blautia massiliensis,170,60,132,75,80,9,64,83,27,46,9,16,0,18,19,17,32,30,89,28,0,0,0,0,30,0,43,27,0,0,31,26,0,0,0,0,174,0,53,0,0,60,81,59,93,75,118,61,0,0,0,0,0,66,116,0,0,84,95,56,44,152,50,63,37,13,12,0,16,0,32,29,188,0,38,57,34,40,157,42,0,88,0,56,93,100,36,160,75,70,185,133,55,105,0,38,69,114,41,72,12,138,497,36,49,19,0,60,0,26,148,22,11,433,59,58,9,119,42,0,34,0,0,77,4,0,38,58,0,76,36,122,66,16,80,36,95,145,74,20,0,47,0,57,130,28,63,26,49,34,15,44,0,4,0,78,0,41,28,414,263,107,157,0,151,66,158,10,152,22,165,32,60,29,407,30,23,96,317,149,125,254,274,219,60,7,71,0,194,99,94,79,64,375,47,0,161,59,48,429,98,35,271,29,12,96,81,43,Bacteria;Firmicutes;Clostridia;Lachnospirales;Lachnospiraceae;Blautia;Blautia massiliensis
Roseburia hominis,0,0,0,0,0,0,110,315,352,243,35,28,73,117,0,0,0,0,0,0,0,0,0,0,0,0,0,0,0,0,29,54,0,0,0,0,95,0,258,0,25,118,37,65,61,30,66,38,0,0,0,0,0,0,0,0,0,0,0,29,0,0,0,0,0,0,0,0,0,0,0,0,357,0,84,35,0,0,86,130,0,0,0,0,17,31,28,0,14,0,28,34,27,0,0,0,108,21,0,0,0,123,626,61,0,0,0,0,0,78,301,0,0,0,0,0,0,36,0,0,0,0,0,55,0,0,57,31,24,33,0,67,45,0,0,0,0,31,22,29,27,106,31,21,70,44,95,208,121,155,16,50,0,0,0,0,0,8,50,67,75,856,93,0,44,47,58,25,0,0,0,37,145,26,200,82,37,0,0,71,0,122,481,1158,31,0,0,0,242,111,0,0,0,0,45,0,0,402,42,696,239,11,1103,72,108,558,113,104,Bacteria;Firmicutes;Clostridia;Lachnospirales;Lachnospiraceae;Roseburia;Roseburia hominis
[Eubacterium] ventriosum group ventriosum,157,112,21,76,38,0,83,103,168,1342,12,0,21,38,25,25,13,63,0,15,0,0,0,0,0,0,0,0,0,0,0,0,0,0,0,0,244,0,71,0,0,132,51,126,143,17,42,24,0,0,0,0,0,0,0,0,0,197,111,0,0,891,196,342,108,31,0,0,0,0,0,19,107,0,679,20,24,227,0,250,57,44,0,0,0,0,0,23,143,514,0,0,54,61,258,31,160,24,177,61,20,188,563,108,191,21,0,23,0,25,31,13,0,76,0,0,26,18,21,0,0,0,0,33,0,0,77,22,36,23,28,98,90,0,0,0,0,83,29,45,0,0,0,37,0,49,149,23,33,35,0,0,0,0,0,93,0,12,0,30,83,50,45,0,49,27,35,0,0,19,0,0,0,0,330,0,0,82,156,85,237,54,92,197,21,0,15,27,16,28,34,40,20,108,37,30,103,0,55,0,15,0,0,11,32,54,40,64,Bacteria;Firmicutes;Clostridia;Lachnospirales;Lachnospiraceae;[Eubacterium] ventriosum group;[Eubacterium] ventriosum group ventriosum
Alistipes obesi,98,74,17,82,40,11,233,220,247,217,0,0,82,35,32,36,28,59,7,14,0,0,0,0,0,0,349,174,0,91,75,140,0,0,0,0,22,0,98,0,11,20,22,15,22,25,58,29,0,0,0,0,0,0,0,0,0,26,31,0,0,10,3,17,13,0,201,390,252,898,435,462,69,34,48,8,155,53,38,209,63,126,0,5,12,12,24,4,0,0,0,0,0,10,4,0,81,222,0,0,0,0,0,0,0,0,0,0,0,0,9,0,0,0,0,0,0,0,0,0,0,0,0,0,0,0,5,38,22,96,60,48,35,0,0,0,0,54,2,6,68,122,46,127,142,8,5,0,33,9,0,3,0,0,0,0,0,234,217,227,380,332,152,34,377,82,165,12,0,27,0,0,0,93,394,95,52,0,0,0,0,0,0,12,0,0,5,20,14,81,29,562,181,40,6,13,43,0,49,0,0,45,0,0,0,0,0,135,Bacteria;Bacteroidota;Bacteroidia;Bacteroidales;Rikenellaceae;Alistipes;Alistipes obesi
Erysipelotrichaceae UCG-003 bacterium,62,40,95,39,35,9,38,35,26,33,17,10,9,11,17,13,17,19,36,20,0,0,0,0,0,0,28,21,0,0,17,19,0,0,0,0,52,121,69,86,12,52,38,35,43,14,37,19,46,23,50,100,83,16,22,77,24,65,68,18,18,32,11,14,0,11,16,104,12,65,13,9,122,2,39,20,75,26,0,69,32,73,0,0,0,0,20,161,57,148,16,27,60,209,265,20,128,71,28,23,0,84,75,28,88,0,74,0,0,0,6,0,0,313,0,0,11,108,37,36,9,96,0,149,1454,32,181,34,37,63,31,79,36,20,53,40,34,204,62,14,12,15,12,27,38,45,73,32,8,5,0,7,9,8,0,39,0,16,21,174,196,226,39,3,82,50,89,5,33,21,30,16,48,10,434,16,15,39,56,127,26,6,15,15,7,0,71,194,62,48,72,48,44,273,104,383,131,51,13,246,18,8,76,32,29,74,98,33,Bacteria;Firmicutes;Bacilli;Erysipelotrichales;Erysipelatoclostridiaceae;Erysipelotrichaceae UCG-003;Erysipelotrichaceae UCG-003 bacterium
Parabacteroides goldsteinii,0,0,0,0,11,0,34,46,32,13,30,69,43,34,37,13,12,19,26,11,0,0,0,0,0,0,0,0,0,0,35,43,0,0,0,0,39,0,390,0,54,192,66,41,17,55,238,43,0,0,0,0,0,83,73,0,0,0,0,79,45,0,0,0,0,0,0,0,0,0,0,0,1017,0,126,186,531,423,0,345,187,731,0,0,0,0,0,22,0,0,103,336,33,0,0,0,0,0,0,0,0,0,0,0,0,0,0,0,0,0,0,0,0,40,0,0,0,133,24,10,33,0,0,143,0,0,49,0,0,0,0,0,0,0,0,0,0,671,258,91,57,104,59,80,212,163,260,7,23,14,0,16,23,15,32,0,0,0,0,0,0,0,0,0,0,0,0,0,0,33,0,0,0,302,562,82,88,0,0,0,0,0,0,12,8,0,43,0,0,0,0,0,0,0,0,11,0,15,42,0,0,138,0,50,19,0,0,404,Bacteria;Bacteroidota;Bacteroidia;Bacteroidales;Tannerellaceae;Parabacteroides;Parabacteroides goldsteinii
Bilophila wadsworthia,94,83,50,88,22,0,36,28,33,15,22,33,36,94,29,25,31,55,19,27,0,2,0,0,0,0,90,13,0,7,18,23,0,0,0,0,51,0,50,0,0,71,16,13,21,48,61,48,0,0,0,0,0,0,0,0,0,39,7,0,0,87,4,17,15,20,14,48,16,159,31,34,35,0,6,10,103,64,60,101,50,79,0,27,28,46,10,0,7,9,0,0,0,0,7,0,61,45,33,156,31,423,475,49,109,30,0,3,0,19,101,0,0,106,0,0,7,13,12,0,0,0,0,0,0,0,13,26,0,50,38,42,50,30,144,182,230,31,27,12,6,92,24,46,55,10,0,24,114,57,14,31,24,23,15,106,0,16,21,167,125,65,60,4,105,15,66,19,391,23,544,102,163,43,140,6,8,43,331,218,153,179,93,298,36,21,14,41,46,32,32,5,0,120,21,0,0,61,144,54,4,52,39,36,29,15,58,90,Bacteria;Desulfobacterota;Desulfovibrionia;Desulfovibrionales;Desulfovibrionaceae;Bilophila;Bilophila wadsworthia
Dialister succinatiphilus,0,0,0,0,0,0,0,0,0,0,0,0,0,0,0,0,0,0,0,0,0,0,0,0,0,0,0,0,0,0,0,0,0,0,0,0,0,0,0,0,0,0,0,0,0,0,0,0,0,0,0,0,0,0,0,0,0,0,0,0,0,0,0,0,0,113,0,0,0,0,0,0,1895,0,137,401,0,0,0,0,0,0,0,0,0,0,0,0,0,0,0,0,0,0,0,0,0,0,92,514,128,1269,1694,307,543,146,0,0,0,0,0,0,0,0,0,0,0,0,0,0,0,0,0,0,0,0,0,0,0,0,0,0,0,0,0,0,0,984,1045,76,0,0,0,0,0,152,447,0,0,0,0,0,0,0,0,0,0,0,0,0,0,0,0,0,0,0,6,0,0,29,0,0,0,0,0,0,0,0,0,0,0,0,0,0,0,0,0,0,0,0,0,0,0,0,0,0,0,0,0,0,0,0,0,0,0,0,0,0,Bacteria;Firmicutes;Negativicutes;Veillonellales-Selenomonadales;Veillonellaceae;Dialister;Dialister succinatiphilus
Romboutsia ilealis,64,66,497,24,0,0,0,0,11,8,12,20,76,111,87,55,28,67,56,35,0,36,30,208,19,62,0,0,550,8,9,10,0,0,0,0,0,0,69,0,9,43,0,0,0,0,0,0,0,0,0,0,0,0,0,0,0,20,18,0,18,33,11,43,13,0,0,0,0,0,0,0,0,0,12,0,85,134,17,118,71,154,21,26,0,0,9,111,0,0,20,0,0,0,0,0,8,0,0,10,0,24,58,17,19,7,0,12,0,19,81,0,0,15,0,0,22,49,26,12,0,28,0,13,185,0,60,0,0,0,0,21,14,0,0,0,19,0,7,0,0,19,7,56,41,0,0,0,44,54,38,78,0,0,16,164,0,0,0,13,0,10,14,0,0,0,12,0,61,0,188,14,12,46,151,12,31,108,537,93,186,318,497,239,14,16,33,55,29,0,0,33,10,12,21,82,27,23,47,0,0,0,26,24,20,0,67,23,Bacteria;Firmicutes;Clostridia;Peptostreptococcales-Tissierellales;Peptostreptococcaceae;Romboutsia;Romboutsia ilealis
Bifidobacterium catenulatum,0,0,0,0,28,0,17,14,20,0,8,0,0,0,0,0,0,0,0,0,115,16,44,121,36,207,0,0,138,0,0,11,0,0,0,0,149,73,0,149,0,4,69,48,111,68,130,107,34,18,30,46,46,0,0,73,61,0,0,0,0,0,0,0,0,0,0,0,0,0,0,0,0,0,0,0,0,0,1269,0,0,0,878,337,482,606,0,0,0,0,0,0,0,0,0,0,0,0,0,0,0,0,0,0,0,0,77,0,0,0,0,0,0,0,0,0,0,0,0,0,0,0,0,0,0,0,0,70,59,197,144,50,46,0,0,0,0,0,0,0,0,0,0,0,0,0,0,0,0,0,0,21,0,14,17,0,0,0,0,0,0,0,242,0,0,110,512,0,0,81,0,0,0,0,0,0,0,0,0,0,0,0,0,0,0,0,0,0,0,0,0,0,0,0,0,0,0,0,11,42,23,47,47,0,0,0,39,5,Bacteria;Actinobacteriota;Actinobacteria;Bifidobacteriales;Bifidobacteriaceae;Bifidobacterium;Bifidobacterium catenulatum
Bifidobacterium breve,0,0,48,0,258,20,201,247,180,67,0,0,44,27,0,0,22,0,40,17,99,35,67,229,33,276,0,0,516,0,49,104,0,0,0,0,22,31,0,47,0,0,4,2,8,4,11,15,15,0,0,26,21,6,0,41,19,91,83,0,2,50,44,34,48,7,0,0,0,0,0,0,0,0,0,0,3,0,111,0,0,0,853,35,33,36,0,0,0,0,0,0,0,0,0,0,0,0,14,50,4,98,339,49,68,0,35,0,0,9,40,4,3,53,0,0,9,41,13,19,3,6,0,25,272,16,279,52,22,74,56,46,48,0,0,0,0,0,0,0,8,0,0,79,46,0,0,0,0,18,8,38,5,0,0,41,0,0,0,0,0,0,81,0,0,29,103,0,0,30,0,0,0,42,84,0,10,14,81,42,34,62,42,74,13,0,19,36,14,13,16,0,0,48,4,0,0,0,35,72,5,4,48,0,0,0,10,0,Bacteria;Actinobacteriota;Actinobacteria;Bifidobacteriales;Bifidobacteriaceae;Bifidobacterium;Bifidobacterium breve
Blautia obeum,141,28,173,87,74,19,24,45,10,15,28,31,0,25,14,7,18,22,27,14,0,0,0,0,0,0,21,10,0,0,14,9,0,0,0,0,28,0,96,0,0,106,23,20,18,23,23,13,0,0,0,0,0,0,44,0,0,34,25,15,9,44,17,19,13,21,7,0,7,0,24,18,338,0,69,69,76,93,0,147,0,141,0,0,0,0,0,39,22,43,31,32,31,86,0,13,16,0,35,109,22,196,290,36,46,36,0,22,0,14,93,10,7,127,39,46,0,21,16,0,7,0,0,26,0,0,0,52,0,130,44,111,76,0,0,0,7,88,55,11,0,22,0,44,41,33,62,20,19,32,9,24,12,13,35,114,0,10,0,60,52,20,100,0,18,79,100,0,10,45,21,0,18,12,73,14,16,54,274,51,38,133,113,142,24,5,20,0,11,11,10,5,8,27,0,0,29,41,22,212,24,12,125,31,21,58,67,95,Bacteria;Firmicutes;Clostridia;Lachnospirales;Lachnospiraceae;Blautia;Blautia obeum
Coprococcus comes,38,10,61,33,20,0,13,33,14,30,0,0,32,0,19,7,32,89,15,16,45,70,82,61,198,80,0,0,454,0,12,0,0,0,0,0,61,46,33,28,0,97,59,17,26,10,64,16,25,20,28,99,38,13,18,10,9,73,128,28,12,71,11,45,15,11,0,0,0,0,0,0,45,0,7,14,11,27,99,57,13,62,114,23,44,44,0,81,78,235,28,43,72,240,16,14,0,12,10,16,0,53,217,17,64,18,22,23,0,13,28,14,0,118,21,23,0,56,34,0,9,0,0,54,232,9,37,26,49,120,85,18,0,0,9,15,0,26,0,0,0,0,0,7,0,10,0,0,16,0,0,10,0,0,0,61,0,12,0,29,29,28,119,0,19,96,198,0,20,67,73,0,22,0,22,0,0,35,136,46,37,71,97,66,26,0,20,62,12,13,13,87,31,26,31,31,81,0,37,0,0,18,0,0,0,0,0,14,Bacteria;Firmicutes;Clostridia;Lachnospirales;Lachnospiraceae;Coprococcus;Coprococcus comes
[Ruminococcus] torques group lactaris,0,0,0,0,0,0,0,0,0,0,0,9,0,7,0,0,0,0,0,0,0,0,0,0,0,0,0,0,0,0,0,0,0,0,0,0,0,0,0,0,0,0,0,0,0,0,0,0,0,0,0,0,0,0,0,0,0,4,0,0,0,0,0,0,0,77,12,0,0,0,0,0,604,0,226,302,0,0,100,0,0,0,0,0,40,73,0,0,0,0,0,0,0,0,0,0,37,49,78,313,96,540,114,25,76,59,0,0,0,0,0,0,0,41,0,0,0,0,6,0,0,0,0,0,0,0,0,0,0,0,0,0,0,16,160,32,94,389,168,46,0,11,0,41,37,212,519,29,0,6,0,0,0,0,0,17,0,18,6,201,120,61,0,0,67,0,4,16,108,24,167,52,390,6,126,4,11,11,61,26,22,24,23,33,15,11,0,0,0,0,0,0,0,8,17,0,0,34,0,194,23,0,89,16,14,46,23,0,Bacteria;Firmicutes;Clostridia;Lachnospirales;Lachnospiraceae;[Ruminococcus] torques group;[Ruminococcus] torques group lactaris
Collinsella aerofaciens,33,8,116,19,138,5,73,90,42,42,0,2,52,15,35,42,11,61,2,14,5,9,0,11,17,79,0,0,29,5,6,13,0,0,0,0,137,0,4,0,0,16,57,11,32,17,61,50,0,0,0,0,0,2,10,0,0,53,38,6,4,68,13,0,15,0,2,0,0,25,18,19,44,0,5,12,32,10,0,7,0,10,199,0,0,0,0,0,2,15,15,15,8,0,3,0,5,2,0,83,2,108,327,40,23,9,0,8,0,3,0,0,0,0,0,0,0,0,0,0,5,0,0,8,0,0,25,4,4,22,18,3,0,0,13,98,146,11,54,5,5,72,3,244,746,23,0,5,10,3,0,4,6,5,7,28,0,0,0,12,13,0,119,0,10,14,167,6,409,30,401,21,27,181,275,117,20,0,0,0,0,5,0,12,41,32,4,0,0,0,0,30,32,0,0,80,26,6,17,65,6,17,49,4,4,5,15,38,Bacteria;Actinobacteriota;Coriobacteriia;Coriobacteriales;Coriobacteriaceae;Collinsella;Collinsella aerofaciens
Odoribacter splanchnicus,12,49,0,28,18,0,97,86,92,62,38,71,26,29,10,18,8,23,12,6,0,0,38,4,0,24,33,13,92,21,40,49,0,0,0,0,114,0,19,0,4,10,83,76,90,65,60,63,0,0,0,0,0,11,5,0,0,28,9,21,5,11,24,11,25,12,22,25,20,72,24,71,111,5,91,15,11,12,19,15,23,9,2,16,2,5,57,10,13,16,14,33,7,6,33,10,36,34,14,60,15,81,159,10,38,14,0,24,0,24,35,35,0,7,69,69,0,25,2,0,4,0,0,26,0,0,0,0,9,5,0,5,0,15,58,29,69,145,33,26,16,4,6,26,17,38,48,43,52,19,3,14,41,31,56,14,0,38,21,79,52,41,9,5,86,11,19,7,51,11,196,25,62,12,78,25,5,0,0,0,0,22,0,24,30,11,11,5,14,60,23,37,45,113,38,7,17,89,90,141,32,34,120,39,38,42,36,30,Bacteria;Bacteroidota;Bacteroidia;Bacteroidales;Marinifilaceae;Odoribacter;Odoribacter splanchnicus
Flavonifractor plautii,0,7,0,10,89,13,25,13,11,0,18,82,0,19,3,0,9,3,0,0,0,0,45,0,0,39,20,9,54,0,7,5,0,0,0,0,6,265,0,323,0,0,0,0,0,3,0,0,216,85,103,58,146,13,3,38,40,100,0,5,10,33,13,17,51,0,0,0,4,15,6,22,0,0,0,0,5,0,122,0,0,0,12,146,152,150,0,5,0,24,0,0,6,3,22,14,17,8,7,29,6,23,8,6,0,0,56,73,0,45,143,32,6,11,72,54,117,25,89,20,36,0,0,28,89,179,191,0,0,7,0,11,4,23,35,66,67,0,0,0,0,5,0,4,5,0,0,10,0,25,11,23,34,21,47,11,0,0,0,5,7,0,8,0,41,5,8,47,96,0,57,19,24,0,12,5,0,21,20,23,102,75,8,42,80,47,15,0,0,7,9,0,3,10,3,7,8,18,18,0,0,0,9,40,21,0,0,0,Bacteria;Firmicutes;Clostridia;Oscillospirales;Oscillospiraceae;Flavonifractor;Flavonifractor plautii
Butyricicoccus faecihominis,0,0,0,0,0,0,0,0,0,0,29,16,16,39,7,0,22,49,60,25,275,28,117,84,180,162,0,0,566,0,0,0,0,0,0,0,0,0,19,0,0,14,33,0,0,0,37,8,0,0,0,0,0,14,0,0,0,14,15,11,0,17,0,0,0,0,4,0,0,0,0,0,182,0,26,37,25,11,87,49,28,31,1035,0,0,11,0,21,12,13,0,13,19,35,0,7,0,0,0,0,0,0,0,0,0,0,0,5,0,0,0,0,0,219,7,0,9,70,25,9,18,19,0,30,262,0,50,0,0,41,0,42,0,0,0,0,0,70,44,9,0,0,0,0,0,49,53,17,26,37,11,9,0,6,20,54,0,0,0,0,0,6,27,0,26,0,27,0,0,0,0,0,0,0,0,0,0,0,93,52,22,18,29,36,0,0,34,0,0,0,0,0,0,0,0,0,0,27,37,41,11,0,47,9,22,0,9,14,Bacteria;Firmicutes;Clostridia;Oscillospirales;Butyricicoccaceae;Butyricicoccus;Butyricicoccus faecihominis
Bacteroides intestinalis,65,31,0,0,0,0,0,0,0,0,0,0,36,0,47,0,24,94,0,0,0,0,0,0,0,0,0,0,0,0,0,0,0,0,0,0,0,0,0,0,0,0,0,0,0,0,0,0,0,0,0,0,0,19,0,0,0,0,0,49,0,0,0,0,0,0,0,0,0,0,0,0,0,0,0,0,0,0,0,0,0,0,0,0,0,0,426,0,0,0,19,0,38,0,0,0,0,0,0,0,0,0,0,0,0,0,0,45,0,0,0,67,0,0,0,90,0,0,0,0,14,0,0,80,0,0,64,0,0,0,0,0,0,0,0,0,0,0,0,0,0,0,0,0,0,0,0,0,0,0,0,0,0,0,0,0,0,0,0,0,0,0,0,0,0,0,0,0,0,0,0,0,0,0,0,0,0,0,0,0,0,0,0,0,66,0,0,556,184,1107,674,0,0,1101,256,0,0,0,0,0,0,0,0,0,0,0,0,0,Bacteria;Bacteroidota;Bacteroidia;Bacteroidales;Bacteroidaceae;Bacteroides;Bacteroides intestinalis
Parabacteroides gordonii,0,0,0,0,0,0,0,0,0,0,0,0,0,0,0,0,0,0,0,0,0,0,0,0,0,0,1915,291,0,178,0,0,0,0,0,0,0,0,0,0,0,0,0,0,0,0,0,0,0,0,0,0,0,0,0,0,0,0,0,0,0,0,0,0,0,0,49,197,313,747,90,519,0,11,0,0,0,0,203,0,0,0,0,116,93,379,0,0,0,0,0,0,0,0,0,0,0,0,0,0,0,0,0,0,0,0,0,0,0,0,0,0,0,0,0,0,0,0,0,0,0,0,0,0,0,0,0,0,0,0,0,0,0,0,0,0,0,0,0,0,0,0,0,0,0,0,0,0,0,0,0,0,0,0,0,0,0,0,0,0,0,0,0,0,0,0,0,0,0,0,0,0,0,0,0,0,0,0,0,0,0,0,0,0,0,0,0,0,0,0,0,0,0,0,0,0,0,0,0,0,0,0,0,0,0,0,0,0,Bacteria;Bacteroidota;Bacteroidia;Bacteroidales;Tannerellaceae;Parabacteroides;Parabacteroides gordonii
Ruminococcus callidus,160,107,32,156,0,0,0,0,0,0,26,25,60,0,0,21,0,20,0,19,0,0,0,0,0,0,0,0,0,0,0,0,0,0,0,0,0,0,54,0,6,39,0,0,0,0,0,0,0,0,0,0,0,28,70,0,0,0,0,21,38,0,0,0,0,32,0,0,0,0,0,0,0,0,0,0,47,32,0,61,52,144,0,0,0,0,54,9,0,0,34,27,15,0,4,0,0,0,105,73,18,119,256,62,495,56,0,0,0,0,0,0,0,0,0,0,0,22,25,0,12,0,0,40,0,0,9,207,15,121,74,131,108,0,0,0,0,0,0,0,4,6,0,20,19,0,0,29,0,0,0,0,0,0,0,0,0,0,0,0,0,0,76,0,0,50,82,0,0,16,0,0,0,13,283,19,11,0,0,0,0,0,0,0,0,0,0,51,84,172,97,0,0,183,56,0,0,31,0,81,11,0,36,38,35,10,28,38,Bacteria;Firmicutes;Clostridia;Oscillospirales;Ruminococcaceae;Ruminococcus;Ruminococcus callidus
Bacteroides clarus,0,0,0,0,0,0,0,0,0,355,0,0,0,0,0,0,0,0,0,0,0,0,0,0,0,0,0,0,0,0,0,0,0,0,0,0,0,0,0,0,0,0,0,0,0,0,0,0,0,0,0,0,0,0,12,0,0,0,160,10,0,0,0,0,0,0,0,0,0,0,0,0,0,0,0,0,0,0,0,0,0,0,0,0,0,0,0,81,0,0,19,29,36,59,0,0,0,0,0,0,0,0,0,0,0,0,0,0,0,0,0,0,0,0,0,0,0,0,0,0,0,0,0,0,0,0,0,54,109,121,147,251,196,0,0,0,0,0,0,0,0,0,0,0,0,0,0,0,0,0,0,0,0,0,0,0,0,0,0,0,0,0,261,0,0,132,243,0,0,55,0,0,0,0,0,0,0,0,0,0,0,0,0,0,0,0,0,0,0,0,0,813,1108,0,0,44,342,0,0,0,0,0,0,0,0,0,0,0,Bacteria;Bacteroidota;Bacteroidia;Bacteroidales;Bacteroidaceae;Bacteroides;Bacteroides clarus
Sutterella wadsworthensis,5,19,22,36,74,14,67,90,75,29,0,0,0,0,0,0,10,0,20,6,23,0,54,0,19,42,0,0,0,0,43,64,0,0,0,0,0,0,0,0,0,0,0,0,0,0,0,0,0,0,0,0,0,63,35,0,0,97,16,60,30,21,10,18,35,59,0,0,0,0,0,0,0,0,0,0,0,0,49,0,0,0,73,17,7,27,0,25,28,60,148,112,78,42,151,38,0,0,93,185,45,397,148,29,143,53,0,0,0,0,0,0,0,49,0,0,0,130,25,0,12,0,0,108,0,0,19,0,0,0,0,0,0,0,0,0,0,0,0,0,29,89,26,82,95,0,0,0,0,0,0,0,0,0,0,65,0,0,0,0,0,0,0,0,0,0,0,0,0,0,0,0,0,16,277,87,49,0,0,0,9,0,0,0,43,43,36,0,0,0,0,0,0,0,36,21,14,0,0,0,0,0,0,0,0,0,0,0,Bacteria;Proteobacteria;Gammaproteobacteria;Burkholderiales;Sutterellaceae;Sutterella;Sutterella wadsworthensis
Alistipes indistinctus,13,0,0,0,0,0,0,0,0,0,0,0,0,0,0,0,0,0,0,0,0,0,0,0,0,0,0,0,0,0,0,0,0,0,0,0,0,0,0,0,0,0,0,0,0,0,0,0,0,0,0,0,0,0,0,0,0,0,0,0,0,0,0,0,0,0,45,0,0,0,0,0,822,0,135,193,0,0,123,0,0,0,0,72,77,64,0,0,0,0,0,0,0,0,0,0,5,0,0,53,11,61,28,0,12,12,0,0,0,0,0,0,0,0,0,0,0,0,0,0,0,0,0,0,0,0,0,12,0,42,32,29,13,0,0,0,0,599,445,218,8,27,9,18,9,274,276,15,0,0,0,0,0,0,0,0,0,3,0,8,15,11,56,7,34,19,59,0,0,68,0,0,0,28,24,4,10,0,0,0,0,0,0,0,9,16,0,0,0,0,0,14,0,0,0,0,0,21,0,36,13,0,29,0,11,0,0,0,Bacteria;Bacteroidota;Bacteroidia;Bacteroidales;Rikenellaceae;Alistipes;Alistipes indistinctus
Dorea formicigenerans,68,11,44,38,16,0,10,18,0,0,6,0,18,9,14,0,15,108,15,27,29,45,49,64,78,61,23,15,272,0,0,0,0,0,0,0,29,0,0,0,0,37,35,18,27,17,26,14,0,0,0,46,0,19,19,0,0,0,9,0,14,70,0,0,0,0,0,14,16,47,14,19,137,0,0,0,0,21,23,0,0,54,109,11,0,0,0,23,11,21,0,26,0,0,0,0,0,0,0,19,0,32,68,0,0,0,0,10,0,0,16,0,0,66,36,9,0,33,21,0,0,15,0,30,179,0,0,22,0,28,16,26,22,0,0,0,0,126,90,0,0,0,0,0,0,0,0,8,16,10,0,0,0,6,5,16,0,0,0,29,16,15,30,0,29,0,24,0,0,0,23,0,0,7,0,0,0,17,60,23,6,18,89,24,19,0,19,0,0,0,0,0,0,0,0,0,0,0,29,22,0,0,15,13,12,0,20,24,Bacteria;Firmicutes;Clostridia;Lachnospirales;Lachnospiraceae;Dorea;Dorea formicigenerans
Alistipes ihumii,66,47,0,77,11,0,38,0,29,0,50,201,0,0,0,0,0,0,0,0,0,0,0,0,0,0,0,0,0,0,0,0,0,0,0,0,0,0,0,0,0,0,0,0,0,0,0,0,0,0,0,0,0,0,0,0,0,0,4,0,0,0,0,0,0,31,0,0,0,0,0,0,0,0,0,0,0,0,0,0,0,0,0,0,0,0,17,0,0,0,0,0,0,6,0,0,0,0,27,133,34,184,361,40,47,68,0,0,0,0,0,0,0,0,0,0,0,0,0,0,0,0,0,0,0,0,0,0,26,133,80,72,26,0,0,0,0,0,0,0,0,0,0,0,0,0,0,0,0,0,0,6,20,8,31,0,0,0,0,0,0,0,397,0,0,155,443,0,0,77,0,0,0,0,0,0,0,0,0,0,0,0,0,0,0,0,0,38,13,40,23,136,33,48,6,0,5,0,0,0,0,15,0,84,30,0,0,0,Bacteria;Bacteroidota;Bacteroidia;Bacteroidales;Rikenellaceae;Alistipes;Alistipes ihumii
Parabacteroides johnsonii,0,0,0,0,0,0,0,0,0,0,0,0,0,0,0,0,0,0,32,0,0,0,0,0,0,0,0,0,0,0,0,0,0,0,0,0,0,0,0,0,0,0,0,0,0,0,0,0,0,0,0,0,0,41,63,0,0,26,0,29,0,0,0,0,0,0,0,0,0,0,0,0,0,0,0,0,0,0,0,0,0,0,0,0,0,0,0,0,0,0,136,221,0,0,0,0,0,0,0,0,0,0,0,0,0,0,0,0,0,0,0,0,0,44,11,0,104,173,838,75,107,0,0,137,119,333,554,0,0,0,0,0,0,0,0,0,0,0,0,0,0,0,0,0,0,0,0,0,0,0,0,0,0,0,0,0,0,0,0,0,0,0,0,0,0,0,0,0,0,0,0,0,0,0,0,0,0,247,0,0,62,0,0,0,0,0,50,0,0,0,0,0,0,0,0,0,0,0,0,0,0,0,0,0,0,0,0,0,Bacteria;Bacteroidota;Bacteroidia;Bacteroidales;Tannerellaceae;Parabacteroides;Parabacteroides johnsonii
Bacteroides nordii,0,0,0,0,0,0,0,0,0,17,83,150,0,0,0,0,0,0,0,0,0,0,0,0,0,0,0,0,0,0,0,0,0,0,0,0,0,0,93,0,48,167,0,0,0,0,21,0,0,0,0,0,0,0,0,0,0,25,0,0,0,20,18,0,0,0,0,0,0,0,0,0,0,0,0,0,246,103,52,80,39,305,0,84,25,21,19,0,0,25,0,0,0,0,17,0,0,0,0,0,0,0,0,0,0,0,0,0,0,0,0,0,0,0,0,0,0,0,0,0,0,0,0,0,0,0,0,0,0,0,0,0,0,0,0,0,0,0,0,0,0,0,0,0,0,0,0,38,35,0,0,0,0,0,0,0,0,0,0,0,0,0,0,0,0,0,0,0,0,0,0,0,0,0,0,0,0,0,0,0,0,0,0,20,0,0,0,18,0,98,28,33,58,0,0,0,14,35,0,113,18,0,111,153,54,34,0,323,Bacteria;Bacteroidota;Bacteroidia;Bacteroidales;Bacteroidaceae;Bacteroides;Bacteroides nordii
Coprococcus catus,55,33,0,55,68,0,16,0,0,0,0,0,0,0,0,0,0,42,18,0,0,0,0,0,0,0,0,0,0,0,0,15,0,0,0,0,19,0,0,0,0,0,0,0,0,0,21,0,0,0,0,0,0,0,9,0,0,0,0,25,0,0,0,0,0,0,0,0,0,0,0,0,119,0,43,33,0,0,63,0,0,0,0,11,15,17,0,17,19,56,0,24,20,0,0,0,0,0,28,51,11,65,96,14,45,14,0,0,0,0,0,0,0,90,0,0,0,0,0,0,0,0,0,26,0,0,0,19,0,78,0,18,24,0,0,0,0,92,33,0,0,0,0,16,26,31,58,19,20,14,0,0,0,0,0,34,0,0,0,33,26,26,19,0,17,38,72,0,0,12,0,0,0,0,27,0,0,22,110,33,29,22,0,46,0,0,17,0,14,24,23,0,0,15,18,59,38,24,0,40,0,0,14,0,0,0,18,0,Bacteria;Firmicutes;Clostridia;Lachnospirales;Lachnospiraceae;Coprococcus;Coprococcus catus
Catenibacterium mitsuokai,0,0,7,0,0,0,0,0,0,0,0,0,0,0,0,0,0,0,15,0,0,0,0,0,0,0,0,0,0,0,7,0,0,0,0,0,0,0,0,0,0,0,0,0,0,0,0,0,0,0,0,0,0,49,264,0,0,139,133,137,49,115,40,48,52,0,0,0,0,0,0,0,0,0,0,0,0,0,0,0,0,0,0,0,0,0,31,21,9,7,385,413,68,4,9,6,0,0,0,0,0,0,0,0,0,0,0,5,0,0,0,0,0,31,0,0,0,133,17,10,59,0,0,191,0,0,61,0,0,0,0,0,0,0,0,0,0,0,0,0,0,0,0,0,0,0,0,0,0,0,0,0,0,0,0,0,0,0,0,0,0,0,0,0,0,0,0,0,0,0,0,0,0,0,0,0,0,0,0,0,0,0,0,0,0,0,27,0,0,0,0,0,0,0,0,13,7,0,0,0,0,0,0,0,0,0,0,0,Bacteria;Firmicutes;Bacilli;Erysipelotrichales;Erysipelatoclostridiaceae;Catenibacterium;Catenibacterium mitsuokai
Pseudomonas fragi,0,0,0,0,0,0,0,0,0,0,0,4,0,0,0,0,0,0,0,0,0,0,31,0,0,26,0,0,0,0,0,0,0,0,0,0,0,18,0,0,0,0,0,0,0,0,0,0,0,4,5,0,0,0,0,0,0,0,5,0,0,0,0,0,0,0,6,0,0,0,0,0,0,0,6,0,0,0,0,0,0,0,0,0,0,0,0,0,0,0,0,0,0,0,0,0,0,0,0,0,0,0,0,0,0,0,0,0,0,0,0,0,0,0,0,0,0,4,0,0,0,85,0,13,1568,6,0,0,0,0,0,0,0,0,0,0,0,0,12,0,0,0,0,0,0,0,0,0,0,0,0,0,0,0,0,0,0,0,0,0,0,0,0,0,0,0,0,0,0,0,10,23,392,0,0,0,0,0,0,59,0,0,0,0,0,0,0,0,0,0,0,0,0,0,0,15,0,0,0,0,0,0,0,5,0,0,0,0,Bacteria;Proteobacteria;Gammaproteobacteria;Pseudomonadales;Pseudomonadaceae;Pseudomonas;Pseudomonas fragi
Butyricimonas virosa,0,0,4,0,0,0,0,0,0,0,0,0,0,0,0,0,0,0,0,0,0,0,0,0,0,0,0,0,0,0,0,0,0,0,0,0,0,0,0,0,0,0,0,0,0,0,0,0,0,0,0,0,0,0,0,0,0,0,0,6,4,0,0,0,0,23,0,0,0,0,0,0,0,0,0,0,0,0,20,0,0,0,0,16,0,0,0,0,0,0,0,6,3,0,0,0,0,0,54,203,41,255,207,26,73,55,0,0,0,0,0,0,0,0,0,0,0,0,0,0,0,0,0,14,0,0,3,86,54,120,71,160,126,0,0,0,0,0,0,0,0,0,0,0,0,0,0,0,0,0,0,0,0,0,0,0,0,0,0,0,0,0,190,0,0,104,263,0,0,30,0,0,0,0,0,0,0,0,0,0,0,0,0,0,0,0,0,0,0,0,0,0,0,0,0,0,0,0,0,0,0,0,0,0,0,0,0,0,Bacteria;Bacteroidota;Bacteroidia;Bacteroidales;Marinifilaceae;Butyricimonas;Butyricimonas virosa
Veillonella parvula,0,0,0,0,0,0,0,0,0,0,0,0,0,0,0,0,0,0,0,0,33,0,0,5,10,0,0,0,0,0,0,0,0,0,0,0,0,479,0,118,5,0,0,0,0,0,0,0,80,144,147,35,161,0,0,194,226,12,0,0,0,0,0,0,0,0,0,0,0,0,0,0,0,0,0,0,0,0,0,0,0,0,174,0,0,0,0,0,5,0,0,0,6,19,0,0,0,0,0,0,0,0,0,0,0,0,81,0,0,0,0,0,0,0,0,0,0,0,0,0,0,0,0,0,0,0,0,0,0,0,0,0,0,13,31,0,48,0,0,0,0,0,0,0,0,0,28,0,0,0,0,0,0,0,0,0,0,0,0,0,0,0,0,0,0,0,0,0,10,0,29,0,5,0,0,0,0,0,0,0,0,0,0,0,0,0,0,0,0,0,0,11,0,0,0,28,0,5,0,8,12,0,15,11,6,0,12,0,Bacteria;Firmicutes;Negativicutes;Veillonellales-Selenomonadales;Veillonellaceae;Veillonella;Veillonella parvula
Turicibacter sanguinis,4,8,177,24,21,0,36,31,15,7,0,0,17,9,13,0,7,12,0,7,0,0,0,5,5,0,0,0,17,3,13,29,0,0,0,0,0,0,5,0,12,38,8,0,0,0,0,0,0,0,0,0,0,0,0,0,0,3,43,0,0,5,0,14,14,0,0,0,0,0,0,3,3,0,0,7,15,38,0,32,0,4,0,0,0,0,11,8,0,0,25,92,4,0,0,0,0,0,0,0,0,0,43,9,0,5,0,0,0,0,9,0,0,0,0,0,0,0,0,0,0,9,0,14,214,0,11,0,0,8,0,10,0,20,89,37,86,0,0,0,14,9,8,21,21,0,0,5,0,5,5,9,5,0,0,0,0,0,0,0,0,0,0,0,0,0,0,0,18,0,95,22,58,0,25,17,8,0,0,25,3,16,28,5,0,0,4,41,101,29,26,7,11,15,9,13,3,0,0,10,8,0,8,0,3,0,0,38,Bacteria;Firmicutes;Bacilli;Erysipelotrichales;Erysipelotrichaceae;Turicibacter;Turicibacter sanguinis
Butyricimonas faecihominis,0,0,0,0,0,0,0,0,0,0,0,0,20,0,25,20,0,37,9,16,0,0,0,0,0,0,0,0,0,0,0,0,0,0,0,0,0,0,0,0,0,0,0,0,0,0,0,0,0,0,0,0,0,0,0,0,0,0,0,0,0,4,0,0,0,11,10,0,0,0,0,0,378,0,96,105,0,0,27,0,0,0,0,19,0,24,0,0,0,0,0,0,0,0,0,0,0,0,0,31,0,30,27,0,14,24,0,0,0,0,0,0,0,0,0,0,0,0,0,0,0,0,0,0,0,0,0,0,0,0,0,0,0,0,0,0,0,392,295,64,9,0,0,20,17,83,74,0,28,0,0,0,0,0,0,0,0,0,0,0,0,0,0,0,0,0,0,0,0,18,0,0,0,0,38,0,0,0,0,0,0,0,0,11,0,0,14,0,0,0,0,0,0,0,0,0,0,0,53,0,0,0,0,0,0,0,0,0,Bacteria;Bacteroidota;Bacteroidia;Bacteroidales;Marinifilaceae;Butyricimonas;Butyricimonas faecihominis
Coprobacter fastidiosus,0,0,0,0,0,0,63,85,65,23,0,0,0,0,0,0,0,0,0,0,0,0,0,0,0,0,0,0,0,0,24,33,0,0,0,0,0,0,0,0,0,0,0,0,0,0,0,0,0,0,0,0,0,0,0,0,0,0,0,0,0,0,0,0,0,10,0,0,0,0,0,0,25,0,166,0,0,0,0,0,0,0,0,0,0,0,0,0,0,0,0,0,0,0,0,0,0,0,28,109,23,75,47,3,36,14,0,0,0,0,0,0,0,0,0,0,0,0,0,0,0,0,0,0,0,0,0,13,90,5,11,8,0,0,0,0,0,21,11,0,0,0,0,0,0,0,6,0,0,0,0,0,0,0,0,0,0,0,0,0,0,0,8,0,0,193,447,0,0,73,0,0,0,0,0,0,0,0,0,0,0,0,0,0,0,0,0,0,0,0,0,0,0,0,0,0,0,0,0,0,0,0,0,0,0,0,0,0,Bacteria;Bacteroidota;Bacteroidia;Bacteroidales;Barnesiellaceae;Coprobacter;Coprobacter fastidiosus
Lachnospiraceae UCG-001 bacterium,0,0,0,0,0,0,0,0,0,0,0,0,0,0,0,0,0,0,0,0,0,0,0,0,0,0,0,0,0,0,0,0,0,0,0,0,0,0,0,0,0,0,0,0,0,0,0,0,0,0,0,0,0,0,0,0,0,0,0,0,0,0,0,0,0,0,0,0,0,0,0,0,186,0,19,11,0,0,0,0,0,0,0,0,0,0,0,0,0,0,0,0,0,0,0,0,0,0,0,0,0,0,0,0,0,0,0,0,0,0,0,0,0,0,0,0,0,0,0,0,0,0,0,0,0,0,0,0,0,0,0,0,0,0,250,0,42,78,33,0,0,0,0,0,0,13,111,0,0,0,0,0,0,0,0,0,0,0,0,0,0,0,0,0,0,0,0,0,113,0,0,184,283,0,0,0,0,0,0,0,0,0,0,0,0,0,0,0,0,0,0,0,0,0,0,0,0,0,0,0,0,0,0,0,0,0,0,0,Bacteria;Firmicutes;Clostridia;Lachnospirales;Lachnospiraceae;Lachnospiraceae UCG-001;Lachnospiraceae UCG-001 bacterium
Desulfovibrio fairfieldensis,0,0,0,0,0,0,0,0,0,0,36,19,0,0,0,0,0,0,0,0,0,0,0,0,0,0,0,0,0,0,0,0,0,0,0,0,0,0,33,0,14,36,0,0,0,0,0,0,0,0,0,0,0,0,0,0,0,0,0,0,0,0,0,0,0,0,0,0,0,0,0,0,0,0,0,0,229,38,0,129,37,102,0,0,0,0,0,0,0,0,0,0,0,0,0,0,0,0,0,0,0,0,0,0,0,0,0,0,0,0,0,0,0,0,0,0,0,0,0,0,0,0,0,0,0,0,0,0,0,0,0,0,0,0,0,0,0,0,0,0,0,38,9,9,29,0,0,8,7,0,0,20,9,5,13,0,0,0,0,0,0,0,0,0,0,0,0,0,0,0,0,0,0,119,51,15,10,0,0,0,0,0,0,0,0,0,0,0,0,0,7,0,0,0,0,0,0,6,0,91,22,0,75,18,7,0,0,78,Bacteria;Desulfobacterota;Desulfovibrionia;Desulfovibrionales;Desulfovibrionaceae;Desulfovibrio;Desulfovibrio fairfieldensis
Intestinibacter bartlettii,0,0,40,0,16,0,8,18,9,0,0,9,16,0,24,28,0,0,0,0,39,0,0,0,0,0,0,0,57,0,0,0,0,0,0,0,0,9,0,22,0,0,0,0,0,0,0,0,9,20,8,5,8,0,0,0,0,0,0,0,0,0,0,0,0,0,0,0,0,22,10,12,30,0,0,0,0,0,36,14,0,0,73,21,15,10,0,0,0,0,0,0,0,0,0,0,0,0,0,0,0,0,0,0,0,0,33,0,0,0,0,0,0,50,0,0,0,19,0,0,0,0,0,0,40,0,0,0,0,0,0,0,0,6,14,0,22,0,0,0,0,0,0,0,0,0,9,0,0,0,0,0,0,0,0,0,0,0,0,0,0,0,0,0,0,0,0,0,0,0,41,30,0,0,0,0,0,14,21,0,0,0,42,0,0,0,0,0,55,0,22,0,0,0,0,114,0,11,0,10,9,0,0,20,10,6,41,0,Bacteria;Firmicutes;Clostridia;Peptostreptococcales-Tissierellales;Peptostreptococcaceae;Intestinibacter;Intestinibacter bartlettii
Blautia hansenii,0,0,0,0,0,0,0,0,0,0,0,6,0,0,0,0,7,0,10,9,0,0,0,0,0,0,0,0,0,0,0,0,0,0,0,0,21,0,0,0,0,0,5,0,14,0,24,0,0,0,0,70,0,11,14,0,0,0,6,6,6,0,0,0,4,0,0,0,0,0,0,0,0,0,0,0,0,0,13,0,0,0,0,7,8,7,0,8,17,25,49,35,11,24,0,7,20,6,0,0,0,0,0,0,0,0,0,6,0,9,33,9,4,31,26,22,4,39,11,0,6,12,0,18,73,0,41,0,0,0,0,0,0,0,0,0,0,0,0,0,0,0,0,0,0,0,0,4,8,9,0,0,5,7,7,31,0,0,0,44,10,13,0,0,15,0,0,0,0,0,0,0,0,0,0,0,0,11,24,10,17,25,34,40,22,10,0,0,0,0,0,0,0,0,0,0,0,9,4,27,0,7,14,0,6,0,7,0,Bacteria;Firmicutes;Clostridia;Lachnospirales;Lachnospiraceae;Blautia;Blautia hansenii
Paraprevotella clara,0,5,0,0,0,0,0,0,0,0,0,0,0,0,0,0,0,0,15,0,0,0,0,0,0,0,0,0,0,0,0,0,0,0,0,0,54,0,0,0,0,0,0,0,38,27,77,0,0,0,0,0,0,46,215,0,0,0,0,44,23,0,0,0,0,0,0,0,0,0,0,0,0,0,0,0,0,0,0,0,0,0,0,0,0,0,22,0,0,0,99,173,16,0,0,0,0,0,0,0,0,0,0,0,0,0,0,0,0,0,0,0,0,38,0,0,0,80,18,0,52,0,0,62,0,0,20,0,0,0,0,0,0,0,0,0,0,0,0,0,0,0,0,0,0,0,0,0,0,0,0,0,0,0,0,0,0,0,0,0,0,0,0,0,0,0,0,0,0,0,0,0,0,0,0,0,0,0,0,0,0,0,0,0,0,0,27,0,0,0,0,0,0,0,0,0,0,0,0,0,0,0,0,0,0,0,0,0,Bacteria;Bacteroidota;Bacteroidia;Bacteroidales;Prevotellaceae;Paraprevotella;Paraprevotella clara
Monoglobus pectinilyticus,42,0,0,0,31,0,0,0,0,11,0,0,0,0,0,0,0,0,0,0,0,0,0,0,0,0,0,0,0,0,0,0,0,0,0,0,0,51,0,55,0,0,0,0,0,0,0,0,0,42,17,0,59,0,0,0,0,0,0,0,0,0,0,0,0,0,0,0,0,0,0,0,0,0,0,0,0,10,0,0,0,0,0,0,0,0,0,0,0,0,0,0,0,0,0,0,0,0,0,0,0,0,0,0,0,0,0,11,0,0,13,0,0,0,0,27,0,0,0,0,0,0,0,0,0,0,0,0,0,0,0,0,0,0,0,0,0,0,0,0,15,30,9,0,22,0,0,0,0,0,0,0,0,0,0,22,0,0,0,0,0,0,0,0,0,0,0,0,0,0,0,10,0,42,112,22,0,0,41,0,0,34,28,50,24,0,0,0,0,0,0,23,24,0,0,0,0,0,0,0,0,0,0,0,0,0,0,0,Bacteria;Firmicutes;Clostridia;Monoglobales;Monoglobaceae;Monoglobus;Monoglobus pectinilyticus
Terrisporobacter mayombei,0,0,0,0,0,0,0,0,0,0,0,0,103,12,22,35,24,31,17,26,0,0,0,0,0,0,0,0,0,0,0,0,0,0,0,0,0,0,11,0,0,9,0,0,0,0,0,0,0,0,0,0,0,0,0,0,0,0,0,0,0,0,0,0,0,0,0,0,0,0,0,0,0,0,0,0,11,11,0,0,0,10,0,0,0,0,0,0,0,0,0,0,0,0,0,0,0,0,0,0,0,0,8,7,0,0,0,0,0,0,7,0,0,49,0,0,0,0,0,0,0,0,0,0,59,0,0,0,0,0,0,0,0,0,0,0,0,0,0,0,0,0,0,0,0,0,0,0,11,0,0,0,0,0,0,19,0,0,0,0,0,0,0,0,0,0,0,0,12,0,87,13,0,0,0,0,0,0,54,17,31,12,17,16,0,0,0,0,0,0,0,0,0,0,0,0,0,0,0,12,0,0,20,0,10,0,47,0,Bacteria;Firmicutes;Clostridia;Peptostreptococcales-Tissierellales;Peptostreptococcaceae;Terrisporobacter;Terrisporobacter mayombei
Intestinimonas massiliensis,0,0,0,0,0,0,0,0,0,0,0,0,0,0,0,0,0,0,0,0,0,0,0,0,0,0,26,0,0,0,0,0,0,0,0,0,0,256,0,96,0,0,0,5,0,0,0,0,37,39,90,0,30,0,0,37,7,0,0,0,0,0,0,0,0,0,0,12,9,55,0,9,0,0,0,0,0,0,21,0,0,0,0,0,0,0,0,0,0,0,0,0,0,0,0,0,0,0,0,0,0,5,0,0,0,0,19,0,0,0,0,0,0,0,0,0,0,6,0,0,0,0,0,7,0,0,0,0,0,0,0,0,0,0,0,0,0,0,0,0,0,0,0,4,0,0,0,0,0,0,0,0,0,0,0,0,0,0,0,0,0,0,0,0,0,0,0,0,0,0,0,0,0,6,0,0,0,0,0,0,0,0,0,0,0,0,0,0,0,0,0,0,0,0,0,0,0,0,0,0,0,0,0,0,0,0,0,0,Bacteria;Firmicutes;Clostridia;Oscillospirales;Oscillospiraceae;Intestinimonas;Intestinimonas massiliensis
Butyricimonas paravirosa,0,0,0,0,0,0,16,0,25,14,0,0,15,0,0,0,0,0,0,0,0,0,0,0,0,0,0,0,0,0,9,21,0,0,0,0,0,0,58,0,10,10,0,0,0,0,0,0,0,0,0,0,0,0,0,0,0,6,3,0,0,0,0,0,2,0,0,0,0,0,0,0,0,0,0,0,28,10,75,71,44,43,0,30,17,0,0,0,0,0,0,0,0,0,0,0,0,0,0,17,0,0,0,0,0,0,0,0,0,0,0,0,0,0,0,0,0,0,0,0,0,0,0,0,0,0,0,0,0,0,0,0,0,0,0,0,0,0,0,0,0,18,8,0,21,0,0,0,13,0,0,0,0,0,0,0,0,0,0,0,0,0,0,0,0,0,0,0,0,0,0,0,0,7,26,16,8,0,0,0,0,0,0,0,0,0,0,0,0,0,0,0,0,0,0,0,0,0,0,0,0,0,0,0,0,0,0,52,Bacteria;Bacteroidota;Bacteroidia;Bacteroidales;Marinifilaceae;Butyricimonas;Butyricimonas paravirosa
Lachnospiraceae FCS020 group bacterium,9,0,17,0,0,0,0,0,0,0,0,0,0,0,0,0,0,0,0,0,0,0,0,0,0,0,0,0,0,0,0,0,0,0,0,0,0,0,19,0,0,22,0,0,0,0,0,0,0,0,0,0,0,0,0,0,0,0,0,0,0,0,0,0,0,0,0,0,0,0,0,0,0,0,0,0,15,18,0,9,11,34,0,0,0,0,0,0,0,0,0,7,0,0,0,0,0,0,0,0,0,0,0,0,0,0,0,0,0,0,0,0,0,92,0,0,0,10,0,0,0,0,0,0,0,0,0,0,0,0,0,0,0,0,0,0,0,0,0,0,0,0,0,0,0,0,0,0,0,0,0,10,0,0,0,29,0,0,0,0,0,0,0,0,0,0,0,0,0,0,0,0,0,0,0,0,0,24,90,10,36,18,73,0,0,0,0,0,0,0,0,0,0,0,0,0,0,0,0,16,0,0,9,0,0,0,6,10,Bacteria;Firmicutes;Clostridia;Lachnospirales;Lachnospiraceae;Lachnospiraceae FCS020 group;Lachnospiraceae FCS020 group bacterium
Oxalobacter formigenes,14,4,0,0,0,0,0,0,0,0,0,0,0,0,0,0,0,0,0,0,0,0,0,0,0,0,0,0,0,0,0,0,0,0,0,0,0,0,0,0,0,0,0,0,0,0,0,0,0,0,0,0,0,0,0,0,0,0,0,0,0,0,0,0,0,0,0,0,0,0,0,0,86,0,16,17,0,0,0,0,0,0,0,0,0,0,0,0,0,0,0,0,0,0,0,0,0,0,0,0,0,0,0,0,0,0,0,0,0,0,0,0,0,0,0,0,0,0,0,0,0,0,0,0,0,0,0,0,5,20,0,0,10,0,0,0,0,60,27,8,0,0,0,0,0,19,35,8,0,0,0,0,0,0,0,0,0,7,0,4,15,17,9,0,10,7,25,0,0,9,0,0,0,0,0,0,0,0,0,0,0,0,0,0,0,0,0,0,0,0,0,0,0,0,0,0,0,25,0,33,16,0,47,5,11,10,7,0,Bacteria;Proteobacteria;Gammaproteobacteria;Burkholderiales;Oxalobacteraceae;Oxalobacter;Oxalobacter formigenes
Alistipes massiliensis,0,0,0,0,5,0,28,25,13,5,0,0,0,0,0,0,0,0,0,0,0,0,0,0,0,0,0,0,0,0,9,21,0,0,0,0,0,0,11,0,0,5,0,0,0,0,0,0,0,0,0,0,0,0,0,0,0,0,0,0,0,0,0,0,0,0,0,0,0,0,0,0,0,0,0,0,11,12,0,21,7,10,0,0,0,0,0,0,0,0,0,0,0,0,0,0,7,7,5,28,6,57,54,6,18,29,0,0,0,0,0,0,0,0,0,0,0,0,0,0,0,0,0,0,0,0,0,0,0,0,0,0,0,0,0,0,0,0,0,0,0,0,0,0,0,0,0,0,0,0,0,0,0,0,0,0,0,10,11,25,11,9,0,0,51,0,0,0,0,0,0,0,0,0,0,0,0,0,0,0,0,0,0,0,0,0,0,0,0,0,0,0,0,0,0,0,0,0,0,0,0,0,0,0,0,0,0,27,Bacteria;Bacteroidota;Bacteroidia;Bacteroidales;Rikenellaceae;Alistipes;Alistipes massiliensis
Erysipelatoclostridium ramosum,0,0,0,0,0,0,0,0,0,0,0,0,0,0,0,0,0,0,0,0,8,3,2,9,41,14,0,0,23,0,0,0,0,0,0,0,0,0,0,0,0,0,0,0,0,0,0,0,0,7,0,0,0,0,0,0,0,0,0,0,0,0,0,0,0,0,0,0,0,0,0,0,0,0,0,0,0,0,28,0,0,0,34,156,11,18,0,0,0,0,0,0,0,0,0,0,0,0,0,0,0,0,0,0,0,0,0,0,0,0,0,0,0,0,0,0,0,0,0,0,0,9,0,0,70,0,0,0,0,0,0,0,0,0,0,0,0,0,0,0,0,0,0,0,0,0,0,0,0,0,0,0,0,0,0,0,0,0,0,0,0,0,0,0,8,0,0,0,0,0,0,0,0,0,0,0,0,0,0,8,0,0,0,0,0,0,6,0,0,0,0,0,0,0,0,0,0,0,0,0,0,0,0,0,0,0,0,0,Bacteria;Firmicutes;Bacilli;Erysipelotrichales;Erysipelatoclostridiaceae;Erysipelatoclostridium;Erysipelatoclostridium ramosum
Campylobacter hominis,0,0,6,3,16,3,18,8,3,5,0,0,0,0,0,0,0,0,0,0,0,0,0,0,0,0,0,0,0,0,9,4,0,0,0,0,0,0,0,0,0,0,0,0,0,0,0,0,0,0,0,0,0,0,0,0,0,0,0,9,12,0,0,0,0,0,0,0,0,0,0,0,0,0,0,0,0,0,0,0,0,0,0,0,0,0,0,36,0,0,3,0,3,0,0,0,0,0,0,0,0,0,0,0,0,0,0,0,0,0,0,0,0,0,0,0,0,4,3,0,0,0,0,10,0,0,0,0,0,0,0,0,0,0,0,0,0,0,0,0,0,0,0,0,0,0,4,0,0,0,0,0,0,0,0,0,0,0,0,0,0,0,0,0,0,0,0,0,0,0,0,0,0,0,0,0,0,0,0,0,0,0,0,0,0,0,0,0,0,0,0,17,12,0,0,3,249,0,0,0,0,0,0,0,0,0,0,0,Bacteria;Campylobacterota;Campylobacteria;Campylobacterales;Campylobacteraceae;Campylobacter;Campylobacter hominis
Eisenbergiella tayi,0,0,0,0,0,0,0,0,0,0,0,0,0,0,0,0,0,0,0,0,0,0,0,0,0,0,0,0,0,0,0,0,0,0,0,0,0,0,0,0,0,0,0,0,0,0,0,0,0,0,0,0,0,0,0,0,0,0,0,0,0,0,0,0,0,0,0,0,0,0,0,0,0,0,0,0,0,0,0,0,0,0,0,0,0,0,0,0,0,0,0,0,0,0,0,0,0,0,0,0,0,0,0,0,0,0,0,0,0,0,0,0,0,0,0,0,0,0,3,0,0,0,0,0,0,0,3,0,0,0,0,0,0,0,0,30,0,0,0,0,0,0,0,0,0,0,0,0,0,0,0,0,0,0,0,0,0,0,0,0,0,0,0,0,0,0,0,385,0,0,0,0,0,0,0,0,0,0,0,0,0,0,0,0,0,0,0,0,0,0,0,0,0,0,0,0,0,0,0,0,0,0,0,0,0,0,0,0,Bacteria;Firmicutes;Clostridia;Lachnospirales;Lachnospiraceae;Eisenbergiella;Eisenbergiella tayi
Alistipes inops,0,0,0,0,0,0,9,12,24,32,0,0,0,0,0,0,0,0,0,0,0,0,0,0,0,0,0,0,0,0,11,7,0,0,0,0,0,0,0,0,0,0,0,0,0,0,0,0,0,0,0,0,0,0,0,0,0,0,7,0,0,0,0,0,0,0,0,0,0,0,0,0,25,0,22,10,0,0,0,0,0,0,0,0,0,0,0,0,0,0,0,0,0,4,0,0,0,0,0,0,0,0,0,0,0,0,0,0,0,0,0,0,0,0,0,0,0,0,0,0,0,0,0,0,0,0,0,0,0,0,0,0,0,0,0,0,0,16,4,6,0,0,0,0,0,10,8,0,0,0,0,0,0,0,0,0,0,0,0,0,0,0,0,0,0,0,0,0,0,0,0,0,0,0,0,0,0,0,0,0,0,0,0,0,0,0,0,0,0,0,0,97,63,0,0,3,12,0,0,0,0,0,0,0,0,0,0,0,Bacteria;Bacteroidota;Bacteroidia;Bacteroidales;Rikenellaceae;Alistipes;Alistipes inops
Frisingicoccus caecimuris,0,0,0,0,0,0,0,0,0,0,0,0,0,0,0,0,0,0,0,0,0,0,0,0,0,0,0,0,0,0,0,0,0,0,0,0,0,0,0,0,0,0,0,0,0,0,0,0,0,0,0,0,0,0,0,0,0,0,0,0,0,13,0,0,0,0,0,0,0,0,0,0,0,0,0,0,0,0,0,0,0,0,0,0,0,0,0,0,0,0,0,0,0,0,0,0,0,0,0,0,0,0,0,0,0,0,0,0,0,0,0,0,0,0,0,0,0,0,0,0,0,0,0,0,0,0,0,0,0,0,0,0,0,15,15,95,30,0,0,0,0,0,0,0,0,0,0,0,0,0,0,0,0,0,0,0,0,0,0,0,0,0,0,0,0,0,0,62,55,0,32,26,39,0,0,0,0,0,0,0,0,0,0,0,0,0,0,0,0,0,0,0,0,0,0,0,0,0,0,0,0,0,0,0,0,0,0,0,Bacteria;Firmicutes;Clostridia;Lachnospirales;Lachnospiraceae;Frisingicoccus;Frisingicoccus caecimuris
Eggerthella lenta,0,0,0,0,17,3,0,0,6,0,0,0,0,0,0,3,0,0,0,0,3,0,0,3,0,0,3,0,7,0,0,0,0,0,0,0,0,0,0,0,0,0,0,0,0,0,0,0,3,0,0,0,19,0,0,4,4,0,0,0,0,0,0,0,5,0,0,0,0,7,8,0,0,0,0,0,0,0,28,0,0,0,20,12,9,0,0,0,11,4,0,0,0,10,6,6,0,0,0,5,0,4,6,0,0,0,3,5,0,0,13,0,0,6,0,0,0,0,0,0,0,0,0,0,5,0,19,0,0,0,0,0,0,0,0,14,10,0,0,0,0,0,0,0,3,0,0,0,3,0,0,4,0,0,0,3,0,0,0,0,0,0,0,0,0,0,0,25,0,0,0,4,0,0,0,0,0,4,4,0,0,0,5,0,6,2,0,5,0,0,0,0,5,4,0,3,0,0,0,7,0,0,0,0,0,0,0,0,Bacteria;Actinobacteriota;Coriobacteriia;Coriobacteriales;Eggerthellaceae;Eggerthella;Eggerthella lenta
Intestinimonas butyriciproducens,0,0,0,0,0,0,0,0,0,0,0,10,0,0,0,0,0,0,0,0,0,0,0,0,0,0,36,0,0,0,0,0,0,0,0,0,0,0,0,0,0,0,0,0,0,0,0,0,0,0,0,0,0,0,0,0,0,0,0,0,0,0,0,0,0,0,0,9,0,48,0,0,0,0,0,0,0,0,16,0,0,14,0,8,0,13,0,0,0,0,0,0,0,0,0,0,0,0,0,0,0,0,0,0,0,0,0,0,0,0,0,0,0,0,0,0,0,0,0,0,0,0,0,0,0,0,0,0,0,13,0,0,0,0,18,21,16,0,0,0,0,0,0,0,0,0,0,0,0,0,0,0,0,0,0,0,0,0,0,0,0,0,19,0,0,0,14,0,32,0,27,9,14,0,0,0,0,0,0,0,0,0,0,0,0,0,0,0,0,0,0,0,0,0,0,0,0,0,0,0,0,0,11,0,0,0,0,0,Bacteria;Firmicutes;Clostridia;Oscillospirales;Oscillospiraceae;Intestinimonas;Intestinimonas butyriciproducens
Allisonella histaminiformans,0,0,0,0,12,0,20,0,28,0,0,0,56,11,34,32,35,57,0,11,0,0,0,0,0,0,0,0,0,0,0,0,0,0,0,0,0,0,0,0,0,0,0,0,0,0,0,0,0,0,0,0,0,0,0,0,0,0,0,0,0,0,0,0,0,0,0,0,0,0,0,0,0,0,0,0,0,0,0,0,0,0,0,0,0,0,0,0,0,0,0,0,0,0,0,0,0,0,0,0,0,0,0,0,0,0,0,0,0,0,0,0,0,0,0,0,0,0,0,0,0,0,0,0,0,0,0,0,0,0,0,0,0,0,0,0,0,0,0,0,0,0,0,0,0,0,0,0,15,0,0,0,0,0,0,0,0,0,0,0,0,0,0,0,0,0,0,0,0,0,0,0,0,0,0,0,0,0,0,0,0,0,0,0,0,0,0,0,0,0,0,0,0,0,0,0,0,0,35,0,0,0,0,0,0,0,0,0,Bacteria;Firmicutes;Negativicutes;Veillonellales-Selenomonadales;Veillonellaceae;Allisonella;Allisonella histaminiformans
Dielma fastidiosa,0,0,0,0,0,0,0,0,0,0,0,0,0,0,0,0,0,0,0,0,0,0,0,0,0,0,60,27,15,4,0,0,0,0,0,0,0,0,9,0,0,0,0,3,0,0,0,0,0,0,0,0,0,0,0,0,0,0,0,0,0,3,0,0,0,0,0,6,7,32,9,68,0,0,0,0,0,0,0,0,0,0,0,0,0,0,0,0,0,0,0,0,0,0,0,0,0,4,0,0,0,0,0,0,0,0,0,0,0,0,0,0,0,8,0,0,0,0,0,0,0,0,0,0,0,0,0,0,0,0,0,0,0,0,0,0,0,0,0,0,0,0,0,0,0,0,0,0,3,5,0,0,0,0,0,10,0,0,0,5,0,0,0,0,0,0,0,0,0,0,3,0,0,0,0,0,0,0,20,11,7,5,0,6,4,0,0,0,0,0,0,0,0,0,0,0,0,0,0,0,0,0,4,0,0,0,0,6,Bacteria;Firmicutes;Bacilli;Erysipelotrichales;Erysipelotrichaceae;Dielma;Dielma fastidiosa
Ruminococcus champanellensis,0,0,0,0,0,0,0,0,0,0,0,0,0,0,0,0,0,0,0,0,0,0,0,0,0,0,0,0,0,0,0,0,0,0,0,0,0,0,0,0,0,0,0,0,0,0,0,0,0,0,0,0,0,0,0,0,0,0,0,0,0,0,0,0,0,0,0,0,0,0,0,0,0,0,0,0,0,0,107,0,0,0,0,10,38,59,0,0,0,0,0,0,0,0,0,0,0,0,0,0,0,0,0,0,0,0,0,0,0,0,0,0,0,0,0,0,0,0,0,0,0,0,0,0,0,0,0,26,43,12,10,0,0,0,0,0,0,0,0,0,0,0,0,0,0,0,0,0,0,0,0,0,0,0,0,0,0,0,0,0,0,0,23,0,0,11,0,0,0,0,0,0,0,0,0,0,0,0,0,0,0,0,0,0,0,0,0,0,0,0,0,0,0,0,0,0,0,0,0,0,0,0,0,0,0,0,0,0,Bacteria;Firmicutes;Clostridia;Oscillospirales;Ruminococcaceae;Ruminococcus;Ruminococcus champanellensis
Methylobacterium-Methylorubrum jeotgali,0,4,7,0,9,0,0,0,0,0,0,0,0,0,0,3,0,0,0,0,3,0,0,0,0,4,0,6,0,11,3,0,0,0,0,0,0,2,0,0,0,0,5,0,0,0,3,0,0,0,0,0,0,0,2,5,0,8,0,0,0,2,2,3,0,0,9,3,0,5,11,7,0,0,0,4,12,0,5,0,3,0,7,12,0,5,0,2,0,0,2,0,0,7,0,0,5,3,0,4,0,5,2,0,0,0,0,0,0,0,0,0,0,0,0,0,0,0,0,0,0,0,0,0,11,0,8,0,3,0,3,2,0,0,0,6,7,0,0,0,4,0,0,6,0,5,0,0,0,0,0,0,0,0,0,0,0,0,0,0,0,0,0,0,0,0,0,0,9,5,3,0,0,3,0,7,0,0,0,4,0,0,0,5,12,3,2,7,0,0,8,0,0,2,0,0,0,3,3,0,0,0,0,0,0,0,12,0,Bacteria;Proteobacteria;Alphaproteobacteria;Rhizobiales;Beijerinckiaceae;Methylobacterium-Methylorubrum;Methylobacterium-Methylorubrum jeotgali
Prevotella corporis,0,4,4,18,0,0,0,0,0,0,0,0,0,0,0,0,0,0,0,0,0,0,7,0,37,14,0,0,0,0,0,0,0,0,0,0,0,0,0,0,0,0,0,0,0,0,0,0,0,0,0,0,0,0,0,0,0,0,0,0,0,0,0,0,0,0,0,0,0,0,0,0,0,0,0,0,0,0,0,8,0,0,0,0,0,0,0,4,0,0,0,0,0,0,0,0,0,0,0,7,0,0,0,0,0,0,0,0,0,0,0,0,0,0,0,0,0,0,0,0,0,0,0,0,0,0,0,0,0,0,0,0,0,0,0,0,0,0,0,0,113,0,0,0,52,0,0,0,0,0,0,0,0,0,0,0,0,0,0,0,0,0,0,0,0,0,0,0,0,0,0,0,0,0,17,0,12,0,3,0,0,0,0,0,0,0,0,0,0,0,0,3,3,0,0,0,17,0,0,0,0,0,0,0,0,0,0,6,Bacteria;Bacteroidota;Bacteroidia;Bacteroidales;Prevotellaceae;Prevotella;Prevotella corporis
Blautia caecimuris,0,0,0,0,0,0,0,0,0,0,0,0,0,0,0,0,0,0,0,0,0,0,0,0,0,0,0,0,0,0,0,0,0,0,0,0,0,164,0,0,0,0,0,0,0,0,0,0,0,0,50,0,0,0,0,16,16,0,0,0,0,0,0,0,0,0,0,0,0,0,0,0,0,0,0,0,0,0,0,0,0,0,0,0,0,0,0,0,0,0,0,0,0,0,0,0,0,0,0,0,0,0,0,0,0,0,0,0,0,0,0,0,0,0,0,0,0,15,24,0,0,0,0,7,0,26,0,0,0,0,0,0,0,0,0,0,0,0,0,0,0,0,0,0,0,0,0,0,0,0,3,0,0,0,0,0,0,0,0,0,0,0,0,0,0,0,0,0,0,0,0,0,0,0,0,0,0,7,0,0,0,0,0,0,0,0,0,0,0,0,0,0,0,0,0,0,0,0,0,0,0,0,0,0,0,0,0,0,Bacteria;Firmicutes;Clostridia;Lachnospirales;Lachnospiraceae;Blautia;Blautia caecimuris
Coprobacter secundus,0,0,0,0,14,0,62,66,78,16,0,0,0,0,0,0,0,0,0,0,0,0,0,0,0,0,0,0,0,0,29,42,0,0,0,0,0,0,0,0,0,0,0,0,0,0,0,0,0,0,0,0,0,0,0,0,0,0,0,0,0,0,0,0,0,0,0,0,0,0,0,0,0,0,0,0,0,0,0,0,0,0,0,0,0,0,0,0,0,0,0,0,0,0,0,0,0,0,0,0,0,0,0,0,0,0,0,0,0,0,0,0,0,0,0,0,0,0,0,0,0,0,0,0,0,0,0,0,0,0,0,0,0,0,0,0,0,0,0,0,0,0,0,0,0,0,0,0,0,0,0,0,0,0,0,0,0,0,0,0,0,0,0,0,0,0,0,0,0,0,0,0,0,0,0,0,0,0,0,0,0,0,0,0,0,0,0,0,0,0,0,0,0,0,0,0,0,0,0,0,0,0,0,0,0,0,0,0,Bacteria;Bacteroidota;Bacteroidia;Bacteroidales;Barnesiellaceae;Coprobacter;Coprobacter secundus
Prevotella disiens,0,0,0,0,0,0,0,0,0,0,0,0,0,0,0,0,0,0,0,0,0,0,0,0,0,0,0,0,0,0,0,0,0,0,0,0,0,7,0,0,0,0,0,0,0,0,0,0,0,6,3,0,26,0,0,6,0,0,0,0,0,0,0,0,0,0,0,0,0,0,0,0,33,0,0,0,0,0,0,0,0,0,0,0,0,0,0,0,0,0,0,0,0,0,0,0,0,0,0,0,0,0,0,0,0,0,5,0,0,0,0,0,0,0,0,0,0,0,0,0,0,0,0,0,0,0,0,0,0,0,0,0,0,13,5,61,58,0,4,0,7,0,0,0,6,0,0,0,0,0,0,0,0,0,0,0,0,0,0,0,0,0,0,0,0,0,0,0,0,0,0,6,0,4,0,0,0,0,0,0,0,0,0,0,0,0,0,0,0,0,0,0,0,0,0,0,0,0,0,0,0,0,0,0,0,0,3,0,Bacteria;Bacteroidota;Bacteroidia;Bacteroidales;Prevotellaceae;Prevotella;Prevotella disiens
Megasphaera massiliensis,0,0,0,0,0,0,0,0,0,0,0,0,0,0,0,0,0,0,0,0,0,0,0,0,0,0,0,0,0,0,0,0,0,0,0,0,0,0,0,0,0,0,0,0,0,0,0,0,0,0,0,0,0,0,0,0,0,0,0,0,0,0,0,0,0,0,0,0,0,0,0,0,0,0,0,0,0,0,0,0,0,0,0,0,0,0,0,0,0,0,0,0,0,0,0,0,0,0,0,0,0,0,0,0,0,0,0,11,0,14,101,9,0,0,23,0,0,0,0,0,0,0,0,0,0,0,0,0,0,0,0,0,0,0,0,0,0,0,0,0,0,0,0,0,0,0,0,0,0,0,0,0,0,0,0,0,0,0,0,0,0,0,0,0,0,0,0,0,0,0,0,0,0,0,0,0,0,0,0,0,0,0,0,12,50,24,0,0,0,0,0,0,0,0,0,0,0,0,0,0,0,0,0,0,0,0,0,0,Bacteria;Firmicutes;Negativicutes;Veillonellales-Selenomonadales;Veillonellaceae;Megasphaera;Megasphaera massiliensis
Senegalimassilia anaerobia,16,8,112,5,0,0,0,0,0,0,0,0,0,0,0,0,0,0,0,0,0,0,0,0,0,0,0,0,0,0,0,0,0,0,0,0,0,0,0,0,0,0,0,0,0,0,0,0,0,0,0,0,0,0,7,0,0,8,0,7,0,0,0,0,0,0,0,0,0,0,0,0,20,0,0,0,0,0,0,0,0,0,0,0,0,0,0,0,0,0,0,16,4,0,0,0,0,0,0,0,0,0,0,0,0,0,0,0,0,0,0,0,0,0,0,0,0,7,0,0,0,0,0,9,0,0,0,0,0,0,0,0,0,0,0,0,0,5,14,0,0,0,0,0,0,0,0,0,0,0,0,0,0,0,0,0,0,0,0,0,0,0,0,0,0,0,0,0,0,0,0,0,0,0,0,0,0,0,0,0,0,0,0,0,0,0,4,0,0,0,0,0,0,0,0,0,0,0,0,0,0,0,0,0,0,0,0,0,Bacteria;Actinobacteriota;Coriobacteriia;Coriobacteriales;Eggerthellaceae;Senegalimassilia;Senegalimassilia anaerobia
Prevotella bivia,0,0,0,0,0,4,0,0,0,0,0,0,0,0,0,0,0,0,0,0,0,0,0,0,0,0,5,0,0,5,0,0,0,0,0,0,0,5,0,0,0,0,0,0,0,0,0,0,3,0,0,0,0,0,0,19,0,0,0,0,0,6,0,0,0,0,0,0,3,0,3,18,7,0,0,0,0,0,0,0,0,0,0,0,0,0,0,8,9,56,0,0,0,0,0,0,0,4,0,5,0,0,0,0,0,0,9,0,0,0,0,0,0,0,0,0,0,0,0,0,0,0,0,0,0,0,0,0,0,0,0,0,0,0,0,0,0,0,0,0,0,0,0,0,0,0,0,0,0,0,0,0,0,0,0,5,0,0,0,0,0,0,0,0,0,0,0,0,0,0,0,0,0,0,0,0,0,0,11,0,6,0,0,8,0,0,0,0,0,0,0,0,5,0,0,0,34,0,0,0,0,0,0,0,0,0,0,0,Bacteria;Bacteroidota;Bacteroidia;Bacteroidales;Prevotellaceae;Prevotella;Prevotella bivia
Holdemania filiformis,0,0,0,0,0,0,0,0,0,0,0,0,0,0,0,0,0,0,0,0,0,0,0,0,0,0,0,0,7,0,0,0,0,0,0,0,0,0,0,0,0,5,4,0,0,3,0,0,0,0,0,0,0,0,4,0,0,9,0,0,0,0,0,0,0,0,0,0,0,0,0,0,4,0,0,0,0,0,6,0,0,0,0,6,0,10,0,0,0,0,0,0,0,0,0,0,0,0,0,3,0,4,6,0,5,0,0,0,0,0,0,0,0,0,0,0,2,9,3,0,3,4,0,4,21,7,18,3,0,9,5,9,0,0,0,0,0,0,0,0,0,0,0,0,0,0,0,0,0,0,0,0,0,0,0,4,0,0,0,5,5,0,5,0,10,0,6,0,0,0,0,0,3,0,13,0,0,0,0,0,0,0,0,0,0,2,0,0,0,0,0,0,3,0,0,0,0,0,0,0,0,0,0,0,0,0,0,0,Bacteria;Firmicutes;Bacilli;Erysipelotrichales;Erysipelotrichaceae;Holdemania;Holdemania filiformis
Dialister propionicifaciens,0,0,0,0,0,0,0,0,0,0,0,0,0,0,0,0,0,0,0,0,0,21,0,0,29,13,0,0,0,0,0,0,0,0,0,0,0,0,0,0,0,0,0,0,0,0,0,0,0,0,0,0,9,0,0,4,0,0,0,0,0,13,0,0,0,0,0,0,0,0,0,0,0,0,0,0,0,0,0,0,0,0,0,0,0,0,0,18,0,13,0,0,0,0,0,0,0,0,0,0,0,0,0,0,0,0,0,0,0,0,0,0,0,0,0,0,0,0,0,0,0,0,0,0,0,0,0,0,0,0,0,0,0,0,0,18,22,0,0,0,0,0,0,0,12,0,0,0,0,0,0,0,0,0,0,0,0,0,0,0,0,0,0,0,0,0,0,28,0,0,0,0,0,0,0,0,0,0,0,0,0,0,0,0,0,0,0,0,0,0,0,0,0,0,0,0,18,0,0,0,0,0,0,0,0,0,8,0,Bacteria;Firmicutes;Negativicutes;Veillonellales-Selenomonadales;Veillonellaceae;Dialister;Dialister propionicifaciens
Bacteroides bouchesdurhonensis,0,0,0,0,0,0,0,0,0,0,0,0,0,0,0,0,0,0,0,0,0,0,0,0,0,0,0,0,0,0,0,0,0,0,0,0,0,0,0,0,0,0,0,0,0,0,0,0,0,0,0,0,0,0,39,0,0,0,0,26,0,0,0,0,0,0,0,0,0,0,0,0,0,0,0,0,0,0,0,0,0,0,0,0,0,0,0,0,0,0,48,76,0,0,0,0,0,0,0,0,0,0,0,0,0,0,0,0,0,0,0,0,0,0,0,0,0,0,0,0,0,0,0,36,0,0,0,0,0,0,0,0,0,0,0,0,0,0,0,0,0,0,0,0,0,0,0,0,0,0,0,0,0,0,0,0,0,0,0,0,0,0,0,0,0,0,0,0,0,0,0,0,0,0,0,0,0,0,0,0,0,0,0,0,0,0,0,0,0,0,0,0,0,0,0,0,0,0,0,0,0,0,0,0,0,0,0,0,Bacteria;Bacteroidota;Bacteroidia;Bacteroidales;Bacteroidaceae;Bacteroides;Bacteroides bouchesdurhonensis
Escherichia-Shigella coli,0,0,0,0,0,0,0,0,0,0,0,0,0,0,0,0,0,0,0,0,0,0,0,0,0,0,0,0,0,0,0,0,0,0,0,0,0,0,0,0,0,0,0,0,0,0,0,0,0,0,0,0,0,0,0,0,0,0,0,0,0,0,0,0,0,0,0,0,0,0,0,0,0,0,0,0,0,0,57,0,0,0,0,117,0,41,0,0,0,0,0,0,0,0,0,0,0,0,0,0,0,0,0,0,0,0,0,0,0,0,0,0,0,0,0,0,0,0,0,0,0,0,0,0,0,0,0,0,0,0,0,0,0,0,0,0,0,0,0,0,0,0,0,0,0,0,0,0,0,0,0,0,0,0,0,0,0,0,0,0,0,0,0,0,0,0,0,0,0,0,0,0,0,0,0,0,0,0,0,0,0,0,0,0,0,0,0,0,0,0,0,0,0,0,0,0,0,0,0,0,0,0,0,0,0,0,0,0,Bacteria;Proteobacteria;Gammaproteobacteria;Enterobacterales;Enterobacteriaceae;Escherichia-Shigella;Escherichia-Shigella coli
Holdemanella biformis,0,0,0,0,0,0,0,0,0,0,0,0,0,0,0,0,0,0,0,0,0,0,0,0,0,0,0,0,0,0,0,0,0,0,0,0,0,0,0,0,0,0,0,0,0,0,0,0,0,0,0,0,0,12,26,0,0,0,0,12,12,0,0,0,0,0,0,0,0,0,0,0,0,0,0,0,0,0,0,0,0,0,0,0,0,0,0,0,0,0,20,41,12,0,0,0,0,0,0,0,0,0,0,0,0,0,0,0,0,0,0,0,0,0,0,0,0,26,0,0,0,0,0,26,0,0,0,0,0,0,0,0,0,0,0,0,0,0,0,0,0,0,0,0,0,0,0,0,0,0,0,0,0,0,0,0,0,0,0,0,0,0,0,0,0,0,0,0,0,0,0,0,0,0,0,0,0,0,0,0,0,0,0,0,0,0,0,0,0,0,0,0,0,0,0,0,0,0,0,0,0,0,0,0,0,0,0,0,Bacteria;Firmicutes;Bacilli;Erysipelotrichales;Erysipelotrichaceae;Holdemanella;Holdemanella biformis
Prevotella timonensis,0,0,0,0,27,0,3,0,0,0,0,0,0,0,0,0,0,0,0,0,0,0,0,0,0,0,0,0,0,0,0,0,0,0,0,0,0,0,0,0,0,0,0,0,0,0,0,0,0,0,0,0,0,0,0,0,0,0,0,0,0,0,0,0,0,0,0,0,0,0,0,0,44,0,0,0,0,0,0,0,0,0,0,30,0,0,0,0,0,0,0,0,0,0,0,0,0,0,0,0,0,0,0,0,0,0,0,0,0,0,0,0,0,0,0,0,0,0,0,0,0,0,0,0,0,0,0,0,0,0,0,0,0,0,0,28,10,0,12,0,0,0,0,0,0,0,3,0,0,0,0,0,0,0,0,0,0,0,0,0,0,0,0,0,0,0,0,16,0,0,4,0,0,0,0,0,0,0,0,0,0,0,0,0,0,0,0,0,0,0,0,0,0,0,0,0,3,0,0,0,0,0,0,0,0,0,0,0,Bacteria;Bacteroidota;Bacteroidia;Bacteroidales;Prevotellaceae;Prevotella;Prevotella timonensis
Subdoligranulum variabile,0,0,0,0,0,0,0,0,0,0,0,0,0,0,0,0,0,0,0,0,0,0,0,0,0,0,0,0,0,0,0,0,0,0,0,0,0,0,0,0,0,0,0,0,0,0,0,0,0,0,0,0,0,0,0,0,0,0,0,0,0,0,0,0,0,0,0,0,0,0,0,0,0,0,0,0,0,0,0,0,0,0,0,0,0,0,0,0,0,0,0,0,0,0,0,0,0,0,0,0,0,0,0,0,0,0,0,0,0,0,0,0,0,0,0,0,0,0,0,0,0,0,0,0,0,0,0,0,0,0,0,0,0,0,12,23,22,0,0,0,0,0,0,0,0,0,0,0,0,0,0,0,0,0,0,0,0,0,0,0,0,0,0,0,0,0,0,47,30,0,14,13,15,0,0,0,0,0,0,0,0,0,0,0,0,0,0,0,0,0,0,0,0,0,0,0,0,0,0,0,0,0,0,0,0,0,0,0,Bacteria;Firmicutes;Clostridia;Oscillospirales;Ruminococcaceae;Subdoligranulum;Subdoligranulum variabile
Anaerococcus vaginalis,0,0,0,0,8,0,0,0,0,0,0,0,0,0,0,0,0,0,0,0,0,14,13,0,10,5,0,0,0,0,0,0,0,0,0,0,0,0,0,0,0,0,0,0,0,0,0,0,0,3,0,0,2,0,0,2,0,0,0,0,0,0,0,0,0,0,0,0,0,0,0,0,0,0,0,0,0,0,0,0,0,0,0,0,0,0,0,9,0,6,0,0,0,0,0,0,0,0,0,0,0,0,0,0,0,0,0,0,0,0,0,0,0,0,0,0,0,0,0,0,0,0,0,0,0,0,0,0,0,0,0,0,0,6,4,0,18,0,0,0,0,0,0,0,0,0,0,0,0,0,0,0,0,0,0,0,0,0,0,0,0,0,0,0,0,0,0,9,0,0,0,0,0,0,4,0,0,0,0,0,0,0,0,0,0,0,0,0,0,0,7,3,0,0,5,0,30,0,0,0,0,0,0,0,0,0,0,0,Bacteria;Firmicutes;Clostridia;Peptostreptococcales-Tissierellales;Family XI;Anaerococcus;Anaerococcus vaginalis
Victivallis vadensis,0,0,0,0,0,0,0,0,0,0,31,54,2,0,0,0,0,0,0,0,0,0,0,0,0,0,0,0,0,0,0,0,0,0,0,0,0,0,0,0,0,0,0,0,0,0,0,0,0,0,0,0,0,0,0,0,0,0,0,2,0,0,0,0,0,0,0,0,0,0,0,0,6,0,3,0,0,0,0,0,0,0,0,0,0,0,0,0,0,0,0,0,0,0,0,0,0,0,0,0,0,0,0,0,0,0,0,0,0,0,0,0,0,2,0,0,0,4,0,0,0,0,0,4,0,0,0,0,0,0,0,0,0,0,0,0,0,0,0,0,0,0,0,0,0,0,0,0,0,0,0,0,0,0,0,0,0,0,0,0,0,0,0,0,0,0,0,0,0,0,0,0,0,0,0,0,0,0,0,0,0,0,0,0,0,0,2,0,0,0,0,0,0,0,0,0,0,0,0,0,0,0,0,35,0,0,0,0,Bacteria;Verrucomicrobiota;Lentisphaeria;Victivallales;Victivallaceae;Victivallis;Victivallis vadensis
Prevotella buccalis,4,6,20,0,0,0,0,0,0,0,0,0,0,0,0,0,0,0,0,0,0,0,0,0,10,0,0,0,0,0,0,0,0,0,0,0,0,0,0,0,0,0,0,0,0,0,0,0,0,0,0,0,5,0,0,3,0,0,0,0,0,0,0,0,0,0,0,0,0,0,0,0,9,0,0,0,0,0,0,0,0,0,0,0,0,0,0,8,0,0,0,3,0,0,0,0,0,0,0,0,0,0,0,0,0,0,0,0,0,0,0,0,0,0,0,0,0,0,0,0,0,0,0,0,0,0,0,0,0,0,0,0,0,0,0,0,0,0,3,3,18,0,0,0,7,0,0,0,0,0,0,0,0,0,0,0,0,0,0,0,0,0,0,0,0,0,0,0,0,0,0,0,0,3,9,0,0,0,0,0,0,0,0,0,0,0,0,0,0,0,0,0,6,0,3,0,21,0,0,0,0,0,0,0,0,0,0,0,Bacteria;Bacteroidota;Bacteroidia;Bacteroidales;Prevotellaceae;Prevotella;Prevotella buccalis
Lactobacillus iners,0,0,0,0,0,0,0,0,26,11,0,0,0,0,0,0,0,0,0,0,0,0,0,0,0,0,0,0,0,0,0,0,0,0,0,0,0,6,0,0,0,0,0,0,0,0,0,0,0,0,0,0,0,0,0,10,0,0,0,0,0,0,0,0,0,0,0,0,0,0,0,0,0,0,0,0,0,0,3,0,0,0,0,0,0,0,0,12,0,0,0,0,0,0,0,0,0,0,0,0,0,0,0,0,0,0,0,0,0,0,0,0,0,0,0,0,0,0,0,0,0,0,0,0,0,0,0,0,0,0,0,0,0,0,0,0,0,0,0,0,0,0,0,0,0,0,0,0,0,0,0,0,0,0,0,0,0,0,0,0,0,0,0,0,0,0,0,0,0,0,0,0,0,0,0,0,0,0,0,0,0,0,0,0,0,0,0,0,0,0,0,6,7,0,0,8,42,0,0,0,0,0,0,0,0,0,0,0,Bacteria;Firmicutes;Bacilli;Lactobacillales;Lactobacillaceae;Lactobacillus;Lactobacillus iners
[Eubacterium] fissicatena group contortum,0,0,0,0,0,0,0,0,0,0,0,0,0,0,0,0,0,0,0,0,0,0,0,0,0,0,0,0,22,0,0,0,0,0,0,0,0,0,0,0,0,0,0,0,0,0,0,0,0,0,0,0,0,0,0,0,0,0,0,0,0,0,0,0,0,0,0,0,0,0,0,0,0,0,0,0,0,0,0,0,0,0,0,0,0,0,0,0,0,0,0,0,0,0,0,0,0,0,0,0,0,3,0,0,0,0,0,0,0,0,0,0,0,0,3,0,0,0,5,0,0,0,0,0,0,0,0,0,0,3,0,3,3,0,0,0,0,0,0,0,0,0,0,0,0,0,0,0,0,0,0,0,0,15,4,0,0,0,0,0,0,0,23,0,6,0,3,0,0,0,0,0,0,0,0,0,0,5,0,6,4,4,0,13,0,0,0,0,0,0,0,0,0,0,0,0,0,0,0,5,0,0,0,0,0,0,0,0,Bacteria;Firmicutes;Clostridia;Lachnospirales;Lachnospiraceae;[Eubacterium] fissicatena group;[Eubacterium] fissicatena group contortum
Fusobacterium gonidiaformans,0,0,0,0,13,3,0,0,0,0,0,0,0,0,0,0,0,0,0,0,0,0,0,0,0,0,0,0,0,0,0,0,0,0,0,0,0,0,0,0,0,0,0,0,0,0,0,0,0,0,0,0,0,0,0,0,0,0,0,0,0,0,0,0,0,0,0,0,0,0,0,0,0,0,0,0,0,0,0,0,0,0,0,0,0,0,0,5,0,0,0,0,0,0,0,0,0,0,0,49,10,0,0,0,0,0,0,0,0,0,0,0,0,0,0,0,0,0,0,0,0,0,0,0,0,0,0,0,0,0,0,0,0,0,0,0,0,0,0,0,0,0,0,0,0,0,0,0,0,0,0,0,0,0,0,0,0,0,0,0,0,0,0,0,0,0,0,0,0,0,0,0,0,0,0,0,0,0,0,0,0,0,0,0,0,0,0,0,0,0,0,0,0,0,0,0,46,0,0,0,0,0,0,0,0,0,0,0,Bacteria;Fusobacteriota;Fusobacteriia;Fusobacteriales;Fusobacteriaceae;Fusobacterium;Fusobacterium gonidiaformans
Varibaculum cambriense,0,0,0,0,0,0,0,0,0,0,0,0,0,0,0,0,0,0,0,0,0,0,0,0,0,0,0,0,0,0,0,0,0,0,0,0,0,0,0,0,0,0,0,0,0,0,0,0,0,0,0,0,0,0,0,0,0,3,0,0,0,3,0,0,0,0,0,0,0,0,0,0,0,0,0,0,0,0,0,0,0,0,0,0,0,0,0,0,0,0,0,0,0,0,0,0,0,0,0,0,0,0,0,0,0,0,0,0,0,0,0,0,0,0,0,0,0,0,0,0,0,0,0,0,0,0,0,0,0,0,0,0,0,0,0,14,7,0,0,0,0,0,0,0,0,0,0,0,0,0,0,0,0,0,0,0,0,0,0,0,0,0,0,0,0,0,0,79,6,0,0,0,0,0,0,0,0,0,0,0,0,0,0,0,0,0,0,0,0,0,0,0,0,0,0,0,10,0,0,0,0,0,0,0,0,0,0,0,Bacteria;Actinobacteriota;Actinobacteria;Actinomycetales;Actinomycetaceae;Varibaculum;Varibaculum cambriense
Acidaminococcus intestini,0,0,0,0,36,0,30,55,0,0,0,0,0,0,0,0,0,0,0,0,0,0,0,0,0,0,0,0,0,0,0,0,0,0,0,0,0,0,0,0,0,0,0,0,0,0,0,0,0,0,0,0,0,0,0,0,0,0,0,0,0,0,0,0,0,0,0,0,0,0,0,0,0,0,0,0,0,0,0,0,0,0,0,0,0,0,0,0,0,0,0,0,0,0,0,0,0,0,0,0,0,0,0,0,0,0,0,0,0,0,0,0,0,0,0,0,0,0,0,0,0,0,0,0,0,0,0,0,0,0,0,0,0,0,0,0,0,0,0,0,0,0,0,0,0,0,0,0,0,0,0,0,0,0,0,0,0,0,0,0,0,0,0,0,0,0,0,0,0,0,0,0,0,0,0,0,0,0,0,0,0,0,0,0,0,0,0,0,0,0,0,0,0,0,0,0,0,0,0,0,0,0,0,0,0,0,0,0,Bacteria;Firmicutes;Negativicutes;Acidaminococcales;Acidaminococcaceae;Acidaminococcus;Acidaminococcus intestini
Bifidobacterium bifidum,0,0,0,0,0,0,0,0,0,0,0,0,0,0,0,0,0,0,0,0,0,0,0,0,0,0,0,0,0,0,0,0,0,0,0,0,0,0,0,0,0,0,0,0,0,0,0,0,0,0,0,0,0,0,0,0,0,0,0,0,0,0,0,0,0,0,0,0,0,0,0,0,0,0,0,0,0,0,0,0,0,0,0,0,0,0,0,0,0,0,0,0,0,0,0,0,0,0,0,0,0,0,0,0,0,0,0,0,0,0,0,0,0,0,0,0,0,0,0,0,0,0,0,0,0,0,0,0,0,0,0,0,0,0,0,0,0,0,0,0,0,0,0,26,0,0,0,0,0,0,0,0,0,0,0,0,0,0,0,0,0,0,0,0,0,0,0,0,0,0,0,0,0,18,76,0,0,0,0,0,0,0,0,0,0,0,0,0,0,0,0,0,0,0,0,0,0,0,0,0,0,0,0,0,0,0,0,0,Bacteria;Actinobacteriota;Actinobacteria;Bifidobacteriales;Bifidobacteriaceae;Bifidobacterium;Bifidobacterium bifidum
Coprobacillus cateniformis,0,0,0,0,0,0,0,0,0,0,0,0,0,0,0,0,0,0,0,0,0,0,0,0,0,0,12,0,0,0,0,0,0,0,0,0,0,0,0,0,0,0,0,0,0,0,0,0,0,0,0,0,0,0,0,0,0,0,0,0,0,0,0,0,0,0,0,0,0,0,0,35,0,0,0,0,0,0,11,0,0,0,0,0,0,48,0,0,0,0,0,0,0,0,0,0,0,0,0,0,0,0,0,0,0,0,0,0,0,0,0,0,0,0,0,0,0,0,0,0,0,0,0,0,0,0,0,0,0,0,0,0,0,0,0,0,0,0,0,0,0,0,0,0,0,0,0,0,0,0,0,0,0,0,0,0,0,0,0,0,0,0,0,0,0,0,0,0,0,0,0,0,0,0,0,0,0,0,0,0,0,0,0,0,7,7,0,0,0,0,0,0,0,0,0,0,0,0,0,0,0,0,0,0,0,0,0,0,Bacteria;Firmicutes;Bacilli;Erysipelotrichales;Erysipelatoclostridiaceae;Coprobacillus;Coprobacillus cateniformis
Colidextribacter massiliensis,0,0,0,0,0,0,0,0,0,0,0,0,0,0,0,0,0,0,0,0,0,0,0,0,0,0,0,0,0,0,0,0,0,0,0,0,0,0,0,0,0,0,0,0,0,0,0,0,0,0,0,0,0,0,0,0,0,0,0,0,0,0,0,0,0,0,0,0,0,0,0,0,8,0,0,0,0,0,0,0,0,0,0,0,0,0,0,0,0,0,0,16,0,0,0,0,0,0,0,0,0,0,0,0,0,0,0,0,0,0,0,0,0,0,0,0,0,10,0,0,0,0,0,0,0,0,0,0,0,7,0,0,0,0,0,0,0,0,0,0,0,0,0,0,0,0,0,0,0,0,0,0,0,0,0,0,0,0,0,0,0,0,15,0,0,0,10,0,0,0,0,0,0,11,10,0,0,0,0,0,0,0,0,0,0,0,0,0,0,0,0,0,0,0,5,0,0,0,0,0,0,0,5,0,0,0,7,0,Bacteria;Firmicutes;Clostridia;Oscillospirales;Oscillospiraceae;Colidextribacter;Colidextribacter massiliensis
Pseudoflavonifractor capillosus,0,4,0,0,0,0,0,11,0,0,0,0,0,0,0,0,0,0,0,0,0,0,0,0,0,0,0,0,0,0,7,0,0,0,0,0,0,0,0,0,0,0,0,0,0,0,0,0,0,0,0,0,0,0,0,0,0,0,0,0,0,0,0,0,0,8,0,0,0,9,0,0,0,0,0,0,0,0,0,0,0,0,0,0,0,0,0,0,0,0,0,0,0,0,0,0,0,0,0,9,3,17,14,0,0,0,0,0,0,0,0,0,0,0,0,0,0,0,0,0,0,0,0,0,0,0,0,0,0,0,0,0,0,0,0,0,0,0,0,0,0,0,0,0,0,0,0,0,0,0,0,0,0,0,0,0,0,0,0,0,8,0,0,0,0,0,0,0,11,0,0,0,0,0,0,0,0,0,0,0,0,0,0,0,0,0,0,0,0,0,0,0,0,0,0,0,0,0,0,0,0,0,0,0,0,0,0,0,Bacteria;Firmicutes;Clostridia;Oscillospirales;Oscillospiraceae;Pseudoflavonifractor;Pseudoflavonifractor capillosus
Porphyromonas asaccharolytica,0,0,6,0,0,0,0,0,0,0,0,0,0,0,0,0,0,0,0,0,0,0,0,0,0,0,0,0,0,0,0,2,0,0,0,0,0,0,0,0,0,0,0,0,0,0,0,0,0,0,0,0,0,0,0,0,0,0,5,0,0,0,0,0,0,0,0,0,0,0,0,0,0,0,0,0,0,0,0,5,0,0,0,0,0,0,0,12,0,0,0,0,0,0,0,0,0,0,0,0,0,0,0,0,0,0,0,0,0,0,0,0,0,0,0,0,0,0,0,0,0,0,0,0,0,0,0,0,0,0,0,0,0,0,0,0,0,0,0,0,23,0,0,0,8,0,0,0,0,0,0,0,0,0,0,0,0,0,0,0,0,0,0,0,0,0,0,0,0,0,0,0,0,7,6,0,0,0,0,0,0,0,0,0,0,0,0,0,0,0,0,7,7,3,3,0,0,0,0,0,0,0,0,0,0,0,0,0,Bacteria;Bacteroidota;Bacteroidia;Bacteroidales;Porphyromonadaceae;Porphyromonas;Porphyromonas asaccharolytica
Corynebacterium aurimucosum,0,0,6,0,0,0,0,0,7,8,0,0,0,0,0,0,0,0,0,0,0,0,0,0,0,0,0,0,0,0,0,0,0,0,0,0,0,0,0,0,0,0,0,0,0,0,0,0,0,0,0,0,0,11,0,0,0,0,0,0,0,0,0,0,0,0,0,0,0,0,0,0,0,0,0,0,0,0,0,0,0,0,0,0,0,0,0,5,0,0,0,0,2,0,0,0,0,0,0,0,0,0,0,0,0,0,0,0,0,0,0,0,0,8,0,0,0,13,0,0,0,0,0,0,0,0,0,0,0,0,0,0,0,0,0,0,0,0,0,0,0,0,0,0,0,0,0,0,0,0,0,0,0,0,0,0,0,0,0,0,0,0,0,0,0,0,0,0,0,0,0,0,0,0,0,0,0,0,0,0,0,0,0,0,0,0,5,0,0,0,0,0,16,0,0,3,8,0,0,0,0,0,0,0,0,0,0,0,Bacteria;Actinobacteriota;Actinobacteria;Corynebacteriales;Corynebacteriaceae;Corynebacterium;Corynebacterium aurimucosum
Peptoniphilus duerdenii,0,0,0,0,0,0,0,0,0,0,0,0,0,0,0,0,0,0,0,0,0,5,0,0,0,4,0,0,0,0,3,0,0,0,0,0,0,0,0,0,0,0,0,0,0,0,0,0,0,0,0,0,0,0,0,0,0,0,0,0,0,0,0,0,0,0,0,0,0,0,0,0,0,0,0,0,0,0,0,0,0,0,0,0,0,0,0,19,0,0,0,0,0,0,0,0,0,0,0,0,0,0,0,0,0,0,0,0,0,0,0,0,0,0,0,0,0,0,0,0,0,0,0,0,0,0,0,0,0,0,0,0,0,0,0,0,0,0,0,0,0,0,0,0,0,0,0,0,0,0,0,0,0,0,0,0,0,0,0,0,0,0,0,0,0,0,0,0,0,0,0,0,0,0,0,0,0,0,0,0,0,0,0,0,0,0,0,0,0,0,0,0,0,0,0,0,61,0,0,0,0,0,0,0,0,0,0,0,Bacteria;Firmicutes;Clostridia;Peptostreptococcales-Tissierellales;Family XI;Peptoniphilus;Peptoniphilus duerdenii
Peptoniphilus grossensis,0,0,4,0,0,0,3,0,0,0,0,0,0,0,0,0,0,0,0,0,0,0,4,0,10,6,0,0,0,0,6,0,0,0,0,0,0,0,0,0,0,0,0,0,0,0,0,0,0,0,3,0,0,0,0,0,0,0,0,0,0,0,0,0,0,0,0,0,0,0,0,5,4,0,0,0,0,0,0,0,0,0,0,0,0,0,0,0,0,0,0,0,0,0,3,0,0,0,0,2,0,0,0,0,0,0,0,0,0,0,0,0,0,0,0,0,0,0,0,0,0,0,0,0,0,0,0,0,0,0,0,0,0,0,0,0,0,0,0,0,0,0,0,0,6,0,0,0,0,0,0,0,0,0,0,2,0,0,0,0,0,0,0,0,0,0,0,0,0,0,4,0,0,0,7,0,5,0,0,0,0,0,0,0,0,0,2,0,0,0,0,0,0,0,0,0,15,0,0,0,0,0,0,0,0,0,0,0,Bacteria;Firmicutes;Clostridia;Peptostreptococcales-Tissierellales;Family XI;Peptoniphilus;Peptoniphilus grossensis
Slackia isoflavoniconvertens,0,0,0,0,0,0,0,0,0,0,0,0,0,0,3,3,0,9,0,0,0,0,0,0,0,0,0,0,0,0,0,0,0,0,0,0,0,0,0,0,0,0,0,0,0,0,0,0,0,0,0,0,0,3,0,0,0,0,0,0,0,0,0,0,0,0,0,0,0,0,0,0,5,0,0,7,0,0,0,0,0,0,0,0,0,0,0,0,0,0,13,11,0,0,0,0,0,0,0,0,0,0,0,0,0,0,0,0,0,0,0,0,0,4,0,0,0,0,0,0,0,0,0,0,0,0,0,0,0,0,0,0,0,0,0,0,0,6,15,0,0,0,0,0,0,0,6,0,0,0,0,0,0,0,0,0,0,0,0,0,0,0,0,0,0,0,0,0,0,0,0,0,0,0,0,0,0,0,0,0,0,0,0,0,0,0,0,0,0,0,0,0,0,0,0,0,0,0,0,0,0,0,0,0,0,0,0,0,Bacteria;Actinobacteriota;Coriobacteriia;Coriobacteriales;Eggerthellaceae;Slackia;Slackia isoflavoniconvertens
Parabacteroides distasonis,0,0,0,0,0,0,0,0,0,0,0,0,0,0,0,0,0,0,0,0,0,0,0,0,0,0,0,0,0,0,0,0,0,0,0,0,0,0,0,0,0,0,0,0,0,0,0,0,0,0,0,0,0,0,0,0,0,0,0,0,0,0,0,0,0,0,0,0,0,0,0,0,0,0,0,0,0,0,0,0,0,0,0,0,0,0,0,0,0,0,0,0,0,0,0,0,0,0,0,0,0,0,0,0,0,0,0,0,0,0,0,0,0,0,0,0,0,0,0,0,0,0,0,0,0,0,0,0,0,0,0,23,0,0,0,0,0,0,0,0,0,0,0,0,0,0,0,0,0,0,0,0,0,0,0,0,0,0,0,0,19,0,0,0,0,0,0,0,0,0,0,0,0,0,41,0,0,0,0,0,0,0,0,0,0,0,0,0,0,0,0,0,0,0,0,0,0,0,0,0,0,0,0,0,0,0,0,0,Bacteria;Bacteroidota;Bacteroidia;Bacteroidales;Tannerellaceae;Parabacteroides;Parabacteroides distasonis
Porphyromonas somerae,0,0,13,0,0,0,0,0,4,3,0,0,0,0,0,0,0,0,0,0,0,0,0,0,0,0,0,0,0,0,0,0,0,0,0,0,0,0,0,0,0,0,0,0,0,0,0,0,0,0,0,0,0,0,0,0,0,0,0,0,0,0,0,0,0,0,0,0,0,0,0,0,0,0,0,0,0,0,0,0,0,0,0,0,0,0,0,15,0,0,0,0,0,0,0,0,0,0,0,0,0,0,0,0,0,0,0,0,0,0,0,0,0,0,0,0,0,0,0,0,0,0,0,0,0,0,0,0,0,0,0,0,0,0,0,0,0,0,0,0,0,0,0,0,0,0,0,0,0,0,0,0,0,0,0,0,0,0,0,0,0,0,0,0,0,0,0,0,0,0,0,0,0,0,0,0,0,0,0,0,0,0,0,0,0,0,0,0,0,0,0,4,0,0,0,0,39,0,0,0,0,0,0,0,0,0,0,0,Bacteria;Bacteroidota;Bacteroidia;Bacteroidales;Porphyromonadaceae;Porphyromonas;Porphyromonas somerae
Murdochiella massiliensis,0,0,0,0,0,0,0,0,0,0,0,0,0,0,0,0,0,0,0,0,0,0,0,0,0,0,0,0,0,0,0,0,0,0,0,0,0,0,0,0,0,0,0,0,0,0,0,0,0,0,0,0,0,0,0,0,0,0,0,0,0,0,0,0,0,0,0,0,0,0,0,0,0,0,0,0,0,0,0,0,0,0,0,0,0,0,0,8,0,0,0,0,0,0,0,0,0,0,0,0,0,0,0,0,0,0,0,0,0,0,0,0,0,0,0,0,0,0,0,0,0,0,0,0,0,0,0,0,0,0,0,0,0,0,0,0,0,0,0,0,0,0,0,0,0,0,0,0,0,0,0,0,0,0,0,0,0,0,0,0,0,0,0,0,0,0,0,0,0,0,0,0,0,0,0,0,0,0,0,0,0,0,0,0,0,0,0,0,0,0,0,4,5,0,0,0,53,0,0,0,0,0,0,0,0,0,0,0,Bacteria;Firmicutes;Clostridia;Peptostreptococcales-Tissierellales;Family XI;Murdochiella;Murdochiella massiliensis
Desulfovibrio desulfuricans,0,0,0,0,0,0,0,0,0,0,0,0,0,0,0,0,0,0,0,0,0,0,0,0,0,0,0,0,0,0,0,0,0,0,0,0,0,0,0,0,0,0,0,0,0,0,0,0,0,0,0,0,0,0,0,0,0,0,0,0,0,0,0,0,0,0,0,0,0,0,0,0,0,0,0,0,0,0,0,0,0,0,0,0,0,0,0,0,0,0,0,0,0,0,0,0,0,0,0,0,0,0,0,0,0,0,0,0,0,0,0,0,0,10,0,0,0,0,0,0,0,0,0,0,0,0,0,0,0,0,0,0,0,0,0,0,0,0,0,0,0,0,0,0,0,0,0,0,0,0,0,0,0,0,0,0,0,0,0,0,0,0,0,0,0,0,0,0,0,0,0,0,0,0,0,0,0,0,29,6,0,9,6,0,0,0,8,0,0,0,0,0,0,0,0,0,0,0,0,0,0,0,0,0,0,0,0,0,Bacteria;Desulfobacterota;Desulfovibrionia;Desulfovibrionales;Desulfovibrionaceae;Desulfovibrio;Desulfovibrio desulfuricans
Bifidobacterium animalis,0,0,0,0,0,0,0,0,0,0,0,0,0,0,0,0,0,0,0,0,0,0,0,0,0,0,0,0,0,0,0,0,0,0,0,0,0,0,0,0,0,0,0,0,0,0,0,0,0,0,0,0,0,0,0,0,0,0,0,0,0,0,0,0,0,0,0,0,0,0,0,0,0,0,0,4,0,0,0,0,0,0,0,0,0,0,5,0,4,0,0,0,0,0,0,0,6,6,0,0,0,0,0,0,0,0,0,0,0,0,0,0,0,0,0,0,0,0,0,0,0,0,0,0,0,0,0,0,0,0,0,0,0,0,0,0,0,0,0,0,0,0,0,0,0,0,0,0,0,0,0,0,0,0,0,0,0,0,0,0,0,5,0,0,0,0,0,0,0,0,0,0,0,0,0,0,0,0,0,0,0,0,0,0,0,0,0,0,0,0,0,0,0,0,0,0,0,0,0,18,8,0,0,0,0,0,10,0,Bacteria;Actinobacteriota;Actinobacteria;Bifidobacteriales;Bifidobacteriaceae;Bifidobacterium;Bifidobacterium animalis
Mailhella massiliensis,0,0,0,0,0,0,0,0,0,0,0,0,0,0,0,0,0,0,0,0,0,0,0,0,0,0,0,0,0,0,0,0,0,0,0,0,0,0,0,0,0,0,0,0,0,0,0,0,0,0,0,0,0,0,0,0,0,0,0,0,0,0,0,0,0,0,0,0,0,0,0,0,0,0,0,0,0,0,0,0,0,0,0,0,0,0,0,0,0,0,0,0,0,0,0,0,0,0,0,0,0,64,0,0,0,0,0,0,0,0,0,0,0,0,0,0,0,0,0,0,0,0,0,0,0,0,0,0,0,0,0,0,0,0,0,0,0,0,0,0,0,0,0,0,0,0,0,0,0,0,0,0,0,0,0,0,0,0,0,0,0,0,0,0,0,0,0,0,0,0,0,0,0,0,0,0,0,0,0,0,0,0,0,0,0,0,0,0,0,0,0,0,0,0,0,0,0,0,0,0,0,0,0,0,0,0,0,0,Bacteria;Desulfobacterota;Desulfovibrionia;Desulfovibrionales;Desulfovibrionaceae;Mailhella;Mailhella massiliensis
Lactococcus lactis,0,0,0,0,0,0,0,0,0,0,0,0,0,0,0,0,0,0,0,0,0,0,0,0,0,0,0,0,0,0,0,0,0,0,0,0,0,5,0,0,0,0,0,0,0,0,0,0,0,0,8,0,0,0,0,0,0,0,0,0,0,0,0,0,0,0,0,0,0,0,0,0,0,0,0,0,0,0,0,0,0,0,0,0,0,0,0,0,0,0,0,0,0,0,0,0,0,0,0,0,0,0,0,0,0,0,0,0,0,0,0,0,0,0,0,0,0,9,0,0,0,0,0,0,0,0,6,0,0,0,0,0,0,0,0,0,0,0,0,0,0,0,0,0,0,0,0,0,0,0,0,0,0,0,0,0,0,0,0,0,0,0,0,0,0,0,0,0,0,0,20,0,0,0,0,0,0,0,0,0,0,0,0,0,0,0,0,0,0,0,14,0,0,0,0,0,0,0,0,0,0,0,0,0,0,0,0,0,Bacteria;Firmicutes;Bacilli;Lactobacillales;Streptococcaceae;Lactococcus;Lactococcus lactis
Cloacibacillus evryensis,0,0,0,0,0,0,0,0,0,0,0,10,0,0,0,0,0,0,0,0,0,0,0,0,0,0,0,0,0,0,0,0,0,0,0,0,0,0,0,0,0,0,0,0,0,0,0,0,0,0,0,0,0,0,0,0,0,0,0,0,0,0,0,0,0,0,0,0,0,0,0,0,0,0,0,0,6,0,0,7,0,2,0,0,0,0,0,0,0,0,0,0,0,0,0,0,0,0,0,0,0,0,0,0,0,0,0,0,0,0,0,0,0,5,0,0,3,0,0,0,0,0,0,0,0,0,0,0,0,0,0,0,0,0,0,0,0,0,0,0,0,0,0,0,0,0,0,0,0,0,0,0,6,0,5,0,0,0,0,0,0,0,0,0,0,0,0,0,0,0,0,0,0,0,0,0,0,0,0,0,0,4,0,9,0,0,0,0,0,0,0,0,0,0,0,0,0,0,0,0,0,0,0,0,0,0,0,3,Bacteria;Synergistota;Synergistia;Synergistales;Synergistaceae;Cloacibacillus;Cloacibacillus evryensis
Porphyromonas uenonis,0,0,0,0,0,0,0,0,0,0,0,0,0,0,0,0,0,0,0,0,0,0,0,0,0,0,0,0,0,0,0,0,0,0,0,0,0,0,0,0,0,0,0,0,0,0,0,0,0,0,0,0,0,0,0,0,0,6,0,0,0,17,0,0,0,0,0,0,0,0,0,0,0,0,0,0,0,0,0,0,0,0,0,25,0,3,0,0,0,0,0,0,0,0,0,0,0,0,0,0,0,0,0,0,0,0,0,0,0,0,0,0,0,0,0,0,0,0,0,0,0,0,0,0,0,0,0,0,0,0,0,0,0,0,0,0,0,0,0,0,0,0,0,0,0,0,0,0,0,0,0,0,0,0,0,0,0,0,0,0,0,0,0,0,0,0,0,0,0,0,0,0,0,0,0,0,0,0,0,0,0,0,0,0,0,0,0,0,0,0,0,0,0,0,0,0,0,0,0,0,0,0,0,0,0,0,4,0,Bacteria;Bacteroidota;Bacteroidia;Bacteroidales;Porphyromonadaceae;Porphyromonas;Porphyromonas uenonis
[Bacteroides] pectinophilus group pectinophilus,0,0,0,0,0,0,0,0,0,15,0,0,0,0,0,0,0,0,0,0,0,0,0,0,0,0,0,0,0,0,0,0,0,0,0,0,0,0,0,0,0,0,0,0,0,0,0,0,0,0,0,0,0,0,0,0,0,0,0,0,0,0,0,0,0,0,0,0,0,0,0,0,0,0,0,0,0,0,0,0,0,0,0,0,0,0,0,0,0,0,0,0,0,0,0,0,0,0,0,0,0,0,0,0,0,0,0,0,0,0,0,0,0,0,0,0,0,0,0,0,0,0,0,0,0,0,0,0,0,0,0,0,0,0,0,0,0,0,0,0,0,0,0,0,0,0,0,0,0,0,0,0,0,0,0,0,0,0,0,0,0,0,0,0,0,0,0,0,0,0,0,0,0,0,0,0,0,0,0,0,0,0,0,0,0,0,0,0,0,0,0,40,0,0,0,0,0,0,0,0,0,0,0,0,0,0,0,0,Bacteria;Firmicutes;Clostridia;Lachnospirales;Lachnospiraceae;[Bacteroides] pectinophilus group;[Bacteroides] pectinophilus group pectinophilus
Corynebacterium tuberculostearicum,0,0,0,0,0,0,0,0,0,0,0,0,0,0,0,0,0,0,3,0,0,0,0,0,0,0,0,0,0,0,0,0,0,0,0,0,0,0,0,0,0,0,0,0,0,0,0,0,0,0,0,0,0,0,0,0,0,0,0,0,0,0,0,0,0,0,0,0,0,0,0,0,0,0,0,0,0,0,0,0,0,0,0,0,0,0,0,0,0,0,0,0,0,0,4,0,0,0,0,0,0,0,0,0,0,0,0,0,0,0,0,0,0,0,0,2,0,8,0,0,0,0,0,0,0,0,0,0,0,0,0,0,0,0,0,0,0,0,0,0,0,0,0,0,0,0,0,0,0,0,0,0,0,0,0,0,0,0,0,0,0,0,0,0,0,0,0,0,0,0,0,0,2,0,0,0,0,0,0,0,0,0,0,0,0,0,0,0,0,0,31,0,0,0,4,0,0,0,0,0,0,0,0,0,0,0,0,0,Bacteria;Actinobacteriota;Actinobacteria;Corynebacteriales;Corynebacteriaceae;Corynebacterium;Corynebacterium tuberculostearicum
Collinsella stercoris,0,0,0,0,0,0,0,0,0,0,0,0,0,0,0,0,0,0,0,0,0,0,0,0,0,0,0,0,0,0,0,0,0,0,0,0,0,0,0,0,0,0,0,0,0,0,0,0,0,0,0,0,0,0,0,0,0,21,19,0,0,0,6,0,7,0,0,0,0,0,0,0,0,0,0,0,0,0,0,0,0,0,0,0,0,0,0,0,0,0,0,0,0,0,0,0,0,0,0,0,0,0,0,0,0,0,0,0,0,0,0,0,0,0,0,0,0,0,0,0,0,0,0,0,0,0,0,0,0,0,0,0,0,0,0,0,0,0,0,0,0,0,0,0,0,0,0,0,0,0,0,0,0,0,0,0,0,0,0,0,0,0,0,0,0,0,0,0,0,0,0,0,0,0,0,0,0,0,0,0,0,0,0,0,0,0,0,0,0,0,0,0,0,0,0,0,0,0,0,0,0,0,0,0,0,0,0,0,Bacteria;Actinobacteriota;Coriobacteriia;Coriobacteriales;Coriobacteriaceae;Collinsella;Collinsella stercoris
Streptococcus anginosus,0,0,0,0,0,0,0,0,0,0,0,0,0,0,0,0,0,0,0,0,0,0,0,0,0,0,0,0,0,0,0,0,0,0,0,0,0,0,0,0,0,0,0,0,0,0,0,0,0,0,0,0,0,0,0,0,0,0,0,0,0,0,0,0,0,0,0,0,0,0,0,0,0,0,0,0,0,0,0,0,0,0,0,0,0,0,0,0,0,0,0,0,0,0,0,0,0,0,0,0,0,0,0,0,0,0,0,0,0,0,0,0,0,0,0,0,0,0,0,0,0,0,0,0,0,0,0,0,0,0,0,0,0,0,0,23,0,0,0,0,0,0,0,0,0,0,0,0,0,0,0,0,0,0,0,0,0,0,0,0,0,0,0,0,0,0,0,21,0,0,0,0,0,0,0,0,0,0,0,0,0,0,0,0,0,0,0,0,0,0,0,0,0,0,0,0,0,0,0,0,0,0,0,0,0,0,0,0,Bacteria;Firmicutes;Bacilli;Lactobacillales;Streptococcaceae;Streptococcus;Streptococcus anginosus
Neisseria perflava,0,0,0,0,0,0,0,0,0,0,0,0,0,0,0,0,0,0,0,0,0,0,0,0,0,0,0,0,0,0,0,0,0,0,0,0,0,0,0,0,0,0,0,0,0,0,0,0,0,0,0,0,0,0,0,0,0,0,0,0,0,0,0,0,0,0,0,0,0,0,0,0,0,0,0,0,0,0,0,0,0,0,0,0,0,0,0,0,0,0,0,0,0,0,0,0,0,0,0,0,0,0,0,0,0,0,0,0,0,0,0,0,0,0,0,0,0,0,0,0,0,0,0,0,0,0,0,0,0,0,0,0,0,0,0,0,0,8,0,0,0,0,0,0,0,0,25,0,0,0,0,0,0,0,0,0,0,0,0,0,0,0,0,0,0,0,0,0,0,0,0,0,10,0,0,0,0,0,0,0,0,0,0,0,0,0,0,0,0,0,0,0,0,0,0,0,0,0,0,0,0,0,0,0,0,0,0,0,Bacteria;Proteobacteria;Gammaproteobacteria;Burkholderiales;Neisseriaceae;Neisseria;Neisseria perflava
Lawsonella clevelandensis,0,0,0,0,0,0,4,0,0,0,0,0,0,0,0,0,0,0,0,0,0,0,0,0,8,5,0,0,0,0,0,0,0,0,0,0,0,2,0,0,0,0,0,0,0,0,0,0,0,0,0,0,3,0,0,0,0,0,0,0,0,0,0,0,0,0,0,0,0,0,0,0,0,0,0,0,0,0,0,0,0,0,0,0,0,0,0,0,0,0,0,0,0,0,0,0,0,0,0,0,0,0,0,0,0,0,0,0,0,0,0,0,0,0,0,0,0,0,0,0,0,0,0,0,0,0,0,0,0,0,0,0,0,0,0,0,2,0,0,0,8,0,0,0,0,0,0,0,0,0,0,0,0,0,0,0,0,0,0,0,0,0,0,0,0,0,0,0,0,0,0,0,0,0,0,0,0,0,0,0,0,0,0,0,0,0,0,0,0,0,0,4,0,0,0,0,5,0,0,0,0,0,0,0,0,0,0,0,Bacteria;Actinobacteriota;Actinobacteria;Corynebacteriales;Corynebacteriaceae;Lawsonella;Lawsonella clevelandensis
Peptoniphilus urinimassiliensis,0,0,0,0,0,0,0,0,0,0,0,0,0,0,0,0,0,0,0,0,0,0,0,0,0,0,0,0,0,0,4,0,0,0,0,0,0,0,0,0,0,0,0,0,0,0,0,0,0,0,0,0,0,0,0,0,0,0,0,0,0,0,0,0,0,0,0,0,0,0,0,0,0,0,0,0,0,0,0,0,0,0,0,0,0,0,0,0,0,0,0,0,0,0,0,0,0,0,0,0,0,0,0,0,0,0,0,0,0,0,0,0,0,0,0,0,0,0,0,0,0,0,0,0,0,0,0,0,0,0,0,0,0,0,0,0,5,0,0,0,4,0,0,0,0,0,0,0,0,0,0,0,0,0,0,0,0,0,0,0,0,0,0,0,0,0,0,0,0,0,0,0,0,0,0,0,0,0,0,0,0,0,0,0,0,0,0,0,0,0,0,0,0,0,0,0,28,0,0,0,0,0,0,0,0,0,0,0,Bacteria;Firmicutes;Clostridia;Peptostreptococcales-Tissierellales;Family XI;Peptoniphilus;Peptoniphilus urinimassiliensis
Anaerostipes caccae,0,0,0,0,0,0,0,0,0,0,0,0,0,0,0,0,0,0,0,0,0,0,0,0,0,0,0,0,0,0,0,0,0,0,0,0,0,0,0,0,0,0,0,0,0,0,0,0,0,5,0,0,0,0,0,0,0,0,0,0,0,0,0,0,0,0,0,0,0,0,0,0,0,0,0,0,0,0,0,0,0,0,0,0,0,0,0,0,0,0,0,0,0,0,0,0,0,0,0,0,0,0,0,0,0,0,0,0,0,0,0,0,0,0,0,0,0,0,0,5,0,0,0,0,14,0,12,0,0,0,0,0,0,0,0,0,0,0,0,0,0,0,0,0,0,0,0,0,0,0,0,0,0,0,0,0,0,0,0,0,0,0,0,0,0,0,0,0,0,0,0,0,0,0,0,0,0,0,0,0,0,0,0,0,0,0,0,0,0,0,0,0,0,0,0,0,0,0,0,0,0,0,0,0,0,0,0,0,Bacteria;Firmicutes;Clostridia;Lachnospirales;Lachnospiraceae;Anaerostipes;Anaerostipes caccae
Christensenella massiliensis,0,0,0,0,0,0,0,0,0,0,0,0,0,0,0,0,0,0,0,0,0,0,0,0,0,0,0,0,0,0,0,0,0,0,0,0,0,0,0,0,0,0,0,0,0,0,0,0,0,0,0,0,0,0,0,0,0,0,0,0,0,0,0,0,0,0,0,0,0,0,0,0,0,0,0,0,0,0,0,0,0,0,0,0,0,0,0,0,0,0,0,0,0,0,0,0,0,0,0,0,0,12,14,0,0,0,0,0,0,0,0,0,0,0,0,0,0,0,0,0,0,0,0,0,0,0,0,0,0,0,0,0,0,0,0,0,0,0,0,0,0,0,0,0,0,0,0,0,0,0,0,0,0,0,0,0,0,0,0,0,0,0,0,0,0,0,0,0,0,0,0,0,0,0,0,0,0,0,0,0,0,0,0,0,0,9,0,0,0,0,0,0,0,0,0,0,0,0,0,0,0,0,0,0,0,0,0,0,Bacteria;Firmicutes;Clostridia;Christensenellales;Christensenellaceae;Christensenella;Christensenella massiliensis
Weissella cibaria,0,0,0,0,0,0,0,0,0,0,0,0,0,0,0,0,0,0,0,0,0,0,0,0,0,0,0,0,0,0,0,0,0,0,0,0,0,0,0,0,0,0,0,0,0,0,0,0,0,0,0,0,0,0,0,0,0,0,0,0,0,0,0,0,0,0,0,0,0,0,0,0,0,0,0,0,0,0,0,0,0,0,0,0,0,0,0,0,0,0,0,0,0,0,3,0,0,0,0,0,0,0,0,0,0,0,0,0,0,0,0,0,0,0,0,0,0,0,0,0,0,0,0,0,0,0,0,0,0,0,0,0,0,0,0,0,0,0,0,0,0,0,0,0,0,0,0,0,12,0,0,0,0,0,0,0,0,0,0,0,0,0,0,0,0,0,0,0,0,0,0,0,0,0,0,0,0,0,0,0,0,0,0,0,0,0,0,0,0,0,0,0,0,0,0,0,0,0,19,0,0,0,0,0,0,0,0,0,Bacteria;Firmicutes;Bacilli;Lactobacillales;Lactobacillaceae;Weissella;Weissella cibaria
Cetobacterium somerae,0,0,0,0,0,0,0,0,0,0,0,0,0,0,0,0,0,0,0,0,0,0,0,0,0,0,0,0,0,0,0,0,0,0,0,0,0,0,0,0,0,0,0,0,0,0,0,0,0,0,0,0,0,0,0,0,0,6,0,0,0,0,6,6,12,0,0,0,0,0,0,0,0,0,0,0,0,0,0,0,0,0,0,0,0,0,0,0,0,0,0,0,0,0,0,2,0,0,0,0,0,0,0,0,0,0,0,2,0,0,0,0,0,0,0,0,0,0,0,0,0,0,0,0,0,0,0,0,0,0,0,0,0,0,0,0,0,0,0,0,0,0,0,0,0,0,0,0,0,0,0,0,0,0,0,0,0,0,0,0,0,0,0,0,0,0,0,0,0,0,0,0,0,0,0,0,0,0,0,0,0,0,0,0,0,0,0,0,0,0,0,0,0,0,0,0,0,0,0,0,0,0,0,0,0,0,0,0,Bacteria;Fusobacteriota;Fusobacteriia;Fusobacteriales;Fusobacteriaceae;Cetobacterium;Cetobacterium somerae
Lactobacillus delbrueckii,0,0,0,0,0,0,0,0,0,0,0,0,0,0,0,0,0,0,0,0,0,0,0,0,0,0,0,0,0,0,0,0,0,0,0,0,0,0,0,0,0,0,0,0,0,0,0,0,0,0,0,0,0,0,0,0,0,0,0,0,0,0,0,0,0,0,0,0,0,0,0,0,0,0,0,0,0,0,0,0,0,0,0,0,0,0,12,0,0,0,0,0,0,0,0,0,0,0,0,0,0,4,0,0,0,0,0,0,0,0,0,0,0,0,0,0,0,0,0,0,0,0,0,0,3,0,0,0,0,0,0,0,0,0,0,0,0,0,0,0,0,0,0,0,0,0,0,0,0,0,0,0,0,0,0,0,0,0,0,0,0,0,0,0,0,0,0,0,0,0,0,0,0,0,0,0,0,0,0,0,0,0,0,0,0,0,0,9,0,5,0,0,0,0,0,0,0,0,0,0,0,0,0,0,0,0,0,0,Bacteria;Firmicutes;Bacilli;Lactobacillales;Lactobacillaceae;Lactobacillus;Lactobacillus delbrueckii
Hungatella hathewayi,0,0,0,0,0,0,0,0,0,0,0,0,0,0,0,0,0,0,0,0,0,0,0,0,0,0,9,0,0,0,0,0,0,0,0,0,0,0,0,0,0,0,0,0,0,0,0,0,0,0,0,0,0,0,0,0,0,0,0,0,0,0,0,0,0,0,0,0,0,10,0,0,0,0,0,0,0,0,0,4,0,0,0,0,0,0,0,0,0,0,0,0,0,0,0,0,0,0,0,0,0,0,0,0,0,0,0,0,0,0,0,0,0,0,0,0,0,0,0,0,0,0,0,0,0,0,0,0,0,0,0,0,0,0,0,0,0,0,0,0,0,0,0,0,0,0,0,0,0,0,0,0,0,0,0,0,0,0,0,0,0,0,0,0,0,0,0,0,9,0,0,0,0,0,0,0,0,0,0,0,0,0,0,0,0,0,0,0,0,0,0,0,0,0,0,0,0,0,0,0,0,0,0,0,0,0,0,0,Bacteria;Firmicutes;Clostridia;Lachnospirales;Lachnospiraceae;Hungatella;Hungatella hathewayi
Blautia luti,0,0,0,0,0,0,0,0,0,0,0,0,0,0,0,0,0,0,0,0,0,0,0,0,0,0,0,0,0,0,0,0,0,0,0,0,0,0,0,0,0,0,0,0,0,0,0,0,0,0,0,0,0,0,0,0,0,0,0,0,0,0,0,0,0,0,0,0,0,0,0,0,0,0,0,0,0,0,0,0,0,0,0,0,0,0,0,0,0,0,0,0,0,0,0,0,0,0,0,0,0,0,0,0,0,0,0,0,0,0,0,0,0,0,0,0,0,0,0,0,0,0,0,0,0,0,0,0,0,0,0,0,0,0,0,0,0,31,0,0,0,0,0,0,0,0,0,0,0,0,0,0,0,0,0,0,0,0,0,0,0,0,0,0,0,0,0,0,0,0,0,0,0,0,0,0,0,0,0,0,0,0,0,0,0,0,0,0,0,0,0,0,0,0,0,0,0,0,0,0,0,0,0,0,0,0,0,0,Bacteria;Firmicutes;Clostridia;Lachnospirales;Lachnospiraceae;Blautia;Blautia luti
Murdochiella asaccharolytica,0,0,0,0,7,0,0,0,0,0,0,0,0,0,0,0,0,0,0,0,0,0,0,0,0,0,0,0,0,0,0,0,0,0,0,0,0,0,0,0,0,0,0,0,0,0,0,0,0,0,2,0,0,0,0,0,0,0,0,0,0,0,0,0,0,0,0,0,0,0,0,0,0,0,0,0,0,0,0,0,0,0,0,0,0,0,0,0,0,0,0,0,0,0,0,0,0,0,0,0,0,0,0,0,0,0,0,0,0,0,0,0,0,0,0,0,0,0,0,0,0,0,0,0,0,0,0,0,0,0,0,0,0,0,0,0,0,0,0,0,17,0,0,0,5,0,0,0,0,0,0,0,0,0,0,0,0,0,0,0,0,0,0,0,0,0,0,0,0,0,0,0,0,0,0,0,0,0,0,0,0,0,0,0,0,0,0,0,0,0,0,0,0,0,0,0,0,0,0,0,0,0,0,0,0,0,0,0,Bacteria;Firmicutes;Clostridia;Peptostreptococcales-Tissierellales;Family XI;Murdochiella;Murdochiella asaccharolytica
Varibaculum timonense,0,0,0,0,0,0,0,0,0,0,0,0,0,0,0,0,0,0,0,0,0,0,0,0,0,0,0,0,0,0,0,0,0,0,0,0,0,0,0,0,0,0,0,0,0,0,0,0,0,0,0,0,0,0,0,0,0,0,0,0,0,0,0,0,0,0,0,0,0,0,0,0,0,0,0,0,0,0,0,0,0,0,0,0,0,0,0,0,0,0,0,0,0,0,0,0,0,0,0,0,0,0,0,0,0,0,0,0,0,0,0,0,0,0,0,0,0,0,0,0,0,0,0,0,0,0,0,0,0,0,0,0,0,0,0,0,0,0,0,0,0,0,0,0,0,0,0,0,0,0,0,0,0,0,0,0,0,0,0,0,0,0,0,0,0,0,0,0,0,0,0,0,0,0,0,0,0,0,0,0,0,0,0,0,0,30,0,0,0,0,0,0,0,0,0,0,0,0,0,0,0,0,0,0,0,0,0,0,Bacteria;Actinobacteriota;Actinobacteria;Actinomycetales;Actinomycetaceae;Varibaculum;Varibaculum timonense
Catabacter hongkongensis,0,0,0,0,0,0,0,0,0,0,0,0,0,0,0,0,0,0,0,0,0,0,0,0,0,0,0,0,0,0,0,0,0,0,0,0,0,0,0,0,0,0,0,0,0,0,0,0,0,0,0,0,0,0,0,0,0,5,0,0,0,0,0,0,0,0,0,0,0,0,0,0,0,0,0,0,0,0,7,0,0,0,0,0,0,0,0,0,0,0,0,0,0,0,0,0,0,0,0,0,0,0,0,0,0,0,0,0,0,0,0,0,0,0,0,0,0,0,0,0,0,0,0,0,0,0,0,0,0,0,0,0,0,0,0,0,0,0,0,0,0,0,0,0,0,0,0,0,0,0,0,0,0,5,0,0,0,0,0,0,0,0,0,0,0,0,0,0,0,0,0,0,0,0,0,0,0,0,0,0,0,6,0,6,0,0,0,0,0,0,0,0,0,0,0,0,0,0,0,0,0,0,0,0,0,0,0,0,Bacteria;Firmicutes;Clostridia;Christensenellales;Christensenellaceae;Catabacter;Catabacter hongkongensis
Christensenella minuta,0,0,0,0,0,0,0,0,0,0,0,0,0,0,0,0,0,0,0,0,0,0,0,0,0,0,0,0,0,0,0,0,0,0,0,0,0,0,0,0,0,7,0,0,0,0,0,0,0,0,0,0,0,0,0,0,0,5,0,0,0,0,0,0,0,0,0,0,0,0,0,0,0,0,0,0,0,0,0,0,0,0,0,0,0,0,0,0,0,0,0,0,0,0,0,0,0,0,0,0,0,0,0,0,0,0,0,0,0,0,0,0,0,0,0,0,0,0,0,0,0,0,0,0,0,0,0,0,0,4,0,0,0,0,0,0,0,0,0,0,0,0,0,0,0,0,0,0,0,0,0,0,0,0,0,0,0,0,0,0,0,0,0,0,0,0,10,0,0,0,0,0,0,0,0,0,0,0,0,0,0,0,0,0,0,0,0,0,0,0,0,0,0,0,0,0,0,0,0,3,0,0,0,0,0,0,0,0,Bacteria;Firmicutes;Clostridia;Christensenellales;Christensenellaceae;Christensenella;Christensenella minuta
Lactobacillus jensenii,0,0,0,0,0,0,0,0,0,0,0,0,0,0,0,0,0,0,0,0,0,0,0,0,0,0,0,0,0,0,0,0,0,0,0,0,0,0,0,0,0,0,0,0,0,0,0,0,0,0,0,0,0,0,0,0,0,0,0,0,0,0,0,0,0,0,0,0,0,0,0,0,0,0,0,0,0,0,0,0,0,0,0,0,0,0,0,0,0,0,0,0,0,0,0,0,0,0,0,0,0,0,0,0,0,0,0,0,0,0,0,0,0,0,0,0,0,0,0,0,0,0,0,0,0,0,0,0,0,0,0,0,0,0,6,5,0,0,0,0,0,0,0,0,0,0,0,0,0,0,0,0,0,0,0,0,0,0,0,0,0,0,0,0,0,0,0,10,4,0,0,0,3,0,0,0,0,0,0,0,0,0,0,0,0,0,0,0,0,0,0,0,0,0,0,0,0,0,0,0,0,0,0,0,0,0,0,0,Bacteria;Firmicutes;Bacilli;Lactobacillales;Lactobacillaceae;Lactobacillus;Lactobacillus jensenii
Methylobacterium-Methylorubrum aerolatum,0,0,0,0,0,0,0,0,0,0,0,0,0,0,0,0,0,0,0,0,0,0,0,0,0,0,0,0,0,0,0,0,0,0,0,0,0,0,0,0,0,0,0,0,0,0,0,0,0,0,0,0,0,0,0,0,0,0,0,0,3,0,0,0,0,0,0,0,0,0,0,0,0,0,0,0,6,0,0,0,0,0,0,0,0,0,0,0,0,0,0,0,0,0,0,0,0,0,0,0,0,0,0,0,0,0,0,0,0,0,0,0,0,0,0,0,0,0,0,0,0,0,0,0,0,0,0,0,0,0,0,0,0,0,0,0,0,0,0,0,0,0,0,0,0,0,0,0,0,0,0,0,2,0,0,0,0,0,0,0,0,0,0,0,0,0,0,0,0,0,0,0,0,0,0,0,0,0,0,0,0,0,0,0,0,0,0,0,0,0,9,0,0,0,0,8,0,0,0,0,0,0,0,0,0,0,0,0,Bacteria;Proteobacteria;Alphaproteobacteria;Rhizobiales;Beijerinckiaceae;Methylobacterium-Methylorubrum;Methylobacterium-Methylorubrum aerolatum
Negativibacillus massiliensis,0,0,0,0,0,0,0,0,0,0,0,0,0,0,0,0,0,0,0,0,0,0,0,0,0,0,0,0,0,0,0,0,0,0,0,0,0,0,0,0,0,0,0,0,0,0,0,0,0,0,0,0,0,0,0,0,0,0,0,0,0,0,0,0,0,0,0,0,0,0,0,0,0,0,0,0,0,0,0,0,0,0,0,0,0,0,0,0,0,0,0,0,0,0,0,0,0,0,0,0,0,0,0,0,0,0,0,0,0,0,0,0,0,0,0,0,0,0,0,0,0,0,0,0,0,0,0,0,0,0,0,0,0,0,0,5,0,0,0,0,0,0,0,0,0,0,0,0,0,0,0,0,0,0,0,0,0,0,0,0,0,0,0,0,0,0,0,7,0,0,14,0,0,0,0,0,0,0,0,0,0,0,0,0,0,0,0,0,0,0,0,0,0,0,0,0,0,0,0,0,0,0,0,0,0,0,0,0,Bacteria;Firmicutes;Clostridia;Oscillospirales;Ruminococcaceae;Negativibacillus;Negativibacillus massiliensis
Corynebacterium argentoratense,0,0,0,0,0,0,0,0,0,0,0,0,0,0,0,0,0,0,0,0,0,0,0,0,0,0,0,0,0,0,0,0,0,0,0,0,0,0,0,0,0,0,0,0,0,0,0,0,0,0,0,0,0,0,0,0,0,0,0,0,0,0,0,0,0,0,0,0,0,0,0,0,0,0,0,0,0,0,7,0,0,0,0,9,0,0,0,0,0,0,0,0,0,0,0,0,0,0,0,0,0,0,0,0,0,0,0,0,0,0,0,0,0,0,0,0,0,0,0,0,0,0,0,0,0,0,0,0,0,0,0,0,0,0,0,0,0,0,0,0,0,0,0,0,0,0,0,0,0,0,0,0,0,0,0,0,0,0,0,0,0,0,0,0,0,0,0,0,0,0,0,0,0,0,0,0,0,0,0,0,0,0,0,0,0,0,0,0,0,0,0,9,0,0,0,0,0,0,0,0,0,0,0,0,0,0,0,0,Bacteria;Actinobacteriota;Actinobacteria;Corynebacteriales;Corynebacteriaceae;Corynebacterium;Corynebacterium argentoratense
Campylobacter ureolyticus,0,0,0,0,0,0,0,0,0,0,0,0,0,0,0,0,0,0,0,0,0,0,0,0,0,0,0,0,0,0,0,0,0,0,0,0,0,3,0,0,0,0,0,0,0,0,0,0,0,0,0,0,0,0,0,0,0,0,0,0,0,0,0,0,0,0,0,0,0,0,0,0,0,0,0,0,0,0,0,0,0,0,0,0,0,0,0,0,0,0,0,0,0,0,0,0,0,0,0,7,0,0,0,0,0,0,3,0,0,0,0,0,0,0,0,0,0,0,0,0,0,0,0,0,0,0,0,0,0,0,0,0,0,0,0,0,0,0,0,0,0,0,0,0,7,0,0,0,0,0,0,0,0,0,0,0,0,0,0,0,0,0,0,0,0,0,0,0,0,0,0,0,0,2,3,0,0,0,0,0,0,0,0,0,0,0,0,0,0,0,0,0,0,0,0,0,0,0,0,0,0,0,0,0,0,0,0,0,Bacteria;Campylobacterota;Campylobacteria;Campylobacterales;Campylobacteraceae;Campylobacter;Campylobacter ureolyticus
Pseudomonas syringae,0,0,0,0,0,0,0,0,0,0,0,0,0,0,0,0,0,0,0,0,0,0,0,0,0,0,0,0,0,0,0,0,0,0,0,0,0,0,0,0,0,0,0,0,0,0,0,0,0,0,0,0,0,0,0,0,0,0,0,0,0,0,0,0,0,0,0,0,0,0,0,0,0,0,0,0,0,0,0,0,0,0,0,0,0,0,0,0,0,0,0,0,0,0,0,0,0,0,0,0,0,0,0,0,0,0,0,0,0,0,0,0,0,0,0,0,0,0,0,0,0,0,0,0,25,0,0,0,0,0,0,0,0,0,0,0,0,0,0,0,0,0,0,0,0,0,0,0,0,0,0,0,0,0,0,0,0,0,0,0,0,0,0,0,0,0,0,0,0,0,0,0,0,0,0,0,0,0,0,0,0,0,0,0,0,0,0,0,0,0,0,0,0,0,0,0,0,0,0,0,0,0,0,0,0,0,0,0,Bacteria;Proteobacteria;Gammaproteobacteria;Pseudomonadales;Pseudomonadaceae;Pseudomonas;Pseudomonas syringae
Anaerococcus prevotii,0,0,0,0,0,0,0,0,0,0,0,0,0,0,0,0,0,0,0,0,0,0,0,0,0,0,0,4,0,0,0,0,0,0,0,0,0,0,0,0,0,0,0,0,0,0,0,0,0,0,0,0,0,0,0,0,0,0,0,0,0,0,0,0,0,0,0,0,0,0,0,0,0,0,0,0,0,0,0,0,0,0,0,0,0,0,0,0,0,0,0,0,0,0,0,0,0,0,0,0,0,0,0,0,0,0,0,0,0,0,0,0,0,0,0,0,0,0,0,0,0,0,0,0,0,0,0,0,0,0,0,0,0,0,0,0,0,0,0,0,0,0,0,0,0,0,0,0,0,0,0,0,0,0,0,0,0,0,0,0,0,0,0,0,0,0,0,20,0,0,0,0,0,0,0,0,0,0,0,0,0,0,0,0,0,0,0,0,0,0,0,0,0,0,0,0,0,0,0,0,0,0,0,0,0,0,0,0,Bacteria;Firmicutes;Clostridia;Peptostreptococcales-Tissierellales;Family XI;Anaerococcus;Anaerococcus prevotii
Mitsuokella jalaludinii,0,0,0,0,0,0,0,0,0,0,0,0,0,0,0,0,0,0,0,0,0,0,0,0,0,0,0,0,0,0,0,0,0,0,0,0,0,0,0,0,0,0,0,0,0,0,0,0,0,0,0,0,0,0,0,0,0,0,0,0,0,0,0,0,6,0,0,0,0,0,0,0,0,0,0,0,0,0,0,0,0,0,0,0,0,0,0,0,0,0,0,0,0,0,0,0,0,0,0,0,0,0,0,0,0,0,0,0,0,0,0,0,0,0,0,0,0,0,0,0,0,0,0,0,0,0,0,0,0,0,0,0,0,0,0,0,0,10,8,0,0,0,0,0,0,0,0,0,0,0,0,0,0,0,0,0,0,0,0,0,0,0,0,0,0,0,0,0,0,0,0,0,0,0,0,0,0,0,0,0,0,0,0,0,0,0,0,0,0,0,0,0,0,0,0,0,0,0,0,0,0,0,0,0,0,0,0,0,Bacteria;Firmicutes;Negativicutes;Veillonellales-Selenomonadales;Selenomonadaceae;Mitsuokella;Mitsuokella jalaludinii
Sanguibacteroides justesenii,0,0,0,0,0,0,9,11,0,0,0,0,0,0,0,0,0,0,0,0,0,0,0,0,0,0,0,0,0,0,3,0,0,0,0,0,0,0,0,0,0,0,0,0,0,0,0,0,0,0,0,0,0,0,0,0,0,0,0,0,0,0,0,0,0,0,0,0,0,0,0,0,0,0,0,0,0,0,0,0,0,0,0,0,0,0,0,0,0,0,0,0,0,0,0,0,0,0,0,0,0,0,0,0,0,0,0,0,0,0,0,0,0,0,0,0,0,0,0,0,0,0,0,0,0,0,0,0,0,0,0,0,0,0,0,0,0,0,0,0,0,0,0,0,0,0,0,0,0,0,0,0,0,0,0,0,0,0,0,0,0,0,0,0,0,0,0,0,0,0,0,0,0,0,0,0,0,0,0,0,0,0,0,0,0,0,0,0,0,0,0,0,0,0,0,0,0,0,0,0,0,0,0,0,0,0,0,0,Bacteria;Bacteroidota;Bacteroidia;Bacteroidales;Marinifilaceae;Sanguibacteroides;Sanguibacteroides justesenii
Adlercreutzia equolifaciens,0,0,0,0,0,0,0,0,0,0,0,0,0,0,0,0,0,0,0,0,0,0,0,0,0,0,0,0,0,0,0,0,0,0,0,0,0,0,0,0,0,0,0,0,0,0,0,0,0,0,0,0,0,0,0,0,0,0,0,0,0,0,0,0,0,0,0,0,0,0,0,0,0,0,0,0,0,0,0,0,0,0,0,0,0,0,0,0,0,0,0,0,0,0,0,0,0,0,0,0,0,0,0,0,0,0,0,0,0,0,0,0,0,8,0,0,0,0,0,0,0,0,0,0,0,0,0,0,0,0,0,0,0,0,0,0,0,0,0,0,0,4,0,0,0,0,0,0,0,0,0,0,0,0,0,0,0,0,0,0,0,3,0,0,0,0,0,0,0,0,0,0,0,0,6,0,0,0,0,0,0,0,0,0,0,0,0,0,0,0,0,0,0,0,0,0,0,0,0,0,0,0,0,0,0,0,0,0,Bacteria;Actinobacteriota;Coriobacteriia;Coriobacteriales;Eggerthellaceae;Adlercreutzia;Adlercreutzia equolifaciens
Gordonibacter pamelaeae,0,0,0,0,0,0,0,0,0,0,0,0,0,0,0,0,0,0,0,0,0,0,0,0,0,0,0,0,0,0,0,0,0,0,0,0,0,0,0,0,0,0,0,0,0,0,0,0,0,0,0,0,0,0,0,0,0,0,0,0,0,0,0,0,0,0,0,0,0,4,0,0,0,0,0,0,0,0,6,0,0,0,0,7,0,0,0,0,0,0,0,0,0,0,0,0,0,0,0,0,0,0,0,0,0,0,0,0,0,0,0,0,0,0,0,0,0,0,0,0,0,0,0,0,0,0,0,0,0,0,0,0,0,0,0,0,0,0,0,0,0,0,0,0,0,0,0,0,0,0,0,0,0,0,0,0,0,0,0,0,0,0,0,0,0,0,0,0,0,0,0,0,3,0,0,0,0,0,0,0,0,0,0,0,0,0,0,0,0,0,0,0,0,0,0,0,0,0,0,0,0,0,0,0,0,0,0,0,Bacteria;Actinobacteriota;Coriobacteriia;Coriobacteriales;Eggerthellaceae;Gordonibacter;Gordonibacter pamelaeae
Faecalitalea cylindroides,0,0,0,0,0,0,0,0,0,0,0,0,0,0,0,0,0,0,0,0,0,0,0,0,0,0,0,0,0,0,0,0,0,0,0,0,0,0,0,0,0,0,0,0,0,0,0,0,0,0,0,0,0,0,0,0,0,0,0,0,0,0,0,0,0,0,0,0,0,0,0,0,0,0,0,0,0,0,0,0,0,0,0,0,0,0,0,0,0,0,0,0,0,0,0,0,0,0,0,0,0,0,0,0,0,0,0,0,0,0,0,0,0,0,0,0,0,0,0,0,0,0,0,0,0,0,0,0,0,0,0,0,0,0,0,0,0,0,0,0,0,0,0,0,4,0,0,0,0,0,0,3,0,0,2,0,0,0,0,0,0,0,0,0,0,0,0,0,0,0,0,0,0,0,9,0,0,0,0,0,0,0,0,0,0,0,0,0,0,0,0,0,0,0,0,0,0,0,0,0,0,0,0,0,0,0,0,0,Bacteria;Firmicutes;Bacilli;Erysipelotrichales;Erysipelotrichaceae;Faecalitalea;Faecalitalea cylindroides
Staphylococcus aureus,0,0,0,0,0,0,0,0,0,0,0,0,0,0,0,0,0,0,0,0,0,0,0,0,0,0,0,0,0,0,0,0,0,0,0,0,0,0,0,0,0,0,0,0,0,0,0,0,0,0,0,0,0,0,0,0,0,0,0,0,0,0,0,0,0,0,0,0,0,0,0,0,0,0,0,0,0,0,0,0,0,0,0,0,0,0,0,0,0,0,0,0,0,0,0,0,0,0,0,0,0,0,0,0,0,0,0,0,0,0,0,0,0,0,0,0,0,7,0,0,0,0,0,0,0,0,0,0,0,0,0,0,0,0,0,0,0,0,0,0,0,0,0,0,0,0,0,0,0,0,0,0,0,0,0,0,0,0,0,0,0,0,0,0,0,0,0,0,0,0,0,0,0,0,0,0,0,0,0,0,0,0,0,0,0,0,0,0,0,0,11,0,0,0,0,0,0,0,0,0,0,0,0,0,0,0,0,0,Bacteria;Firmicutes;Bacilli;Staphylococcales;Staphylococcaceae;Staphylococcus;Staphylococcus aureus
Peptostreptococcus anaerobius,0,0,0,0,0,0,0,0,0,0,0,0,0,0,0,0,0,0,0,0,0,0,0,0,0,0,0,0,0,0,0,0,0,0,0,0,0,0,0,0,0,0,0,0,0,0,0,0,0,0,0,0,0,0,0,0,0,0,0,0,0,0,0,0,0,0,0,0,0,0,0,0,0,0,0,0,0,0,0,0,0,0,0,0,0,0,0,0,0,0,0,0,0,0,0,0,0,0,0,0,0,0,0,0,0,0,0,0,0,0,0,0,0,0,0,0,0,0,0,0,0,0,0,0,0,0,0,0,0,0,0,0,0,0,4,5,0,0,0,0,0,0,0,0,0,0,0,0,0,0,0,0,0,0,0,0,0,0,0,0,0,0,0,0,0,0,0,5,0,0,0,0,0,0,0,0,0,0,0,0,0,0,0,0,0,0,0,0,0,0,0,0,0,0,0,0,0,4,0,0,0,0,0,0,0,0,0,0,Bacteria;Firmicutes;Clostridia;Peptostreptococcales-Tissierellales;Peptostreptococcaceae;Peptostreptococcus;Peptostreptococcus anaerobius
Corynebacterium durum,0,0,0,0,0,0,0,0,0,0,0,0,0,0,0,0,0,0,0,0,0,0,0,0,0,0,0,0,0,0,0,0,0,0,0,0,0,0,0,0,0,0,0,0,0,0,0,0,0,0,0,0,0,0,0,0,0,0,0,0,0,0,0,0,0,0,0,0,0,0,0,0,0,0,0,0,0,0,0,0,0,3,4,0,0,4,0,0,0,0,0,0,0,0,0,0,0,0,0,0,0,0,0,3,0,0,0,0,0,0,2,0,0,0,0,0,0,0,0,0,0,0,0,0,0,0,0,0,0,0,0,0,0,0,0,0,0,0,0,0,0,0,0,0,0,0,0,0,0,0,0,0,0,0,0,0,0,0,0,0,0,0,0,0,0,0,0,0,0,0,0,0,0,0,0,0,0,0,0,0,0,0,0,0,0,0,0,0,0,0,0,0,0,0,0,0,0,0,0,0,0,0,0,0,0,0,0,0,Bacteria;Actinobacteriota;Actinobacteria;Corynebacteriales;Corynebacteriaceae;Corynebacterium;Corynebacterium durum
Corynebacterium ureicelerivorans,0,0,0,0,0,0,0,0,0,0,0,0,0,0,0,0,0,0,0,0,0,0,0,0,0,0,0,0,0,0,0,0,0,0,0,0,0,0,0,0,0,0,0,0,0,0,0,0,0,0,0,0,0,0,0,0,0,0,0,0,0,0,0,0,0,0,0,0,0,0,0,0,0,0,0,0,0,0,0,0,0,0,0,0,0,0,0,0,0,0,0,0,0,0,0,0,0,0,0,0,0,0,0,0,0,0,0,0,0,0,0,0,0,0,0,0,0,0,0,0,0,0,0,0,0,0,0,0,0,0,0,0,0,0,0,0,0,0,0,0,15,0,0,0,0,0,0,0,0,0,0,0,0,0,0,0,0,0,0,0,0,0,0,0,0,0,0,0,0,0,0,0,0,0,0,0,0,0,0,0,0,0,0,0,0,0,0,0,0,0,0,0,0,0,0,0,0,0,0,0,0,0,0,0,0,0,0,0,Bacteria;Actinobacteriota;Actinobacteria;Corynebacteriales;Corynebacteriaceae;Corynebacterium;Corynebacterium ureicelerivorans
Lactonifactor longoviformis,0,0,0,0,0,0,0,0,0,0,0,0,0,0,0,0,0,0,0,0,0,0,0,0,0,0,0,0,0,0,0,0,0,0,0,0,0,0,0,0,0,0,0,0,0,0,0,0,0,0,0,0,0,0,0,0,0,0,0,0,0,0,0,0,0,0,0,0,0,0,0,0,0,0,0,0,0,0,0,0,0,0,0,0,0,0,0,0,0,0,0,0,0,0,0,0,0,0,0,0,0,0,0,0,0,0,0,0,0,0,0,0,0,0,0,0,0,0,4,0,0,0,0,0,0,11,0,0,0,0,0,0,0,0,0,0,0,0,0,0,0,0,0,0,0,0,0,0,0,0,0,0,0,0,0,0,0,0,0,0,0,0,0,0,0,0,0,0,0,0,0,0,0,0,0,0,0,0,0,0,0,0,0,0,0,0,0,0,0,0,0,0,0,0,0,0,0,0,0,0,0,0,0,0,0,0,0,0,Bacteria;Firmicutes;Clostridia;Lachnospirales;Lachnospiraceae;Lactonifactor;Lactonifactor longoviformis
Corynebacterium imitans,0,0,0,0,0,0,0,0,0,0,0,0,0,0,0,0,0,0,0,0,0,0,0,0,7,7,0,0,0,0,0,0,0,0,0,0,0,0,0,0,0,0,0,0,0,0,0,0,0,0,0,0,0,0,0,0,0,0,0,0,0,0,0,0,0,0,0,0,0,0,0,0,0,0,0,0,0,0,0,0,0,0,0,0,0,0,0,0,0,0,0,0,0,0,0,0,0,0,0,0,0,0,0,0,0,0,0,0,0,0,0,0,0,0,0,0,0,0,0,0,0,0,0,0,0,0,0,0,0,0,0,0,0,0,0,0,0,0,0,0,0,0,0,0,0,0,0,0,0,0,0,0,0,0,0,0,0,0,0,0,0,0,0,0,0,0,0,0,0,0,0,0,0,0,0,0,0,0,0,0,0,0,0,0,0,0,0,0,0,0,0,0,0,0,0,0,0,0,0,0,0,0,0,0,0,0,0,0,Bacteria;Actinobacteriota;Actinobacteria;Corynebacteriales;Corynebacteriaceae;Corynebacterium;Corynebacterium imitans
Eubacterium limosum,0,0,0,0,0,0,0,0,0,0,0,0,0,0,0,0,0,0,0,0,0,0,0,0,0,0,0,0,0,0,0,0,0,0,0,0,0,0,0,0,0,0,0,0,0,0,0,0,0,0,0,0,0,0,0,0,0,0,0,0,0,0,0,0,0,0,0,0,0,0,0,0,0,0,0,0,0,0,13,0,0,0,0,0,0,0,0,0,0,0,0,0,0,0,0,0,0,0,0,0,0,0,0,0,0,0,0,0,0,0,0,0,0,0,0,0,0,0,0,0,0,0,0,0,0,0,0,0,0,0,0,0,0,0,0,0,0,0,0,0,0,0,0,0,0,0,0,0,0,0,0,0,0,0,0,0,0,0,0,0,0,0,0,0,0,0,0,0,0,0,0,0,0,0,0,0,0,0,0,0,0,0,0,0,0,0,0,0,0,0,0,0,0,0,0,0,0,0,0,0,0,0,0,0,0,0,0,0,Bacteria;Firmicutes;Clostridia;Eubacteriales;Eubacteriaceae;Eubacterium;Eubacterium limosum
Rothia mucilaginosa,0,0,0,0,0,0,0,0,0,0,0,0,0,0,0,0,0,0,0,0,0,0,0,0,0,0,0,0,0,0,0,0,0,0,0,0,0,0,0,0,0,0,0,0,0,0,0,0,0,0,0,0,0,0,0,0,0,0,0,0,0,0,0,0,0,0,0,0,0,0,0,0,0,0,0,0,0,0,0,0,0,0,0,0,0,0,0,0,0,0,0,0,0,0,0,0,0,0,0,0,0,0,0,0,0,0,0,0,0,0,0,0,0,0,0,0,0,0,0,0,0,0,0,0,0,0,0,0,0,0,0,0,0,0,0,0,0,0,0,0,0,0,0,0,0,0,0,0,0,0,0,0,0,0,0,0,0,0,0,0,0,0,0,0,0,0,0,0,4,0,5,0,0,0,0,0,0,0,0,0,0,0,0,0,0,0,0,0,0,0,0,0,0,0,0,0,0,0,0,0,0,0,0,0,0,3,0,0,Bacteria;Actinobacteriota;Actinobacteria;Micrococcales;Micrococcaceae;Rothia;Rothia mucilaginosa
Aggregatibacter aphrophilus,0,0,0,0,0,0,0,0,0,0,0,0,0,0,0,0,0,0,0,0,0,0,0,0,0,0,0,0,0,0,0,0,0,0,0,0,0,0,0,0,0,0,0,0,0,0,0,0,0,0,0,0,0,0,0,0,0,0,0,0,0,0,0,0,0,0,0,0,0,0,0,0,0,0,0,0,0,0,0,0,0,0,0,0,0,0,0,0,0,0,0,0,0,0,0,0,0,0,0,0,0,0,0,0,0,0,0,0,0,0,0,0,0,0,0,0,0,0,0,0,0,0,0,0,0,0,0,0,0,0,0,0,0,0,0,0,0,0,0,0,0,0,0,0,0,0,0,0,0,0,0,0,0,0,0,0,0,0,0,0,0,0,0,0,0,0,0,0,0,0,0,0,0,0,0,0,0,0,0,0,0,0,0,0,0,0,0,0,0,0,0,0,0,0,0,12,0,0,0,0,0,0,0,0,0,0,0,0,Bacteria;Proteobacteria;Gammaproteobacteria;Enterobacterales;Pasteurellaceae;Aggregatibacter;Aggregatibacter aphrophilus
Porphyromonas bennonis,0,0,0,0,2,0,8,0,0,0,0,0,0,0,0,0,0,0,0,0,0,0,0,0,0,0,0,0,0,0,0,0,0,0,0,0,0,0,0,0,0,0,0,0,0,0,0,0,0,0,0,0,0,0,0,0,0,0,0,0,0,0,0,0,0,0,0,0,0,0,0,0,0,0,0,0,0,0,0,0,0,0,0,0,0,0,0,0,0,0,0,0,0,0,0,0,0,0,0,0,0,0,0,0,0,0,0,0,0,0,0,0,0,0,0,0,0,0,0,0,0,0,0,0,0,0,0,0,0,0,0,0,0,0,0,0,0,0,0,0,0,0,0,0,0,0,0,0,0,0,0,0,0,0,0,0,0,0,0,0,0,0,0,0,0,0,0,0,0,0,0,0,0,0,0,0,0,0,0,0,0,0,0,0,0,0,0,0,0,0,0,0,0,0,0,0,0,0,0,0,0,0,0,0,0,0,0,0,Bacteria;Bacteroidota;Bacteroidia;Bacteroidales;Porphyromonadaceae;Porphyromonas;Porphyromonas bennonis
Clostridium sensu stricto 1 perfringens,0,0,0,0,0,0,0,0,0,0,0,0,0,0,0,0,0,0,0,0,0,0,0,0,0,0,0,0,0,0,0,0,0,0,0,0,0,0,0,0,0,0,0,0,0,0,0,0,0,0,0,0,0,0,0,0,0,0,0,0,0,0,0,0,0,0,0,0,0,0,0,0,0,0,0,0,0,0,0,0,0,0,0,0,0,0,0,0,0,0,0,0,0,0,0,0,0,0,0,0,0,0,0,0,0,0,0,0,0,0,0,0,0,0,0,0,0,0,0,0,0,0,0,0,10,0,0,0,0,0,0,0,0,0,0,0,0,0,0,0,0,0,0,0,0,0,0,0,0,0,0,0,0,0,0,0,0,0,0,0,0,0,0,0,0,0,0,0,0,0,0,0,0,0,0,0,0,0,0,0,0,0,0,0,0,0,0,0,0,0,0,0,0,0,0,0,0,0,0,0,0,0,0,0,0,0,0,0,Bacteria;Firmicutes;Clostridia;Clostridiales;Clostridiaceae;Clostridium sensu stricto 1;Clostridium sensu stricto 1 perfringens
Anaerotruncus colihominis,0,0,0,0,9,0,0,0,0,0,0,0,0,0,0,0,0,0,0,0,0,0,0,0,0,0,0,0,0,0,0,0,0,0,0,0,0,0,0,0,0,0,0,0,0,0,0,0,0,0,0,0,0,0,0,0,0,0,0,0,0,0,0,0,0,0,0,0,0,0,0,0,0,0,0,0,0,0,0,0,0,0,0,0,0,0,0,0,0,0,0,0,0,0,0,0,0,0,0,0,0,0,0,0,0,0,0,0,0,0,0,0,0,0,0,0,0,0,0,0,0,0,0,0,0,0,0,0,0,0,0,0,0,0,0,0,0,0,0,0,0,0,0,0,0,0,0,0,0,0,0,0,0,0,0,0,0,0,0,0,0,0,0,0,0,0,0,0,0,0,0,0,0,0,0,0,0,0,0,0,0,0,0,0,0,0,0,0,0,0,0,0,0,0,0,0,0,0,0,0,0,0,0,0,0,0,0,0,Bacteria;Firmicutes;Clostridia;Oscillospirales;Ruminococcaceae;Anaerotruncus;Anaerotruncus colihominis
Holdemania massiliensis,0,0,0,0,0,0,0,0,0,0,0,0,0,0,0,0,0,0,0,0,0,0,0,0,0,0,5,0,0,0,0,0,0,0,0,0,0,0,0,0,0,0,0,0,0,0,0,0,0,0,0,0,0,0,0,0,0,0,0,0,0,0,0,0,0,0,0,0,0,0,0,0,0,0,0,0,0,0,0,0,0,0,0,0,0,0,0,0,0,0,0,0,0,0,0,0,0,0,0,0,0,0,0,0,0,0,0,0,0,0,0,0,0,0,0,0,0,0,0,0,0,0,0,0,0,0,0,0,0,0,0,0,0,0,0,0,0,0,0,0,0,0,0,0,0,0,0,0,0,0,0,0,0,0,0,0,0,0,0,0,0,0,0,0,0,0,0,0,0,0,0,0,0,0,0,0,0,0,0,0,0,0,0,0,0,0,0,0,0,0,0,0,0,3,0,0,0,0,0,0,0,0,0,0,0,0,0,0,Bacteria;Firmicutes;Bacilli;Erysipelotrichales;Erysipelotrichaceae;Holdemania;Holdemania massiliensis
Streptococcus salivarius,0,0,0,0,0,0,0,0,0,0,0,0,0,0,0,0,0,0,0,0,0,0,0,0,0,0,0,0,0,0,0,0,0,0,0,0,0,0,0,0,0,0,0,0,0,0,0,0,0,0,0,0,0,0,0,0,0,0,0,0,0,0,0,0,0,0,0,0,0,0,0,0,0,0,0,0,0,0,0,0,0,0,0,8,0,0,0,0,0,0,0,0,0,0,0,0,0,0,0,0,0,0,0,0,0,0,0,0,0,0,0,0,0,0,0,0,0,0,0,0,0,0,0,0,0,0,0,0,0,0,0,0,0,0,0,0,0,0,0,0,0,0,0,0,0,0,0,0,0,0,0,0,0,0,0,0,0,0,0,0,0,0,0,0,0,0,0,0,0,0,0,0,0,0,0,0,0,0,0,0,0,0,0,0,0,0,0,0,0,0,0,0,0,0,0,0,0,0,0,0,0,0,0,0,0,0,0,0,Bacteria;Firmicutes;Bacilli;Lactobacillales;Streptococcaceae;Streptococcus;Streptococcus salivarius
Howardella ureilytica,0,0,0,0,0,0,0,0,0,0,0,0,0,0,0,0,0,0,0,0,0,0,0,0,0,0,0,0,0,0,0,0,0,0,0,0,0,0,0,0,0,0,5,0,0,0,3,0,0,0,0,0,0,0,0,0,0,0,0,0,0,0,0,0,0,0,0,0,0,0,0,0,0,0,0,0,0,0,0,0,0,0,0,0,0,0,0,0,0,0,0,0,0,0,0,0,0,0,0,0,0,0,0,0,0,0,0,0,0,0,0,0,0,0,0,0,0,0,0,0,0,0,0,0,0,0,0,0,0,0,0,0,0,0,0,0,0,0,0,0,0,0,0,0,0,0,0,0,0,0,0,0,0,0,0,0,0,0,0,0,0,0,0,0,0,0,0,0,0,0,0,0,0,0,0,0,0,0,0,0,0,0,0,0,0,0,0,0,0,0,0,0,0,0,0,0,0,0,0,0,0,0,0,0,0,0,0,0,Bacteria;Firmicutes;Clostridia;Lachnospirales;Lachnospiraceae;Howardella;Howardella ureilytica
Anaerococcus provencensis,0,0,0,0,0,0,0,0,0,0,0,0,0,0,0,0,0,0,0,0,0,0,0,0,0,0,0,0,0,0,0,0,0,0,0,0,0,0,0,0,0,0,0,0,0,0,0,0,0,0,0,0,0,0,0,0,0,0,0,0,0,0,0,0,0,0,0,0,0,0,0,0,0,0,0,0,0,0,0,0,0,0,0,0,0,0,0,0,0,0,0,0,0,0,0,0,0,0,0,0,0,0,0,0,0,0,0,0,0,0,0,0,0,0,0,0,0,0,0,0,0,0,0,0,0,0,0,0,0,0,0,0,0,0,0,0,0,0,0,0,8,0,0,0,0,0,0,0,0,0,0,0,0,0,0,0,0,0,0,0,0,0,0,0,0,0,0,0,0,0,0,0,0,0,0,0,0,0,0,0,0,0,0,0,0,0,0,0,0,0,0,0,0,0,0,0,0,0,0,0,0,0,0,0,0,0,0,0,Bacteria;Firmicutes;Clostridia;Peptostreptococcales-Tissierellales;Family XI;Anaerococcus;Anaerococcus provencensis
Mobiluncus curtisii,0,0,0,0,0,0,0,0,0,0,0,0,0,0,0,0,0,0,0,0,0,0,0,0,0,0,0,0,0,0,0,0,0,0,0,0,0,0,0,0,0,0,0,0,0,0,0,0,0,0,0,0,0,0,0,0,0,0,0,0,0,0,0,0,0,0,0,0,0,0,0,0,0,0,0,0,0,0,0,0,0,0,0,0,0,0,0,0,0,0,0,0,0,0,0,0,0,0,0,0,0,0,0,0,0,0,0,0,0,0,0,0,0,0,0,0,0,0,0,0,0,0,0,0,0,0,0,0,0,0,0,0,0,0,0,0,0,0,0,0,0,0,0,0,4,0,0,0,0,0,0,0,0,0,0,0,0,0,0,0,0,0,0,0,0,0,0,0,0,0,0,0,0,3,0,0,0,0,0,0,0,0,0,0,0,0,0,0,0,0,0,0,0,0,0,0,0,0,0,0,0,0,0,0,0,0,0,0,Bacteria;Actinobacteriota;Actinobacteria;Actinomycetales;Actinomycetaceae;Mobiluncus;Mobiluncus curtisii
Clostridium sensu stricto 6 bornimense,0,0,0,0,0,0,0,0,0,0,0,0,0,0,0,0,0,0,0,0,0,0,0,0,0,0,0,0,0,0,0,0,0,0,0,0,0,0,0,0,0,0,0,0,0,0,0,0,0,0,0,0,0,0,0,0,0,0,0,0,0,0,0,0,0,0,0,0,0,0,0,0,0,0,0,0,0,0,0,0,0,0,0,0,0,0,0,0,0,0,0,7,0,0,0,0,0,0,0,0,0,0,0,0,0,0,0,0,0,0,0,0,0,0,0,0,0,0,0,0,0,0,0,0,0,0,0,0,0,0,0,0,0,0,0,0,0,0,0,0,0,0,0,0,0,0,0,0,0,0,0,0,0,0,0,0,0,0,0,0,0,0,0,0,0,0,0,0,0,0,0,0,0,0,0,0,0,0,0,0,0,0,0,0,0,0,0,0,0,0,0,0,0,0,0,0,0,0,0,0,0,0,0,0,0,0,0,0,Bacteria;Firmicutes;Clostridia;Clostridiales;Clostridiaceae;Clostridium sensu stricto 6;Clostridium sensu stricto 6 bornimense
Eisenbergiella massiliensis,0,0,0,0,0,0,0,0,0,0,0,0,0,0,0,0,0,0,0,0,0,0,0,0,0,0,0,0,0,0,0,0,0,0,0,0,0,0,0,0,0,0,0,0,0,0,0,0,0,0,0,0,0,0,0,0,0,7,0,0,0,0,0,0,0,0,0,0,0,0,0,0,0,0,0,0,0,0,0,0,0,0,0,0,0,0,0,0,0,0,0,0,0,0,0,0,0,0,0,0,0,0,0,0,0,0,0,0,0,0,0,0,0,0,0,0,0,0,0,0,0,0,0,0,0,0,0,0,0,0,0,0,0,0,0,0,0,0,0,0,0,0,0,0,0,0,0,0,0,0,0,0,0,0,0,0,0,0,0,0,0,0,0,0,0,0,0,0,0,0,0,0,0,0,0,0,0,0,0,0,0,0,0,0,0,0,0,0,0,0,0,0,0,0,0,0,0,0,0,0,0,0,0,0,0,0,0,0,Bacteria;Firmicutes;Clostridia;Lachnospirales;Lachnospiraceae;Eisenbergiella;Eisenbergiella massiliensis
Campylobacter concisus,0,0,0,0,0,0,0,0,0,0,0,0,0,0,0,0,0,0,0,0,0,0,0,0,0,0,0,0,0,0,0,0,0,0,0,0,0,0,0,0,0,0,0,0,0,0,0,0,0,0,0,0,0,0,0,0,0,0,0,0,0,0,0,0,0,0,0,0,0,0,0,0,0,0,0,0,0,0,0,0,0,0,0,0,0,0,0,0,0,0,0,0,0,0,0,0,0,0,0,0,0,0,0,0,0,0,0,0,0,0,0,0,0,0,0,0,0,0,0,0,0,0,0,0,0,0,2,0,0,0,0,0,0,0,0,0,0,0,0,0,0,0,0,0,0,0,4,0,0,0,0,0,0,0,0,0,0,0,0,0,0,0,0,0,0,0,0,0,0,0,0,0,0,0,0,0,0,0,0,0,0,0,0,0,0,0,0,0,0,0,0,0,0,0,0,0,0,0,0,0,0,0,0,0,0,0,0,0,Bacteria;Campylobacterota;Campylobacteria;Campylobacterales;Campylobacteraceae;Campylobacter;Campylobacter concisus
Anaerococcus mediterraneensis,0,0,0,0,0,0,0,0,0,0,0,0,0,0,0,0,0,0,0,0,0,0,0,0,0,0,0,0,0,0,0,0,0,0,0,0,0,0,0,0,0,0,0,0,0,0,0,0,0,0,0,0,0,0,0,0,0,0,0,0,0,0,0,0,0,0,0,0,0,0,0,0,0,0,0,0,0,0,0,0,0,0,0,0,0,0,0,0,0,0,0,0,0,0,0,0,0,0,0,0,0,0,0,0,0,0,0,0,0,0,0,0,0,0,0,0,0,0,0,0,0,0,0,0,0,0,0,0,0,0,0,0,0,0,0,6,0,0,0,0,0,0,0,0,0,0,0,0,0,0,0,0,0,0,0,0,0,0,0,0,0,0,0,0,0,0,0,0,0,0,0,0,0,0,0,0,0,0,0,0,0,0,0,0,0,0,0,0,0,0,0,0,0,0,0,0,0,0,0,0,0,0,0,0,0,0,0,0,Bacteria;Firmicutes;Clostridia;Peptostreptococcales-Tissierellales;Family XI;Anaerococcus;Anaerococcus mediterraneensis
Peptoniphilus lacrimalis,0,0,0,0,0,0,0,0,0,0,0,0,0,0,0,0,0,0,0,0,0,0,0,0,0,0,0,0,0,0,0,0,0,0,0,0,0,0,0,0,0,0,0,0,0,0,0,0,0,0,0,0,0,0,0,2,0,0,0,0,0,4,0,0,0,0,0,0,0,0,0,0,0,0,0,0,0,0,0,0,0,0,0,0,0,0,0,0,0,0,0,0,0,0,0,0,0,0,0,0,0,0,0,0,0,0,0,0,0,0,0,0,0,0,0,0,0,0,0,0,0,0,0,0,0,0,0,0,0,0,0,0,0,0,0,0,0,0,0,0,0,0,0,0,0,0,0,0,0,0,0,0,0,0,0,0,0,0,0,0,0,0,0,0,0,0,0,0,0,0,0,0,0,0,0,0,0,0,0,0,0,0,0,0,0,0,0,0,0,0,0,0,0,0,0,0,0,0,0,0,0,0,0,0,0,0,0,0,Bacteria;Firmicutes;Clostridia;Peptostreptococcales-Tissierellales;Family XI;Peptoniphilus;Peptoniphilus lacrimalis
Pseudomonas citronellolis,0,0,0,0,0,0,0,0,0,0,0,0,0,0,0,0,0,0,0,0,0,0,0,0,0,0,0,0,0,0,0,0,0,0,0,0,0,0,0,0,0,0,0,0,0,0,0,0,0,0,0,0,0,0,0,0,0,0,0,0,0,0,0,0,0,0,0,0,0,0,0,0,0,0,0,0,0,0,0,0,0,0,0,0,0,0,0,0,0,0,0,0,0,6,0,0,0,0,0,0,0,0,0,0,0,0,0,0,0,0,0,0,0,0,0,0,0,0,0,0,0,0,0,0,0,0,0,0,0,0,0,0,0,0,0,0,0,0,0,0,0,0,0,0,0,0,0,0,0,0,0,0,0,0,0,0,0,0,0,0,0,0,0,0,0,0,0,0,0,0,0,0,0,0,0,0,0,0,0,0,0,0,0,0,0,0,0,0,0,0,0,0,0,0,0,0,0,0,0,0,0,0,0,0,0,0,0,0,Bacteria;Proteobacteria;Gammaproteobacteria;Pseudomonadales;Pseudomonadaceae;Pseudomonas;Pseudomonas citronellolis
Actinomyces naeslundii,0,0,0,0,0,0,0,0,0,0,0,0,0,0,0,0,0,0,0,0,0,0,0,0,0,0,0,0,0,0,0,0,0,0,0,0,0,0,0,0,0,0,0,0,0,0,0,0,0,0,0,0,0,0,0,0,0,0,0,0,0,0,0,0,0,0,0,0,0,0,0,0,0,0,0,0,0,0,0,0,0,0,0,0,0,0,0,0,0,0,0,0,0,0,0,0,0,0,0,0,0,0,5,0,0,0,0,0,0,0,0,0,0,0,0,0,0,0,0,0,0,0,0,0,0,0,0,0,0,0,0,0,0,0,0,0,0,0,0,0,0,0,0,0,0,0,0,0,0,0,0,0,0,0,0,0,0,0,0,0,0,0,0,0,0,0,0,0,0,0,0,0,0,0,0,0,0,0,0,0,0,0,0,0,0,0,0,0,0,0,0,0,0,0,0,0,0,0,0,0,0,0,0,0,0,0,0,0,Bacteria;Actinobacteriota;Actinobacteria;Actinomycetales;Actinomycetaceae;Actinomyces;Actinomyces naeslundii
Corynebacterium pseudogenitalium,0,0,0,0,0,0,0,0,0,0,0,0,0,0,0,0,0,0,0,0,0,0,0,0,0,0,0,0,0,0,0,0,0,0,0,0,0,0,0,0,0,0,0,0,0,0,0,0,0,0,0,0,0,0,0,0,0,0,0,0,0,0,0,0,0,0,0,0,0,5,0,0,0,0,0,0,0,0,0,0,0,0,0,0,0,0,0,0,0,0,0,0,0,0,0,0,0,0,0,0,0,0,0,0,0,0,0,0,0,0,0,0,0,0,0,0,0,0,0,0,0,0,0,0,0,0,0,0,0,0,0,0,0,0,0,0,0,0,0,0,0,0,0,0,0,0,0,0,0,0,0,0,0,0,0,0,0,0,0,0,0,0,0,0,0,0,0,0,0,0,0,0,0,0,0,0,0,0,0,0,0,0,0,0,0,0,0,0,0,0,0,0,0,0,0,0,0,0,0,0,0,0,0,0,0,0,0,0,Bacteria;Actinobacteriota;Actinobacteria;Corynebacteriales;Corynebacteriaceae;Corynebacterium;Corynebacterium pseudogenitalium
Finegoldia magna,0,0,0,0,0,0,0,0,0,0,0,0,0,0,0,0,0,0,0,0,0,0,0,0,0,0,0,0,0,0,0,0,0,0,0,0,0,0,0,0,0,0,0,0,0,0,0,0,0,0,0,0,0,0,0,0,0,0,0,0,0,0,0,0,0,0,0,0,0,0,0,0,0,0,0,0,0,0,0,0,0,0,0,0,0,0,0,0,0,0,0,0,0,0,0,0,0,0,0,0,0,0,0,0,0,0,0,0,0,0,0,0,0,0,0,0,0,0,0,0,0,0,0,0,0,0,0,0,0,0,0,0,0,0,0,0,0,0,0,0,0,0,0,0,0,0,0,0,0,0,0,0,0,0,0,0,0,0,0,0,0,0,0,0,0,0,0,0,0,0,0,0,0,0,0,0,0,0,0,0,0,0,0,0,0,0,0,0,0,0,0,0,0,0,0,0,5,0,0,0,0,0,0,0,0,0,0,0,Bacteria;Firmicutes;Clostridia;Peptostreptococcales-Tissierellales;Family XI;Finegoldia;Finegoldia magna
Negativicoccus massiliensis,0,0,0,0,0,0,0,0,0,0,0,0,0,0,0,0,0,0,0,0,0,0,0,0,0,0,0,0,0,0,0,0,0,0,0,0,0,0,0,0,0,0,0,0,0,0,0,0,0,0,0,0,0,0,0,0,0,0,0,0,0,0,0,0,0,0,0,0,0,0,0,0,0,0,0,0,0,0,0,0,0,0,0,0,0,0,0,0,0,0,0,0,0,0,0,0,0,0,0,0,0,0,0,0,0,0,0,0,0,0,0,0,0,0,0,0,0,0,0,0,0,0,0,0,0,0,0,0,0,0,0,0,0,0,0,0,5,0,0,0,0,0,0,0,0,0,0,0,0,0,0,0,0,0,0,0,0,0,0,0,0,0,0,0,0,0,0,0,0,0,0,0,0,0,0,0,0,0,0,0,0,0,0,0,0,0,0,0,0,0,0,0,0,0,0,0,0,0,0,0,0,0,0,0,0,0,0,0,Bacteria;Firmicutes;Negativicutes;Veillonellales-Selenomonadales;Veillonellaceae;Negativicoccus;Negativicoccus massiliensis
Fusobacterium nucleatum,0,0,0,0,0,0,0,0,0,0,0,0,0,0,0,0,0,0,0,0,0,0,0,0,0,0,0,0,0,0,0,0,0,0,0,0,0,0,0,0,0,0,0,0,0,0,0,0,0,0,0,0,0,0,0,0,0,0,0,0,0,0,0,0,0,0,0,0,0,0,0,0,0,0,0,0,0,0,0,0,0,0,0,0,0,0,0,0,0,0,0,0,0,0,0,0,0,0,0,0,0,3,0,0,0,0,0,0,0,0,0,0,0,0,0,0,0,0,0,0,0,0,0,0,0,0,2,0,0,0,0,0,0,0,0,0,0,0,0,0,0,0,0,0,0,0,0,0,0,0,0,0,0,0,0,0,0,0,0,0,0,0,0,0,0,0,0,0,0,0,0,0,0,0,0,0,0,0,0,0,0,0,0,0,0,0,0,0,0,0,0,0,0,0,0,0,0,0,0,0,0,0,0,0,0,0,0,0,Bacteria;Fusobacteriota;Fusobacteriia;Fusobacteriales;Fusobacteriaceae;Fusobacterium;Fusobacterium nucleatum
Actinomyces odontolyticus,0,0,0,0,0,0,0,0,0,0,0,0,0,0,0,0,0,0,0,0,0,0,0,0,0,0,0,0,0,0,0,0,0,0,0,0,0,0,0,0,0,0,0,0,0,0,0,0,0,0,0,0,0,0,0,0,0,0,0,0,0,0,0,0,0,0,0,0,0,0,0,0,0,0,0,0,0,0,0,0,0,0,0,0,0,0,0,0,0,0,0,0,0,0,0,0,0,0,0,0,0,3,0,0,0,0,0,0,0,0,0,0,0,0,0,0,0,0,0,0,0,0,0,0,0,0,0,0,0,0,0,0,0,0,0,0,0,0,0,0,0,0,0,0,0,0,0,0,0,0,0,0,0,0,0,0,0,0,0,0,0,0,0,0,0,0,0,0,0,0,0,0,0,0,0,0,0,0,0,0,0,0,0,0,0,0,0,0,0,0,0,0,0,0,0,0,0,0,0,0,0,0,0,0,0,0,0,0,Bacteria;Actinobacteriota;Actinobacteria;Actinomycetales;Actinomycetaceae;Actinomyces;Actinomyces odontolyticus
Atopobium parvulum,0,3,0,0,0,0,0,0,0,0,0,0,0,0,0,0,0,0,0,0,0,0,0,0,0,0,0,0,0,0,0,0,0,0,0,0,0,0,0,0,0,0,0,0,0,0,0,0,0,0,0,0,0,0,0,0,0,0,0,0,0,0,0,0,0,0,0,0,0,0,0,0,0,0,0,0,0,0,0,0,0,0,0,0,0,0,0,0,0,0,0,0,0,0,0,0,0,0,0,0,0,0,0,0,0,0,0,0,0,0,0,0,0,0,0,0,0,0,0,0,0,0,0,0,0,0,0,0,0,0,0,0,0,0,0,0,0,0,0,0,0,0,0,0,0,0,0,0,0,0,0,0,0,0,0,0,0,0,0,0,0,0,0,0,0,0,0,0,0,0,0,0,0,0,0,0,0,0,0,0,0,0,0,0,0,0,0,0,0,0,0,0,0,0,0,0,0,0,0,0,0,0,0,0,0,0,0,0,Bacteria;Actinobacteriota;Coriobacteriia;Coriobacteriales;Atopobiaceae;Atopobium;Atopobium parvulum
Arcicella rosea,0,0,0,0,0,0,0,0,0,0,0,0,0,0,0,0,0,0,0,0,0,0,0,0,0,0,0,0,0,0,0,0,0,0,0,0,0,0,0,0,0,0,0,0,0,0,0,0,0,0,0,0,0,0,0,0,0,0,0,0,0,0,0,0,0,0,0,0,0,0,0,0,0,0,0,0,0,0,0,0,0,0,0,0,0,0,0,0,0,0,0,0,0,0,0,0,0,0,0,0,0,0,0,0,0,0,0,0,0,0,0,0,0,0,0,0,0,0,0,0,0,0,0,0,3,0,0,0,0,0,0,0,0,0,0,0,0,0,0,0,0,0,0,0,0,0,0,0,0,0,0,0,0,0,0,0,0,0,0,0,0,0,0,0,0,0,0,0,0,0,0,0,0,0,0,0,0,0,0,0,0,0,0,0,0,0,0,0,0,0,0,0,0,0,0,0,0,0,0,0,0,0,0,0,0,0,0,0,Bacteria;Bacteroidota;Bacteroidia;Cytophagales;Spirosomaceae;Arcicella;Arcicella rosea
Clostridium sensu stricto 1 neonatale,0,0,0,0,0,3,0,0,0,0,0,0,0,0,0,0,0,0,0,0,0,0,0,0,0,0,0,0,0,0,0,0,0,0,0,0,0,0,0,0,0,0,0,0,0,0,0,0,0,0,0,0,0,0,0,0,0,0,0,0,0,0,0,0,0,0,0,0,0,0,0,0,0,0,0,0,0,0,0,0,0,0,0,0,0,0,0,0,0,0,0,0,0,0,0,0,0,0,0,0,0,0,0,0,0,0,0,0,0,0,0,0,0,0,0,0,0,0,0,0,0,0,0,0,0,0,0,0,0,0,0,0,0,0,0,0,0,0,0,0,0,0,0,0,0,0,0,0,0,0,0,0,0,0,0,0,0,0,0,0,0,0,0,0,0,0,0,0,0,0,0,0,0,0,0,0,0,0,0,0,0,0,0,0,0,0,0,0,0,0,0,0,0,0,0,0,0,0,0,0,0,0,0,0,0,0,0,0,Bacteria;Firmicutes;Clostridia;Clostridiales;Clostridiaceae;Clostridium sensu stricto 1;Clostridium sensu stricto 1 neonatale
Peptococcus niger,0,0,0,0,0,0,0,0,0,0,0,0,0,0,0,0,0,0,0,0,0,0,0,0,0,0,0,0,0,0,0,0,0,0,0,0,0,0,0,0,0,0,0,0,0,0,0,0,0,0,0,0,0,0,0,0,0,0,0,0,0,0,0,0,0,0,0,0,0,0,0,0,0,0,0,0,0,0,0,0,0,0,0,0,0,0,0,3,0,0,0,0,0,0,0,0,0,0,0,0,0,0,0,0,0,0,0,0,0,0,0,0,0,0,0,0,0,0,0,0,0,0,0,0,0,0,0,0,0,0,0,0,0,0,0,0,0,0,0,0,0,0,0,0,0,0,0,0,0,0,0,0,0,0,0,0,0,0,0,0,0,0,0,0,0,0,0,0,0,0,0,0,0,0,0,0,0,0,0,0,0,0,0,0,0,0,0,0,0,0,0,0,0,0,0,0,0,0,0,0,0,0,0,0,0,0,0,0,Bacteria;Firmicutes;Clostridia;Peptococcales;Peptococcaceae;Peptococcus;Peptococcus niger
Anaerococcus octavius,0,0,0,0,0,0,0,0,0,0,0,0,0,0,0,0,0,0,0,0,0,0,0,0,0,0,0,0,0,0,0,0,0,0,0,0,0,0,0,0,0,0,0,0,0,0,0,0,0,0,0,0,0,0,0,0,0,3,0,0,0,0,0,0,0,0,0,0,0,0,0,0,0,0,0,0,0,0,0,0,0,0,0,0,0,0,0,0,0,0,0,0,0,0,0,0,0,0,0,0,0,0,0,0,0,0,0,0,0,0,0,0,0,0,0,0,0,0,0,0,0,0,0,0,0,0,0,0,0,0,0,0,0,0,0,0,0,0,0,0,0,0,0,0,0,0,0,0,0,0,0,0,0,0,0,0,0,0,0,0,0,0,0,0,0,0,0,0,0,0,0,0,0,0,0,0,0,0,0,0,0,0,0,0,0,0,0,0,0,0,0,0,0,0,0,0,0,0,0,0,0,0,0,0,0,0,0,0,Bacteria;Firmicutes;Clostridia;Peptostreptococcales-Tissierellales;Family XI;Anaerococcus;Anaerococcus octavius
Fusobacterium periodonticum,0,0,0,0,0,0,0,0,0,0,0,0,0,0,0,0,0,0,0,0,0,0,0,0,0,0,0,0,0,0,0,0,0,0,0,0,0,0,0,0,0,0,0,0,0,0,0,0,0,0,0,0,0,0,0,0,0,0,0,0,0,0,0,0,0,0,0,0,0,0,0,0,0,0,0,0,0,0,0,0,0,0,0,0,0,0,0,0,0,0,0,0,0,3,0,0,0,0,0,0,0,0,0,0,0,0,0,0,0,0,0,0,0,0,0,0,0,0,0,0,0,0,0,0,0,0,0,0,0,0,0,0,0,0,0,0,0,0,0,0,0,0,0,0,0,0,0,0,0,0,0,0,0,0,0,0,0,0,0,0,0,0,0,0,0,0,0,0,0,0,0,0,0,0,0,0,0,0,0,0,0,0,0,0,0,0,0,0,0,0,0,0,0,0,0,0,0,0,0,0,0,0,0,0,0,0,0,0,Bacteria;Fusobacteriota;Fusobacteriia;Fusobacteriales;Fusobacteriaceae;Fusobacterium;Fusobacterium periodonticum
Lautropia mirabilis,0,0,0,0,0,0,0,0,0,0,0,0,0,0,0,0,0,0,0,0,0,0,0,0,0,0,0,0,0,0,0,0,0,0,0,0,0,0,0,0,0,0,0,0,0,0,0,0,0,0,0,0,0,0,0,0,0,0,0,0,0,0,0,0,0,0,0,0,0,0,0,0,0,0,0,0,0,0,0,0,0,0,0,0,0,0,0,0,0,0,0,0,0,0,0,0,0,0,0,0,0,0,0,0,0,0,0,0,0,0,0,0,0,0,0,0,0,0,0,0,0,0,0,0,0,0,0,0,0,0,0,0,0,0,0,0,0,0,0,0,0,0,0,0,0,0,0,0,0,0,0,0,0,0,0,0,0,0,0,0,0,0,0,0,0,0,0,0,0,0,0,0,0,0,0,0,0,0,0,0,0,0,0,0,0,0,0,0,0,0,0,0,0,0,0,3,0,0,0,0,0,0,0,0,0,0,0,0,Bacteria;Proteobacteria;Gammaproteobacteria;Burkholderiales;Burkholderiaceae;Lautropia;Lautropia mirabilis
Cutibacterium acnes,0,0,0,0,0,0,0,0,0,0,0,0,0,0,0,0,0,0,0,0,0,0,0,0,0,0,0,0,0,0,0,0,0,0,0,0,0,0,0,0,0,0,0,0,0,0,0,0,0,0,0,0,0,0,0,0,0,0,0,0,0,0,0,0,0,0,0,0,0,0,0,0,0,0,0,0,0,0,0,0,0,0,0,0,0,0,0,0,0,0,0,0,2,0,0,0,0,0,0,0,0,0,0,0,0,0,0,0,0,0,0,0,0,0,0,0,0,0,0,0,0,0,0,0,0,0,0,0,0,0,0,0,0,0,0,0,0,0,0,0,0,0,0,0,0,0,0,0,0,0,0,0,0,0,0,0,0,0,0,0,0,0,0,0,0,0,0,0,0,0,0,0,0,0,0,0,0,0,0,0,0,0,0,0,0,0,0,0,0,0,0,0,0,0,0,0,0,0,0,0,0,0,0,0,0,0,0,0,Bacteria;Actinobacteriota;Actinobacteria;Propionibacteriales;Propionibacteriaceae;Cutibacterium;Cutibacterium acnes
Anaerotruncus rubiinfantis,0,0,0,0,2,0,0,0,0,0,0,0,0,0,0,0,0,0,0,0,0,0,0,0,0,0,0,0,0,0,0,0,0,0,0,0,0,0,0,0,0,0,0,0,0,0,0,0,0,0,0,0,0,0,0,0,0,0,0,0,0,0,0,0,0,0,0,0,0,0,0,0,0,0,0,0,0,0,0,0,0,0,0,0,0,0,0,0,0,0,0,0,0,0,0,0,0,0,0,0,0,0,0,0,0,0,0,0,0,0,0,0,0,0,0,0,0,0,0,0,0,0,0,0,0,0,0,0,0,0,0,0,0,0,0,0,0,0,0,0,0,0,0,0,0,0,0,0,0,0,0,0,0,0,0,0,0,0,0,0,0,0,0,0,0,0,0,0,0,0,0,0,0,0,0,0,0,0,0,0,0,0,0,0,0,0,0,0,0,0,0,0,0,0,0,0,0,0,0,0,0,0,0,0,0,0,0,0,Bacteria;Firmicutes;Clostridia;Oscillospirales;Ruminococcaceae;Anaerotruncus;Anaerotruncus rubiinfantis
Cloacibacillus porcorum,0,0,0,0,0,0,0,0,0,0,0,0,2,0,0,0,0,0,0,0,0,0,0,0,0,0,0,0,0,0,0,0,0,0,0,0,0,0,0,0,0,0,0,0,0,0,0,0,0,0,0,0,0,0,0,0,0,0,0,0,0,0,0,0,0,0,0,0,0,0,0,0,0,0,0,0,0,0,0,0,0,0,0,0,0,0,0,0,0,0,0,0,0,0,0,0,0,0,0,0,0,0,0,0,0,0,0,0,0,0,0,0,0,0,0,0,0,0,0,0,0,0,0,0,0,0,0,0,0,0,0,0,0,0,0,0,0,0,0,0,0,0,0,0,0,0,0,0,0,0,0,0,0,0,0,0,0,0,0,0,0,0,0,0,0,0,0,0,0,0,0,0,0,0,0,0,0,0,0,0,0,0,0,0,0,0,0,0,0,0,0,0,0,0,0,0,0,0,0,0,0,0,0,0,0,0,0,0,Bacteria;Synergistota;Synergistia;Synergistales;Synergistaceae;Cloacibacillus;Cloacibacillus porcorum
Unknown,11874,12014,8275,11685,7524,1337,6818,8313,7983,6495,1954,4701,16213,7907,12796,13954,6847,18751,8749,7014,4113,1777,2959,6443,2583,3526,10554,3320,16593,1256,3457,3871,5,0,5,0,19751,5375,10576,1751,1684,9569,17287,8234,14374,11108,21031,10732,2119,1595,1621,2507,2417,12483,17390,1064,731,4717,4035,9060,8086,4591,1963,2326,2409,2853,4814,12954,5048,17871,5689,5848,72871,491,28775,17688,12635,9558,14051,14814,7958,17929,12335,3941,5403,8664,4456,7045,3354,6109,39909,28838,7490,4836,4818,2249,5912,3702,3364,10552,2154,25636,35010,5218,13666,5731,905,3608,4,2791,9168,5224,850,22308,10549,9280,1022,23751,6010,1500,6099,465,0,15739,10404,1669,12837,7491,6125,16764,8891,22841,12668,1861,9423,6190,10044,65009,24515,8717,3088,4634,1637,7382,7946,17240,28003,7165,6190,3393,636,2328,1922,2215,2856,8669,6,3987,3473,19816,16639,9882,14789,951,12539,8225,15706,1183,13922,6098,25223,7074,13121,6619,52337,6265,2516,4776,16313,7344,7939,13519,8976,14312,7573,2648,9052,6728,6279,7850,4972,12568,10125,13419,5003,4437,8219,12336,10028,31371,7799,5497,22054,4634,5641,9432,7589,11635,Unknown
