taxa,SRR7611279,SRR7611280,SRR7611281,SRR7611282,SRR7611283,SRR7611284,SRR7611285,SRR7611286,SRR7611287,SRR7611288,SRR7611289,SRR7611290,SRR7611291,SRR7611292,SRR7611293,SRR7611294,SRR7611295,SRR7611296,SRR7611297,SRR7611298,SRR7611299,SRR7611300,SRR7611301,SRR7611302,SRR7611303,SRR7611304,SRR7611305,SRR7611306,SRR7611307,SRR7611308,SRR7611309,SRR7611310,SRR7611311,SRR7611312,SRR7611313,SRR7611314,SRR7611315,SRR7611316,SRR7611317,SRR7611318,SRR7611319,SRR7611320,SRR7611321,SRR7611322,SRR7611323,SRR7611324,SRR7611325,SRR7611326,SRR7611327,SRR7611328,SRR7611329,SRR7611330,SRR7611331,SRR7611332,SRR7611333,SRR7611334,SRR7611335,SRR7611336,SRR7611337,SRR7611338,SRR7611339,SRR7611340,SRR7611341,SRR7611342,SRR7611343,SRR7611344,SRR7611345,SRR7611346,SRR7611347,SRR7611348,SRR7611349,SRR7611350,SRR7611351,SRR7611352,SRR7611353,SRR7611354,SRR7611355,SRR7611356,SRR7611357,SRR7611358,SRR7611359,SRR7611360,SRR7611361,SRR7611362,SRR7611363,SRR7611364,SRR7611365,SRR7611366,SRR7611367,SRR7611368,SRR7611369,SRR7611370,SRR7611371,SRR7611372,SRR7611373,SRR7611374,SRR7611375,SRR7611376,SRR7611377,SRR7611378,SRR7611379,SRR7611380,SRR7611381,SRR7611382,SRR7611383,SRR7611384,SRR7611385,SRR7611386,SRR7611387,SRR7611388,SRR7611389,SRR7611390,SRR7611391,SRR7611392,SRR7611393,SRR7611394,SRR7611395,SRR7611396,SRR7611397,SRR7611398,SRR7611399,SRR7611400,SRR7611401,SRR7611402,SRR7611403,SRR7611404,SRR7611405,SRR7611406,SRR7611407,SRR7611408,SRR7611409,SRR7611410,SRR7611411,SRR7611412,SRR7611413,SRR7611414,SRR7611415,SRR7611416,SRR7611417,SRR7611418,SRR7611419,SRR7611420,SRR7611421,SRR7611422,SRR7611423,SRR7611424,SRR7611425,SRR7611426,SRR7611427,SRR7611428,SRR7611429,SRR7611430,SRR7611431,SRR7611432,SRR7611433,SRR7611434,SRR7611435,SRR7611436,SRR7611437,SRR7611438,SRR7611439,SRR7611440,SRR7611441,SRR7611442,SRR7611443,SRR7611444,SRR7611445,SRR7611446,SRR7611447,SRR7611448,SRR7611449,SRR7611450,SRR7611451,SRR7611452,SRR7611453,SRR7611454,SRR7611455,SRR7611456,SRR7611457,SRR7611458,SRR7611459,SRR7611460,SRR7611461,SRR7611462,SRR7611463,SRR7611464,SRR7611465,SRR7611466,SRR7611467,SRR7611468,SRR7611469,SRR7611470,SRR7611471,SRR7611472,SRR7611473,SRR7611474,SRR7611475,SRR7611476,SRR7611477,SRR7611478,SRR7611479,SRR7611480,SRR7611481,SRR7611482,SRR7611483,SRR7611484,SRR7611485,SRR7611486,taxonomy
Bacteroides,11392,8294,5327,7748,10369,2363,19652,18794,15241,9431,9983,22125,3730,8814,3552,2322,4525,3679,3789,3419,7939,275,14960,22352,2904,13557,13786,4633,19014,2511,6169,10976,11,13,16,14,5489,54902,3990,22546,1473,6635,1954,4042,4310,4157,10275,1842,16380,16959,17677,6714,14023,1372,1458,9791,9991,16536,9676,1854,1684,14360,10520,8000,11118,4311,2525,4463,4340,13033,2943,10531,15859,474,7250,4511,4389,7276,7052,3548,3493,7940,17952,3125,2296,3075,7730,4548,9512,16172,1427,2911,11396,9274,19866,7141,26740,25722,9368,17104,3671,27926,38888,9704,22907,8782,8695,9352,18,5971,17031,11899,1580,5578,25075,28563,9683,9561,23677,3922,3770,352,10,9501,3796,11747,24020,2502,2582,3650,3006,9535,8034,5007,21347,11939,19910,14657,6288,1686,2733,8650,4421,6898,11992,3736,6206,13580,7622,8351,2021,6524,12834,12829,17857,18065,11,14721,12296,80124,84576,21154,7858,6103,51948,4129,7648,3509,21630,2458,67743,18113,30433,1790,34473,6421,4539,12898,15124,30828,30470,32393,6928,26759,15923,8314,3930,8815,4778,15719,7296,6903,10274,19335,7765,3670,6871,21423,8647,30405,12690,2463,34687,17620,16499,16485,9748,8254,Bacteria;Bacteroidota;Bacteroidia;Bacteroidales;Bacteroidaceae;Bacteroides
Faecalibacterium,1038,1735,1335,1196,1621,333,1311,1596,1833,1706,710,960,1788,1379,1047,961,1321,2129,2018,1247,2337,135,514,628,1272,373,47,43,2793,22,807,1042,0,3,3,4,1958,6768,3910,3024,390,3274,627,951,1112,719,890,286,2915,2065,2035,3449,2261,1324,1770,1571,1113,2330,2325,1331,704,3213,1257,2794,2249,275,195,133,98,365,112,174,4328,13,2631,2059,2442,2651,1348,4656,1648,4400,5885,108,255,756,646,1032,1221,1220,2412,2456,2251,2680,1412,638,2434,1559,507,1050,286,2178,5838,1016,2286,1127,973,247,0,283,1057,222,50,7811,672,549,855,4410,1588,1048,825,361,6,3367,8307,1363,8411,1182,561,1323,551,4001,2102,610,4832,1242,2906,3494,947,535,298,1078,401,960,1293,1509,1936,2222,1288,1046,433,1261,517,1656,2768,2152,0,817,659,7672,5439,3956,1013,230,3097,624,936,898,4696,422,9882,2334,2916,319,9026,1198,473,2571,3731,3128,2597,2676,5531,3321,621,271,2887,2410,5175,1553,1829,1664,3407,6754,2146,1298,2431,3056,2769,6286,849,160,4103,1352,1338,2152,1909,3254,Bacteria;Firmicutes;Clostridia;Oscillospirales;Ruminococcaceae;Faecalibacterium
Alistipes,2869,2498,381,2007,670,150,3251,2772,3000,2373,1446,2731,1411,1408,1040,774,741,1396,495,651,0,4,89,20,0,101,7419,1830,84,1223,1071,1811,4,0,0,2,1198,0,1289,2,346,924,930,699,871,928,1633,855,0,0,0,6,0,34,17,0,0,1340,790,50,24,1384,839,571,759,603,2274,5988,3963,11840,3890,4031,4147,357,1829,645,1885,1712,3740,2038,974,1737,11,521,968,877,1115,186,250,283,76,75,91,160,141,80,1672,2367,803,2377,522,4229,6435,667,1946,1444,0,1034,0,645,1997,568,119,256,1199,2163,95,81,48,21,24,0,3,89,0,11,212,1253,1098,2866,1777,2627,1575,443,1790,1546,1980,3610,988,587,550,1015,468,1335,2033,915,923,1233,2178,923,183,645,905,711,1524,959,0,1932,1855,5867,6499,2597,4153,641,4698,2977,5768,273,2926,1384,7874,2156,2633,858,6150,1130,808,141,636,1096,708,1748,441,1851,1523,922,304,839,441,2585,810,4920,2393,2610,574,122,722,1867,3418,3459,1064,651,3468,1757,1567,1121,1050,2332,Bacteria;Bacteroidota;Bacteroidia;Bacteroidales;Rikenellaceae;Alistipes
Subdoligranulum,2031,1890,852,1225,1394,278,924,1044,730,383,51,57,707,697,635,725,544,1198,737,579,0,0,0,10,0,0,180,113,0,103,196,321,0,0,0,0,1885,1378,1274,328,184,1230,1475,272,1076,703,1858,554,428,267,400,567,276,217,279,158,137,597,255,272,160,333,337,290,237,205,424,233,113,559,222,77,7275,5,2463,1357,2506,1825,116,3553,648,2703,0,34,40,75,181,253,773,1083,339,435,504,468,669,544,282,402,182,915,170,1963,3024,343,439,324,207,994,0,509,2225,340,56,2594,956,1149,190,913,403,318,226,117,0,891,2716,435,3035,1106,1380,3752,1983,4787,2261,93,295,232,406,4775,4453,1115,258,604,185,1863,1484,2114,1904,182,782,524,84,375,9,30,23,1054,0,295,197,2750,1729,531,4609,29,892,2020,3266,53,493,1194,801,225,269,729,10607,1221,418,909,2489,1268,1054,3425,1595,2502,1110,449,756,1021,794,775,503,374,317,1423,390,209,537,338,947,2143,380,303,1882,89,198,209,316,2022,Bacteria;Firmicutes;Clostridia;Oscillospirales;Ruminococcaceae;Subdoligranulum
Agathobacter,1443,1372,2689,1914,226,52,558,521,426,241,75,134,722,510,417,541,643,1664,1249,874,192,56,165,1191,81,286,22,24,4430,34,228,234,3,0,5,0,281,851,847,663,169,3503,275,140,246,232,187,278,990,535,272,1007,1114,537,284,485,348,1573,809,376,507,403,137,263,206,195,147,174,75,388,66,77,2092,0,798,400,501,2850,3235,1316,527,2641,598,23,1095,2503,201,707,685,1191,1377,634,1470,1906,915,384,614,80,372,986,188,2318,8903,1379,3127,646,317,157,0,186,941,96,24,9304,279,87,254,1744,697,62,74,29,0,1507,572,14,777,485,175,1588,801,604,650,222,1693,529,1111,2351,601,218,86,92,55,408,148,573,1379,179,451,521,163,559,75,190,205,3612,0,87,92,963,876,119,514,22,372,584,929,18,3020,364,5011,1471,2789,30,4920,289,72,1565,7290,2177,3514,2805,3126,2935,445,365,1473,1162,1401,493,428,174,205,1466,1334,648,756,301,508,469,93,71,374,256,187,259,812,1361,Bacteria;Firmicutes;Clostridia;Lachnospirales;Lachnospiraceae;Agathobacter
Prevotella_9,15,59,313,0,0,0,0,0,0,0,0,4,9188,1364,10117,12837,3789,13126,3388,3593,0,0,5,4,0,0,6,0,0,0,238,57,0,0,0,0,2299,0,0,0,0,0,579,222,1716,73,467,255,0,0,0,0,0,2759,4587,0,0,16,31,1089,4587,18,5,4,0,0,92,0,6,0,0,4,7538,0,9816,1339,0,0,0,0,0,0,0,5,0,0,771,1041,14,11,22406,4731,453,8,0,0,0,0,0,0,5,0,0,0,0,0,0,0,4,56,265,3,0,1396,3,0,0,5047,1418,225,1882,0,0,1394,5,113,1829,0,0,4,0,0,0,0,0,0,0,20837,2042,535,0,0,0,0,0,1324,3913,14,1071,379,26,138,143,12,62,147,0,0,0,0,0,0,0,0,0,12,26,5,0,149,0,0,0,0,0,0,0,221,0,0,0,0,6,583,0,3,2156,0,0,98,0,5,0,0,0,85,242,26,1714,0,0,183,0,0,8,0,0,0,Bacteria;Bacteroidota;Bacteroidia;Bacteroidales;Prevotellaceae;Prevotella_9
Christensenellaceae R-7 group,2127,1352,113,1130,56,12,25,34,300,1026,162,517,77,86,54,57,33,83,66,37,0,0,3,5,0,0,42,29,0,5,86,44,0,0,0,0,615,0,1174,0,225,924,649,311,520,378,1480,442,0,0,0,0,0,194,658,0,0,22,328,165,88,4,5,3,3,109,372,41,30,154,27,34,11085,0,3935,4359,2411,889,508,1771,731,3237,0,248,132,177,232,143,17,27,549,799,174,143,19,6,107,104,100,535,59,1886,2172,213,473,94,0,7,0,27,115,11,4,204,18,19,0,284,46,18,148,0,0,276,0,10,145,1910,1309,2783,1508,5725,3034,13,183,53,91,8619,6030,2041,233,594,144,942,663,2961,2908,800,63,47,1,36,0,0,0,90,0,21,32,309,299,99,2255,9,195,897,2262,10,235,972,536,173,662,771,7865,471,162,14,148,25,30,166,164,302,90,41,107,1046,731,1123,917,2783,2659,2050,217,132,370,1589,79,7560,1558,258,4769,964,667,1951,2260,1526,Bacteria;Firmicutes;Clostridia;Christensenellales;Christensenellaceae;Christensenellaceae R-7 group
UCG-002,182,182,147,312,1545,284,1005,947,1128,616,63,89,1061,535,797,542,353,746,458,403,0,0,0,0,0,0,31,18,0,20,420,530,0,0,0,0,2190,0,1227,0,132,226,2781,1038,1737,2230,1731,1764,0,0,0,0,0,885,1283,0,0,61,115,1058,291,0,0,6,0,392,251,170,240,910,382,224,5531,33,1493,1015,1105,229,290,1089,932,914,0,175,96,148,261,370,12,13,2540,3229,594,36,36,26,382,366,238,1497,330,3636,2391,207,587,597,0,7,0,46,316,0,0,833,0,0,12,1797,302,50,410,0,0,1839,0,10,397,266,187,593,340,1846,619,133,621,691,689,3236,2220,752,220,669,234,684,721,1237,1306,664,460,195,0,24,0,14,0,165,0,1149,1047,1704,2197,2278,1372,208,2669,545,1071,106,923,395,794,589,807,1476,2365,417,246,76,406,398,151,453,153,828,48,20,585,71,390,346,212,1262,480,476,140,127,251,1044,684,3104,693,698,2344,146,334,436,452,739,Bacteria;Firmicutes;Clostridia;Oscillospirales;Oscillospiraceae;UCG-002
Roseburia,163,259,284,238,836,114,1082,2649,1110,805,40,76,145,151,65,88,95,138,157,77,3493,404,576,1195,368,952,32,14,24363,5,171,193,0,0,0,7,118,988,688,31,93,1063,48,65,94,35,66,50,146,60,294,195,466,248,72,57,126,225,302,161,171,361,77,187,88,47,69,70,40,109,114,238,359,15,147,69,189,730,94,650,218,643,10645,0,17,31,67,480,176,240,301,165,253,274,135,119,833,286,138,83,11,458,1853,194,287,51,0,33,0,78,301,8,0,338,40,0,45,1579,328,667,118,11,0,552,154,192,5454,291,103,382,257,430,342,70,857,14,454,98,35,33,93,301,113,274,117,56,129,247,122,155,16,57,32,37,56,174,0,64,77,2003,1846,1654,176,19,290,187,203,47,1768,77,1605,726,1803,30,2089,448,115,134,31,79,21,122,482,1159,65,9,243,214,473,216,373,1245,860,460,343,369,2540,526,94,696,317,11,1267,147,108,924,156,549,Bacteria;Firmicutes;Clostridia;Lachnospirales;Lachnospiraceae;Roseburia
Parabacteroides,215,511,147,253,495,101,1223,1397,1009,567,472,785,147,298,202,78,132,163,179,122,0,0,0,0,0,0,1915,291,0,178,361,611,3,0,0,0,1183,0,695,0,178,506,798,552,790,745,1104,661,0,0,0,0,0,321,772,0,0,380,319,361,156,611,298,417,306,160,81,197,313,747,90,519,1359,11,599,386,761,841,1979,502,319,1270,0,1073,492,804,387,251,59,96,747,1609,193,49,77,36,574,457,362,647,102,1140,2043,189,831,445,0,55,0,12,49,21,0,178,11,12,104,614,934,115,341,0,0,663,119,333,768,45,16,84,28,57,31,272,1497,928,1270,1424,713,213,57,104,59,80,212,318,541,189,277,199,47,213,469,243,414,476,0,313,320,2264,1297,418,162,221,2054,76,149,359,2753,123,9714,2243,2501,302,603,82,88,247,0,0,62,5,3,94,254,201,218,812,368,775,429,621,772,1441,270,76,656,223,453,304,88,315,221,511,310,101,87,905,Bacteria;Bacteroidota;Bacteroidia;Bacteroidales;Tannerellaceae;Parabacteroides
Dialister,292,437,58,84,234,32,562,616,193,95,0,0,1445,1038,1416,1245,884,1800,1077,862,0,21,147,250,29,207,124,64,3097,26,100,103,0,0,0,0,1679,0,494,0,109,553,2736,690,1167,1802,1958,1168,0,0,0,0,20,332,482,4,0,182,20,200,197,20,9,149,6,113,49,145,79,258,86,93,1895,0,137,401,1079,957,0,902,402,1227,0,23,0,0,58,210,140,50,998,1075,242,36,475,287,2085,367,92,514,128,1269,1694,307,543,146,0,36,0,131,292,0,5,1794,0,0,88,708,244,20,119,0,0,469,6,12,147,0,0,0,0,0,0,255,1075,583,1488,984,1045,76,0,0,0,0,12,152,447,34,1019,405,82,294,15,21,22,799,0,295,464,2130,1844,642,0,76,973,0,6,149,1574,29,4109,1011,2008,0,0,0,0,552,2444,837,1047,1176,1541,2483,70,4,487,56,0,31,0,0,0,0,36,67,65,34,2130,0,0,111,0,0,13,0,8,1078,Bacteria;Firmicutes;Negativicutes;Veillonellales-Selenomonadales;Veillonellaceae;Dialister
Coprococcus,1276,720,95,525,347,64,492,730,467,231,221,230,868,342,369,624,227,563,235,221,74,124,130,106,314,123,23,39,701,13,87,190,0,0,0,0,1254,47,261,28,50,200,1123,660,812,891,384,624,25,20,30,99,38,132,313,10,9,91,141,299,95,72,11,45,15,253,140,73,10,54,14,22,6026,0,2068,1674,165,96,164,176,120,256,184,49,59,61,113,133,97,292,334,261,209,245,16,14,211,41,260,896,213,1935,1971,368,1337,441,24,25,0,67,184,14,0,468,21,23,20,267,114,0,81,9,0,458,295,9,92,46,49,283,86,36,24,0,9,15,9,8481,4222,745,93,258,104,551,726,1308,3116,412,240,206,27,76,150,126,39,284,0,56,141,120,228,826,138,59,403,153,358,22,20,272,73,9,22,670,5731,419,293,162,840,161,221,227,343,939,51,8,142,203,490,256,335,140,83,889,361,121,125,643,296,3013,731,76,1522,274,283,762,160,256,Bacteria;Firmicutes;Clostridia;Lachnospirales;Lachnospiraceae;Coprococcus
Blautia,1268,388,696,885,326,51,153,257,134,187,71,115,52,164,78,61,125,140,217,125,696,445,447,1981,458,698,202,154,3448,36,108,68,0,0,0,0,408,809,378,325,29,508,257,143,270,153,356,131,306,185,264,261,253,199,591,120,76,395,456,180,167,444,205,341,214,84,83,120,109,347,216,312,2024,26,584,558,323,427,626,749,135,691,2080,63,338,287,171,512,285,377,569,577,268,594,195,198,221,232,161,448,74,827,2903,204,368,124,184,213,0,130,641,107,38,1356,321,288,83,671,455,101,183,115,0,415,2488,300,1077,367,112,480,249,486,447,66,354,158,436,1654,548,96,50,164,45,269,482,284,723,50,182,214,89,205,80,82,108,504,0,114,44,1062,571,324,556,17,331,324,646,33,621,198,1102,196,472,138,1460,133,109,445,1416,637,473,994,1292,986,397,125,254,1171,532,521,374,426,349,1556,209,149,815,173,218,1044,179,99,576,107,72,235,269,342,Bacteria;Firmicutes;Clostridia;Lachnospirales;Lachnospiraceae;Blautia
Lachnospiraceae NK4A136 group,85,350,52,176,123,23,376,777,685,336,150,258,189,60,178,159,50,186,136,93,0,0,0,0,0,0,48,26,7,4,220,327,0,0,0,0,457,0,1031,0,316,1073,362,196,203,203,965,126,5,0,0,0,0,597,753,0,0,58,36,525,481,148,17,21,61,260,122,337,40,145,125,28,1055,12,500,314,1125,909,43,953,452,1844,0,7,23,21,85,265,14,124,3148,1562,243,15,55,30,33,69,283,221,68,2347,848,301,747,92,0,105,0,27,46,116,9,273,354,314,33,1110,230,108,237,15,0,862,124,101,718,133,141,245,111,1125,768,10,31,11,26,1367,384,75,429,391,208,499,1049,463,1729,877,51,28,0,13,0,26,76,0,0,35,31,113,151,52,288,0,61,166,150,10,37,80,0,0,91,45,3504,442,287,20,13,48,38,229,30,80,105,26,232,12,20,94,33,20,7,168,107,37,0,1435,104,2722,941,149,2505,624,846,2775,1253,2219,Bacteria;Firmicutes;Clostridia;Lachnospirales;Lachnospiraceae;Lachnospiraceae NK4A136 group
Ruminococcus,323,252,68,597,290,74,241,219,186,193,166,100,882,338,528,487,246,578,246,243,0,0,6,0,0,5,69,19,103,25,70,110,0,0,0,0,696,58,622,24,114,561,316,268,443,209,447,171,107,22,24,46,50,135,153,17,7,75,107,119,129,128,34,30,20,210,34,44,25,139,42,143,233,11,269,113,308,135,294,683,380,492,0,63,130,149,103,187,227,565,219,174,91,95,47,48,108,144,306,683,180,1454,1459,765,2658,445,15,10,0,100,214,0,0,644,0,0,124,592,246,63,30,48,0,317,835,42,275,452,201,516,269,308,293,264,1886,251,897,366,113,71,33,13,0,27,55,96,164,871,232,169,84,326,0,13,7,439,0,49,14,274,248,243,672,6,64,262,625,15,882,190,2155,489,776,13,423,25,29,303,1252,745,937,488,1927,807,26,0,207,410,251,327,233,487,387,394,125,29,807,1470,328,3484,580,43,1758,222,599,728,1101,756,Bacteria;Firmicutes;Clostridia;Oscillospirales;Ruminococcaceae;Ruminococcus
Butyrivibrio,4,2,598,12,0,0,0,0,0,0,0,0,0,0,0,0,73,0,948,192,0,0,0,0,0,0,0,0,0,0,531,116,0,0,0,0,0,0,0,0,0,0,0,0,0,0,0,0,0,0,0,0,0,6636,3275,0,0,75,136,2752,2562,0,7,4,0,0,0,0,0,0,0,0,0,0,0,0,0,0,0,0,0,0,0,0,0,0,331,2002,10,7,9604,6200,1099,0,0,5,0,0,0,0,3,0,0,0,0,0,0,3,0,0,0,0,0,2693,0,0,3,9072,1805,176,1271,0,0,3496,11,1,940,0,0,0,0,0,0,0,0,0,0,0,0,0,0,0,0,0,0,0,0,0,0,0,0,0,0,0,0,0,0,0,0,0,0,0,0,0,0,0,0,0,0,0,0,0,0,0,0,0,0,99,0,0,7,0,0,0,0,0,1963,0,0,0,4,0,0,0,0,208,250,0,0,0,0,0,0,0,0,0,0,0,Bacteria;Firmicutes;Clostridia;Lachnospirales;Lachnospiraceae;Butyrivibrio
Akkermansia,26,0,0,5,0,0,0,0,9,40,113,215,0,137,0,0,2,0,0,0,0,0,0,0,0,0,1548,87,0,117,3,0,2,0,0,0,31,0,92,0,17,26,11,40,12,6,3,5,0,0,0,0,0,0,0,0,0,5064,266,0,0,111,17,33,435,0,76,66,265,1244,268,188,83,47,10,20,271,16,2000,142,29,62,0,1260,742,875,9,0,8,20,4,0,0,10,29,7,281,1415,2,0,0,0,0,0,0,0,0,20,0,37,371,0,0,0,0,10,9,0,0,5,0,0,0,0,0,0,21,71,52,138,121,228,102,55,533,607,544,21,28,5,254,679,139,247,445,48,11,232,104,144,18,41,0,5,0,41,0,433,513,625,1143,1260,695,132,2412,123,387,417,1950,44,1042,388,320,788,988,192,53,2,104,241,57,302,285,1230,48,10,0,47,59,39,13,127,48,78,15,0,3,494,43,648,81,9,738,176,266,0,0,257,Bacteria;Verrucomicrobiota;Verrucomicrobiae;Verrucomicrobiales;Akkermansiaceae;Akkermansia
Lachnoclostridium,184,67,351,181,11,15,62,121,152,117,53,49,132,172,76,70,144,233,183,106,176,74,132,271,288,114,63,15,747,7,60,72,0,0,0,0,278,399,283,110,17,251,95,81,156,122,86,65,120,121,154,117,112,147,107,37,23,446,399,184,172,437,138,210,54,53,0,12,8,46,8,21,314,0,77,64,84,233,163,250,181,257,432,118,89,149,41,387,443,827,201,214,823,1165,464,203,509,147,139,279,77,505,735,79,220,43,33,83,0,94,76,73,7,1461,211,166,149,502,286,72,71,53,5,579,794,213,480,86,65,227,56,251,186,29,158,97,214,94,89,6,52,199,49,106,128,53,67,124,156,142,26,115,68,121,102,301,0,67,37,393,480,306,99,5,97,90,143,38,226,42,420,137,230,36,623,89,42,436,753,599,710,389,434,615,112,41,229,202,202,90,136,63,66,165,125,334,176,161,182,240,57,19,77,38,89,16,82,140,Bacteria;Firmicutes;Clostridia;Lachnospirales;Lachnospiraceae;Lachnoclostridium
Succinivibrio,7,43,251,4,0,0,0,0,0,0,0,0,0,0,0,0,42,0,416,82,0,0,0,0,0,0,0,0,0,0,253,83,0,0,0,0,0,0,0,0,0,0,3,2,0,0,0,0,0,0,0,0,0,2805,1962,0,0,9,24,586,1164,11,0,4,0,0,0,0,0,0,0,0,0,0,0,0,0,0,0,0,0,0,0,0,0,0,360,821,4,6,8037,5308,229,8,3,0,0,0,0,0,0,0,0,0,0,0,0,0,0,0,0,0,0,1332,0,0,0,4361,803,154,843,0,0,810,3,47,1100,0,0,0,0,0,0,0,0,0,0,0,0,0,0,0,0,0,0,0,0,0,0,0,0,0,0,0,0,0,0,0,0,0,0,0,0,0,0,0,0,0,0,0,2,0,0,0,0,0,0,46,0,0,0,0,0,0,0,0,1123,0,0,46,0,0,0,0,0,43,84,0,0,0,0,0,0,0,0,0,0,0,Bacteria;Proteobacteria;Gammaproteobacteria;Enterobacterales;Succinivibrionaceae;Succinivibrio
Dorea,227,50,167,103,107,19,53,76,66,61,40,25,94,91,63,33,67,204,96,111,44,161,71,125,228,111,118,47,400,24,21,24,0,0,0,0,175,6,207,0,19,311,102,66,113,49,159,45,0,5,0,46,7,74,65,0,0,75,97,48,94,270,37,44,11,165,28,93,57,260,84,93,379,0,77,102,116,92,90,595,176,909,184,66,31,49,18,120,135,429,109,91,57,107,79,37,67,34,121,546,122,2004,3375,406,1262,218,8,30,0,30,89,27,7,497,66,29,32,296,121,96,32,37,0,217,709,55,696,219,97,445,170,276,240,11,63,65,77,289,178,18,8,0,0,10,4,89,162,33,96,93,27,128,48,26,80,407,0,6,0,197,133,53,225,1,59,187,333,7,119,106,167,36,65,7,4,3,0,368,987,221,311,353,556,273,74,57,86,143,64,105,72,98,130,246,116,257,180,49,110,136,25,26,106,61,47,33,88,236,Bacteria;Firmicutes;Clostridia;Lachnospirales;Lachnospiraceae;Dorea
[Ruminococcus] torques group,264,134,1209,409,839,172,135,166,59,35,32,39,32,70,29,22,26,43,42,23,45,0,4,0,101,6,185,151,69,24,26,43,0,0,0,0,197,14,74,0,11,16,142,163,137,48,163,50,0,0,0,0,0,90,0,0,0,119,97,89,75,41,17,10,12,86,93,205,261,1056,227,758,608,0,226,302,91,14,155,45,37,53,151,0,40,73,34,173,91,259,160,165,133,241,193,47,221,243,120,600,147,657,530,128,304,119,0,23,0,19,100,36,0,665,60,34,50,230,225,6,0,0,0,145,37,20,115,94,0,119,0,0,0,24,164,139,118,389,168,46,132,69,25,182,156,212,519,37,38,70,53,74,42,26,62,336,0,105,59,201,339,255,415,44,427,185,426,775,120,148,175,52,397,108,549,64,48,485,1464,505,461,512,609,394,168,55,108,158,15,74,33,26,12,284,171,619,146,42,39,198,23,38,89,32,30,46,23,65,Bacteria;Firmicutes;Clostridia;Lachnospirales;Lachnospiraceae;[Ruminococcus] torques group
Anaerostipes,181,127,114,122,224,44,143,192,73,77,19,23,7,38,16,14,37,10,66,30,572,21,166,410,175,174,65,25,1917,21,43,28,0,0,0,0,388,419,71,332,11,94,302,201,288,220,307,321,185,169,167,122,175,53,30,70,36,108,112,51,21,84,35,96,87,50,76,285,75,241,83,27,589,16,66,101,111,81,778,130,48,120,1291,137,386,363,44,161,80,128,45,46,99,189,135,60,47,99,67,125,30,259,325,54,39,52,125,110,0,93,284,57,29,351,173,114,40,344,218,123,32,66,0,167,860,176,665,200,102,111,155,125,197,28,117,48,89,194,89,21,7,22,20,130,73,59,70,63,37,48,15,65,0,4,3,102,0,25,21,310,323,119,97,6,88,126,278,0,253,81,387,104,211,100,247,4,20,235,157,180,146,318,316,362,227,94,68,156,55,139,101,252,253,319,83,73,483,75,21,738,106,148,461,68,50,77,190,59,Bacteria;Firmicutes;Clostridia;Lachnospirales;Lachnospiraceae;Anaerostipes
Fusicatenibacter,172,75,312,69,256,54,116,119,86,103,75,56,13,80,29,42,32,10,59,45,151,67,95,818,101,160,41,9,996,13,30,56,0,0,0,0,236,887,107,218,11,113,67,58,147,70,146,43,173,124,310,724,176,34,53,94,99,169,146,80,42,228,148,145,110,45,24,35,83,282,127,110,186,0,42,63,77,60,5,168,100,119,625,3,0,3,68,240,144,124,84,131,126,287,178,70,328,173,49,80,43,267,470,33,127,139,144,789,0,230,1110,93,28,429,202,361,17,79,49,0,15,0,0,124,0,3,44,67,29,97,39,120,98,24,134,87,160,150,77,8,25,30,0,139,105,49,58,137,94,114,21,48,46,105,62,134,0,50,14,685,396,246,60,0,121,53,112,16,272,26,526,95,164,31,913,37,27,88,398,226,176,355,262,422,460,43,67,502,104,141,179,159,143,464,86,327,306,183,92,647,99,28,225,79,86,57,173,95,Bacteria;Firmicutes;Clostridia;Lachnospirales;Lachnospiraceae;Fusicatenibacter
Sutterella,5,19,22,36,74,14,67,90,75,29,23,38,0,0,0,0,10,0,20,6,23,0,54,0,19,42,5,0,0,0,43,64,0,0,0,0,0,209,0,22,0,0,0,0,0,0,0,0,4,34,72,0,39,63,35,18,18,97,16,60,30,21,10,18,35,91,7,0,0,0,0,0,267,0,202,53,0,0,49,0,0,0,73,17,7,27,0,25,28,60,148,112,78,42,151,38,0,0,141,305,69,600,265,55,305,133,14,0,0,0,4,0,0,49,0,0,0,130,25,0,12,0,0,108,0,0,19,94,24,38,64,124,123,412,1504,1222,2427,657,156,51,40,158,43,113,171,69,212,92,0,0,0,0,0,0,0,65,0,0,0,0,0,0,88,0,0,19,53,38,3430,45,5306,1174,1804,28,481,101,71,0,0,0,9,0,0,0,43,43,36,0,0,0,0,0,0,0,36,21,14,138,0,481,174,0,442,117,103,195,317,0,Bacteria;Proteobacteria;Gammaproteobacteria;Burkholderiales;Sutterellaceae;Sutterella
Barnesiella,1758,1567,307,1651,65,3,210,189,213,313,37,59,552,300,352,256,145,493,125,135,0,0,0,0,0,0,0,0,0,0,76,92,0,0,0,0,0,0,0,0,0,0,0,0,0,0,0,0,0,0,0,3,0,3,0,0,0,263,62,0,0,51,48,12,40,7,16,0,0,0,0,0,370,0,154,72,0,0,0,0,0,0,0,0,0,0,0,38,15,13,0,3,13,22,6,4,203,356,53,190,35,227,204,26,94,36,0,3,0,5,45,0,0,12,0,2,0,7,0,0,0,0,0,3,0,0,8,286,244,642,431,1000,543,0,0,0,0,591,213,75,0,0,0,0,0,69,85,166,219,70,0,7,0,3,0,28,0,161,164,828,1071,363,867,41,870,333,1036,9,0,250,0,0,0,0,0,0,0,0,0,0,0,0,2,118,60,52,41,0,0,193,0,754,498,0,2,37,170,314,339,893,211,0,1014,99,178,196,210,0,Bacteria;Bacteroidota;Bacteroidia;Bacteroidales;Barnesiellaceae;Barnesiella
Lachnospira,17,63,113,28,29,0,79,185,102,81,38,20,30,52,55,104,34,85,44,51,249,42,204,26,242,196,33,4,60,7,54,58,0,0,0,0,63,664,147,28,8,133,7,12,41,19,5,0,38,224,268,50,91,149,77,26,66,108,62,282,47,252,43,48,64,95,34,0,26,44,27,2,1064,0,140,111,35,51,15,44,214,75,461,0,4,28,143,52,69,421,56,133,177,69,362,22,105,21,85,291,71,433,378,93,331,158,14,42,0,20,30,100,40,92,263,169,35,173,56,20,45,0,0,289,17,0,132,41,9,20,0,71,99,190,871,233,773,1690,261,110,38,78,47,13,16,225,659,79,26,44,0,31,32,60,27,167,0,0,0,45,16,144,0,0,12,7,13,13,963,44,996,621,1438,21,90,4,5,66,56,54,146,58,47,74,230,64,63,10,694,189,366,144,169,168,622,60,185,233,31,74,34,8,60,44,52,55,75,40,Bacteria;Firmicutes;Clostridia;Lachnospirales;Lachnospiraceae;Lachnospira
Monoglobus,138,42,89,66,31,2,16,39,24,61,34,62,136,97,70,93,95,187,87,61,239,70,51,118,39,91,10,0,1229,0,21,30,0,0,0,0,487,51,85,55,14,99,345,84,416,319,128,234,0,42,17,0,59,60,14,3,0,92,108,18,20,54,0,54,59,2,18,0,0,14,8,3,1179,2,142,204,116,90,60,242,176,131,728,0,14,8,25,70,24,33,82,291,24,174,34,11,96,97,10,33,5,76,174,74,180,10,2,11,0,15,83,0,0,187,0,27,9,416,152,66,22,45,0,114,842,72,514,277,69,356,230,224,194,13,83,31,103,1016,226,118,37,82,38,138,96,218,678,151,51,59,12,50,15,113,20,206,0,44,62,59,63,111,145,18,236,191,390,0,169,124,315,131,287,42,581,135,31,228,596,181,113,182,257,309,24,0,90,66,32,158,62,210,200,30,88,28,208,274,50,802,130,68,497,109,135,180,194,133,Bacteria;Firmicutes;Clostridia;Monoglobales;Monoglobaceae;Monoglobus
[Eubacterium] siraeum group,158,255,60,95,47,17,203,317,257,152,0,0,2,0,0,0,6,0,53,12,0,0,0,0,0,0,0,0,0,0,122,99,0,0,0,0,79,0,253,0,29,103,68,94,101,116,677,67,0,0,0,0,0,477,408,0,0,19,57,579,218,0,0,2,15,3,22,0,0,0,0,0,800,0,269,126,277,301,183,190,227,580,0,49,95,125,230,191,2,0,974,1105,259,8,0,0,552,313,0,0,0,2,4,0,0,2,0,27,0,28,34,23,22,225,61,150,21,770,166,18,116,0,0,848,51,26,163,167,309,122,103,588,560,0,0,0,0,418,229,96,40,48,27,114,129,181,155,0,0,7,0,0,0,0,0,3,0,180,116,199,556,498,233,37,454,75,126,7,0,59,0,0,0,136,931,118,69,6,0,3,15,57,2,16,117,6,156,159,335,374,625,188,192,974,205,62,91,0,2,0,0,138,0,0,0,0,0,173,Bacteria;Firmicutes;Clostridia;Oscillospirales;Ruminococcaceae;[Eubacterium] siraeum group
Bifidobacterium,38,22,197,12,381,20,272,312,200,67,8,25,88,56,30,30,22,33,40,17,214,51,111,350,69,483,0,0,654,0,49,120,0,0,0,0,342,104,0,196,0,4,180,85,224,166,258,244,49,18,30,72,67,6,0,114,80,91,122,0,2,50,74,34,75,7,3,0,0,0,0,0,58,0,9,8,3,0,1904,0,0,0,1731,539,815,890,5,0,20,0,0,0,0,0,11,0,19,26,14,50,4,157,912,135,162,61,112,6,0,9,40,4,3,53,0,0,9,41,13,19,3,6,0,25,272,16,279,122,81,271,200,96,94,0,0,0,0,28,27,6,13,52,5,153,93,8,15,22,31,18,8,59,5,14,17,41,2,39,23,4270,339,32,379,2,143,139,615,0,0,111,0,0,0,60,231,51,14,14,81,42,34,62,42,74,13,0,19,36,14,13,16,0,0,48,4,0,0,23,46,256,70,83,222,44,25,76,199,5,Bacteria;Actinobacteriota;Actinobacteria;Bifidobacteriales;Bifidobacteriaceae;Bifidobacterium
[Eubacterium] eligens group,43,159,25,92,31,9,79,103,176,58,218,202,126,59,171,198,48,203,59,79,0,0,0,0,0,0,16,0,0,10,86,96,0,0,0,0,23,0,258,34,27,121,37,32,17,16,0,1,19,9,0,40,13,208,235,37,73,73,34,353,54,25,8,10,30,36,17,17,0,14,9,13,2934,0,309,452,219,68,195,176,233,122,0,0,14,64,60,118,25,165,404,355,185,47,172,21,122,46,40,43,16,151,110,26,108,38,43,107,0,105,179,84,41,130,233,353,17,304,73,12,68,0,0,497,0,0,72,29,60,112,83,287,94,43,272,85,173,424,74,55,21,17,0,88,174,275,120,219,71,35,14,48,24,25,71,8,0,9,28,284,130,163,37,14,77,43,98,6,200,37,328,354,611,9,99,58,43,37,29,96,82,101,22,107,111,18,80,15,240,77,145,61,41,142,49,40,199,302,106,659,180,0,276,198,315,149,155,98,Bacteria;Firmicutes;Clostridia;Lachnospirales;Lachnospiraceae;[Eubacterium] eligens group
Lachnospiraceae UCG-001,0,0,6,0,12,4,76,122,108,50,26,0,0,6,0,0,0,0,0,0,0,0,16,10,0,18,6,11,333,0,35,54,0,0,0,0,0,582,1,0,0,16,3,0,0,0,0,0,9,37,195,3,78,52,23,0,13,0,3,60,72,0,0,0,25,33,24,0,13,31,16,26,3793,0,1243,918,7,15,8,25,52,14,19,0,4,7,0,41,0,0,48,40,30,6,0,0,0,0,40,61,16,183,65,0,75,37,0,24,0,6,14,39,6,75,177,233,3,88,37,0,14,0,0,37,0,0,0,0,18,44,74,201,155,35,398,32,168,2852,456,120,36,62,14,14,49,514,1598,46,0,0,0,0,0,0,0,4,0,0,0,0,0,0,0,0,0,4,0,0,176,25,251,407,1710,7,77,25,19,18,40,11,13,98,41,34,18,4,0,0,0,0,0,36,45,0,0,0,128,69,0,42,14,3,16,15,21,0,5,3,Bacteria;Firmicutes;Clostridia;Lachnospirales;Lachnospiraceae;Lachnospiraceae UCG-001
[Eubacterium] hallii group,115,54,95,65,135,11,95,150,65,51,46,37,19,49,33,30,39,37,57,30,92,80,104,421,85,175,13,13,820,0,25,30,0,0,0,0,172,0,94,0,20,106,68,90,155,97,167,109,0,0,0,0,0,133,233,0,0,64,65,108,82,85,31,30,31,46,20,44,44,189,63,8,379,0,52,76,105,127,195,150,55,127,244,57,90,70,26,86,46,41,267,348,80,101,54,19,64,47,64,222,37,483,1069,131,204,105,0,55,0,51,169,17,9,317,85,49,15,267,66,18,38,14,0,172,148,34,131,32,31,90,30,93,38,11,58,34,69,173,108,11,11,42,21,67,53,31,55,39,59,53,20,71,32,35,30,94,0,25,26,341,177,165,73,11,156,42,85,8,164,32,259,60,92,24,164,16,17,109,266,134,92,239,228,258,125,27,76,75,46,104,42,100,75,207,16,31,110,40,52,247,42,58,183,40,46,31,80,54,Bacteria;Firmicutes;Clostridia;Lachnospirales;Lachnospiraceae;[Eubacterium] hallii group
UCG-005,16,15,19,17,112,16,99,110,111,38,68,80,196,74,161,69,48,101,59,37,0,0,0,0,0,0,242,82,0,32,42,73,0,0,0,0,314,0,344,0,41,88,299,250,296,323,542,228,0,0,0,0,0,150,380,0,0,6,6,138,56,0,0,0,0,54,108,216,131,621,195,227,689,12,196,102,317,217,216,424,263,310,0,116,32,292,47,55,0,0,288,451,67,0,0,0,26,16,78,182,37,386,385,42,76,53,0,0,0,0,22,0,0,61,0,0,0,338,57,5,116,0,0,209,0,0,52,19,30,108,41,100,23,0,3,0,0,335,147,45,30,59,13,39,52,168,196,92,78,18,0,11,0,0,57,17,0,15,9,41,61,36,85,0,37,61,130,0,7,17,6,0,6,228,219,41,22,9,10,37,9,0,0,57,0,0,81,115,176,90,80,74,49,136,47,11,12,129,170,197,61,156,142,58,66,71,77,207,Bacteria;Firmicutes;Clostridia;Oscillospirales;Oscillospiraceae;UCG-005
Escherichia-Shigella,7,0,51,0,469,52,105,40,558,237,0,5,0,17,5,0,19,63,16,21,370,0,0,0,284,0,46,0,0,0,7,0,0,0,0,0,0,21,8,18,0,4,3,11,0,0,9,2,19,27,3,58,166,0,0,40,7,35,0,0,0,67,5,0,0,0,0,0,0,168,0,175,0,0,0,0,3,3,115,5,0,3,1583,231,0,127,6,0,27,306,4,21,0,0,0,0,0,0,19,508,51,0,0,0,0,0,6,0,0,0,0,0,0,68,0,0,23,0,13,16,0,0,0,0,9,32,71,0,0,0,0,0,0,60,254,1818,674,48,79,0,25,0,0,0,6,4,277,28,16,9,13,23,0,0,0,52,0,0,51,7,0,0,6,38,575,0,0,390,382,21,4439,434,343,3,14,0,0,35,143,67,299,49,69,42,6,7,17,13,0,12,29,0,0,0,0,0,5,18,36,3,0,15,0,9,4,0,0,22,Bacteria;Proteobacteria;Gammaproteobacteria;Enterobacterales;Enterobacteriaceae;Escherichia-Shigella
Rikenellaceae RC9 gut group,0,7,48,0,0,0,0,0,0,0,0,0,0,0,0,0,5,0,100,15,0,0,0,0,0,0,0,0,0,0,58,17,0,0,0,0,1400,0,0,0,0,0,685,465,997,670,862,764,0,0,0,0,0,465,1332,0,0,15,23,657,200,0,0,0,0,0,0,0,0,0,0,0,0,0,0,0,0,0,0,0,0,0,0,7,0,0,153,171,2,0,1667,2367,368,5,0,3,0,0,0,0,0,0,0,0,0,0,0,0,0,0,0,0,0,251,0,0,0,913,109,42,350,0,0,1092,0,5,345,0,0,0,0,0,0,0,0,0,0,0,0,0,0,0,0,0,0,0,0,0,0,0,0,0,0,0,0,0,0,0,0,0,0,0,0,0,0,0,0,0,0,0,0,0,0,0,0,0,0,2,0,3,0,0,0,0,0,0,233,0,0,6,0,0,0,0,0,75,26,0,0,0,0,320,0,0,0,0,0,0,Bacteria;Bacteroidota;Bacteroidia;Bacteroidales;Rikenellaceae;Rikenellaceae RC9 gut group
NK4A214 group,5,12,8,9,102,19,73,108,40,20,16,15,252,130,140,238,85,182,59,105,0,0,0,0,0,0,425,260,0,107,30,20,0,0,0,0,60,0,103,0,7,23,76,43,38,105,31,46,0,0,0,0,0,63,153,0,0,15,0,40,37,0,0,16,0,27,294,822,256,1009,719,479,1248,42,105,214,49,10,942,50,103,13,0,46,109,329,22,38,22,19,133,107,31,0,33,25,0,0,22,68,11,218,379,51,131,41,0,17,0,6,41,45,0,43,51,35,0,127,33,0,42,0,0,97,0,0,16,68,124,200,155,95,169,0,0,0,0,423,579,206,95,246,83,61,6,225,275,90,56,17,0,0,0,0,0,6,0,0,0,0,0,0,23,0,0,108,217,0,0,109,0,0,0,51,40,0,5,0,0,0,0,12,0,43,80,11,44,12,9,26,37,10,6,15,17,6,15,147,64,198,86,17,133,11,65,33,61,31,Bacteria;Firmicutes;Clostridia;Oscillospirales;Oscillospiraceae;NK4A214 group
[Ruminococcus] gnavus group,0,0,0,0,0,0,0,0,0,0,0,0,0,0,0,0,0,0,24,15,716,17,340,55,869,454,986,507,1450,40,0,0,0,0,0,0,0,42,0,21,0,12,0,0,0,0,0,0,248,38,21,280,80,8,0,28,66,57,34,0,10,31,16,13,9,0,0,21,265,1226,21,1517,0,0,0,0,0,8,0,0,0,11,2011,0,12,16,8,13,0,8,0,0,0,0,0,0,0,0,0,0,0,0,0,0,0,0,20,0,0,0,0,0,0,37,12,0,47,185,434,124,36,93,0,262,2016,193,1107,0,0,0,0,0,0,0,21,13,27,0,0,0,0,0,0,0,0,0,0,0,0,0,0,0,0,0,0,16,0,0,0,0,0,0,0,0,0,0,0,0,40,0,44,15,43,0,0,0,0,113,0,155,32,0,0,0,0,0,24,0,0,0,0,0,0,0,0,0,0,0,0,0,0,0,0,0,0,0,0,0,Bacteria;Firmicutes;Clostridia;Lachnospirales;Lachnospiraceae;[Ruminococcus] gnavus group
UCG-003,13,28,60,27,30,0,101,243,165,144,18,11,423,130,204,150,87,176,116,111,0,0,0,0,0,0,54,63,0,14,131,117,0,0,0,0,125,0,100,0,13,35,143,76,93,83,49,89,0,0,0,0,0,285,293,0,0,68,48,138,76,106,19,23,59,37,99,279,124,508,140,39,328,4,151,140,38,16,0,28,18,12,0,0,0,0,49,77,8,29,201,185,79,27,34,0,48,57,21,45,9,163,204,10,69,27,0,19,0,15,79,35,0,121,75,136,0,410,84,9,152,0,0,186,0,0,31,64,64,72,114,94,72,43,182,104,279,315,220,80,135,204,74,54,148,104,159,145,80,26,0,0,0,0,0,0,0,29,20,78,61,23,34,0,64,56,186,0,387,71,303,88,260,16,290,45,20,0,20,0,8,82,0,71,26,13,118,10,49,36,22,131,149,59,62,16,68,245,135,392,72,7,179,21,64,62,22,90,Bacteria;Firmicutes;Clostridia;Oscillospirales;Oscillospiraceae;UCG-003
Parasutterella,116,97,160,79,13,5,28,21,34,78,183,348,17,123,7,11,28,0,38,25,0,0,0,0,0,0,0,0,11,0,26,22,0,0,0,0,10,0,146,0,9,138,0,0,7,0,0,0,0,0,0,0,0,94,148,0,0,23,51,97,36,0,0,0,0,7,6,0,0,0,0,0,238,0,76,78,39,123,7,67,52,115,10,0,0,0,191,53,0,0,280,176,49,16,0,0,138,298,27,19,4,64,26,16,28,16,0,4,0,12,93,0,0,266,0,0,22,221,35,3,58,0,0,149,2,2,69,30,6,32,30,110,61,0,0,0,0,308,168,36,28,74,23,31,99,74,92,147,87,151,34,159,236,145,173,108,0,52,36,711,673,333,46,9,305,19,47,5,0,17,0,0,8,0,265,79,18,49,234,281,254,114,109,254,13,9,86,220,258,300,127,145,269,346,156,20,102,215,132,302,129,0,319,252,173,177,177,150,Bacteria;Proteobacteria;Gammaproteobacteria;Burkholderiales;Sutterellaceae;Parasutterella
[Eubacterium] ventriosum group,253,273,30,230,59,10,97,123,170,1346,19,17,32,42,25,30,14,77,12,15,0,0,0,3,0,0,0,0,0,3,17,22,0,0,0,0,247,29,81,13,14,156,52,126,146,17,43,24,20,14,4,91,20,6,4,11,7,199,118,4,7,908,200,349,112,35,6,7,3,10,6,19,110,0,682,49,40,228,19,268,57,89,0,5,0,14,0,23,144,519,34,8,54,61,262,31,184,36,200,78,25,265,650,108,209,21,0,35,0,36,51,13,0,92,0,6,27,25,21,14,0,0,0,47,18,0,124,44,64,61,49,100,110,13,75,19,55,87,29,60,10,20,0,51,24,51,154,23,34,40,6,6,0,10,0,96,0,12,11,57,127,66,45,3,62,45,57,0,172,30,241,52,42,22,337,8,4,101,217,117,270,88,107,227,35,6,16,27,17,42,34,59,33,108,38,30,119,6,55,17,15,5,6,19,32,113,42,79,Bacteria;Firmicutes;Clostridia;Lachnospirales;Lachnospiraceae;[Eubacterium] ventriosum group
Phascolarctobacterium,14,7,3,0,91,10,70,121,78,86,102,182,6,33,5,5,17,3,3,12,0,0,0,0,0,0,247,81,0,21,18,30,0,0,0,0,26,0,0,0,0,0,21,35,32,76,420,32,0,0,0,0,0,2,0,0,0,154,52,0,0,292,97,78,105,0,145,186,157,855,224,179,24,12,6,5,0,0,294,0,0,0,0,85,72,192,46,9,18,35,10,10,0,7,14,8,0,0,0,0,0,0,0,0,0,0,0,90,0,50,274,72,6,0,212,286,0,4,0,0,3,0,0,4,0,0,43,69,115,277,193,362,308,0,0,0,0,8,6,6,36,184,56,94,217,0,0,117,19,39,13,35,45,69,98,150,0,0,0,0,0,0,271,0,0,187,378,0,0,77,0,0,0,130,423,125,53,0,3,0,0,166,12,107,201,159,0,88,175,162,79,147,126,529,111,6,44,205,34,542,138,152,494,189,192,217,158,0,Bacteria;Firmicutes;Negativicutes;Acidaminococcales;Acidaminococcaceae;Phascolarctobacterium
[Eubacterium] xylanophilum group,62,71,2,148,51,8,177,230,191,100,0,29,0,9,0,0,1,0,0,1,0,0,0,0,0,0,17,12,0,25,40,104,0,0,0,0,0,0,78,0,4,52,1,0,0,0,0,34,0,0,0,0,0,0,0,0,0,0,39,0,0,20,0,0,0,33,30,0,18,34,53,100,0,1,30,0,68,0,33,145,222,175,0,0,16,18,0,0,0,93,0,0,0,25,25,0,892,79,57,46,13,182,144,35,79,26,0,0,0,6,9,0,0,0,0,0,0,0,0,0,5,0,0,0,0,0,5,29,15,13,14,0,31,83,640,59,290,53,9,15,21,17,19,105,165,35,0,70,3,6,0,0,0,2,12,32,0,36,25,441,451,474,0,12,154,0,32,14,279,2,162,48,261,34,368,64,60,41,116,75,58,29,1,97,0,0,0,38,483,224,183,135,232,1163,525,0,247,93,0,255,74,0,278,159,49,520,334,51,Bacteria;Firmicutes;Clostridia;Lachnospirales;Lachnospiraceae;[Eubacterium] xylanophilum group
Alloprevotella,0,10,67,5,0,0,0,0,0,0,0,0,481,69,283,439,181,665,270,179,0,0,0,0,0,0,0,0,0,0,61,16,0,0,0,0,131,0,0,0,0,0,26,36,118,154,200,45,0,0,0,0,0,668,1638,0,0,9,13,309,421,0,0,0,0,0,0,0,0,0,0,0,0,0,0,0,0,0,0,0,0,0,0,3,0,0,164,199,0,0,1785,1484,144,0,0,0,0,0,0,0,0,0,0,0,0,0,0,0,0,0,16,0,0,302,0,0,0,956,198,33,658,0,0,416,0,0,243,0,0,0,0,0,0,0,0,0,0,0,0,0,0,0,0,0,0,0,0,0,55,22,4,3,0,0,6,6,0,0,0,0,0,0,0,0,0,0,0,0,0,0,0,0,0,0,0,0,0,22,0,0,2,0,0,35,0,0,294,0,0,10,0,0,0,0,0,30,43,0,88,0,0,35,0,0,0,0,0,0,Bacteria;Bacteroidota;Bacteroidia;Bacteroidales;Prevotellaceae;Alloprevotella
Oscillibacter,15,32,6,51,326,33,98,98,100,45,57,106,48,50,31,15,11,22,18,7,0,0,19,0,0,12,12,8,21,0,22,42,0,0,0,0,45,292,33,112,0,9,36,37,31,44,107,15,107,100,98,16,87,54,73,17,8,79,8,21,7,32,18,8,15,81,9,28,14,44,15,55,83,0,44,40,32,12,608,37,41,37,0,263,241,544,9,13,5,39,103,108,0,0,29,6,19,66,93,371,80,764,435,104,262,172,47,109,0,61,310,44,7,41,161,114,0,87,25,0,19,0,0,59,0,0,15,14,7,32,29,57,19,42,169,228,267,88,41,0,10,22,0,19,42,17,56,44,42,63,18,51,40,26,49,53,0,22,19,85,113,66,36,16,201,24,56,57,222,16,248,99,97,63,86,27,15,13,105,83,42,50,20,112,211,90,27,12,37,55,36,10,8,40,12,0,11,90,73,151,29,45,147,81,38,20,14,37,Bacteria;Firmicutes;Clostridia;Oscillospirales;Oscillospiraceae;Oscillibacter
Paraprevotella,0,5,35,0,0,0,0,0,110,417,0,0,0,0,0,0,0,0,15,0,0,0,0,0,0,3,0,0,0,0,81,13,0,0,0,0,335,0,0,0,0,0,70,90,185,102,425,60,0,0,0,0,0,72,288,0,0,3,158,74,40,0,0,0,0,0,11,0,0,0,0,0,2188,0,743,422,0,0,0,0,0,0,0,0,0,0,28,224,0,0,144,262,42,63,0,0,0,0,0,0,0,0,0,0,0,0,0,0,0,0,0,0,0,38,0,0,0,118,24,0,81,0,0,110,0,0,35,0,0,0,0,0,0,0,0,0,0,2144,360,91,0,0,0,0,0,221,441,0,0,0,0,0,0,0,0,0,0,0,0,0,0,0,0,0,0,0,6,0,0,27,0,0,0,0,0,0,0,0,0,0,0,0,0,0,0,0,38,0,0,0,0,1034,1080,0,0,71,768,0,0,0,0,42,0,0,0,0,0,0,Bacteria;Bacteroidota;Bacteroidia;Bacteroidales;Prevotellaceae;Paraprevotella
Holdemanella,0,2,21,0,0,0,0,0,0,0,0,0,132,50,76,105,69,225,60,60,935,623,441,736,425,556,0,0,2413,0,15,5,0,0,0,0,0,0,0,0,0,0,0,0,0,0,0,0,0,0,0,0,0,132,320,0,0,5,5,192,88,0,0,0,0,0,0,0,0,0,0,0,0,0,0,0,0,0,0,0,0,0,2992,0,0,0,48,38,0,0,243,396,78,0,0,0,0,0,0,0,0,0,0,0,0,0,0,0,0,0,12,0,0,76,2,0,0,257,34,9,120,0,0,204,0,2,27,0,0,0,0,0,0,0,0,0,0,0,2,0,0,0,0,0,0,0,0,0,65,10,0,0,0,0,0,0,0,0,0,0,0,0,0,0,0,0,0,0,0,0,0,0,0,0,0,0,0,7,0,0,0,0,0,13,0,0,70,0,0,0,0,0,0,0,0,14,8,0,124,0,0,0,0,0,0,0,0,0,Bacteria;Firmicutes;Bacilli;Erysipelotrichales;Erysipelotrichaceae;Holdemanella
Erysipelotrichaceae UCG-003,62,40,95,39,35,9,38,35,26,33,17,10,9,11,17,13,17,19,36,20,0,0,0,0,0,0,28,21,0,0,17,19,0,0,0,0,52,121,69,86,12,52,38,35,43,14,37,19,46,23,50,100,83,16,22,77,24,65,68,18,18,32,11,14,0,11,16,104,12,65,13,9,122,2,39,20,75,26,0,69,32,73,0,0,0,0,20,161,57,148,16,27,60,209,265,20,128,71,28,23,0,84,75,28,88,0,74,0,0,0,6,0,0,313,0,0,11,108,37,36,9,96,0,149,1454,32,181,34,37,63,31,79,36,20,53,40,34,204,62,14,12,15,12,27,38,45,73,32,8,5,0,7,9,8,0,39,0,16,21,174,196,226,39,3,82,50,89,5,33,21,30,16,48,10,434,16,15,39,56,127,26,6,15,15,7,0,71,194,62,48,72,48,44,273,104,383,131,51,13,246,18,8,76,32,29,74,98,33,Bacteria;Firmicutes;Bacilli;Erysipelotrichales;Erysipelatoclostridiaceae;Erysipelotrichaceae UCG-003
Butyricicoccus,64,45,61,24,34,0,37,15,34,25,29,25,16,39,12,12,22,56,60,25,275,28,117,84,180,162,5,5,570,2,18,7,0,0,0,0,25,152,19,26,0,14,38,10,11,45,37,13,54,32,48,38,18,20,50,13,12,99,54,41,26,37,6,12,19,14,10,34,3,11,5,7,220,0,26,37,25,11,87,49,28,31,1035,0,0,11,12,50,51,136,59,19,144,201,61,20,32,6,5,84,12,194,208,31,26,28,12,23,0,6,20,19,0,353,83,118,9,96,33,9,18,19,0,79,420,31,50,47,12,140,54,111,57,9,52,23,53,94,44,9,12,17,5,7,8,49,53,39,26,37,11,9,0,6,20,54,0,15,27,54,72,23,100,5,57,37,72,6,52,22,112,20,44,0,68,10,5,41,163,52,27,64,34,52,28,10,62,38,10,28,36,50,44,30,34,71,67,53,37,209,25,0,103,17,29,24,59,14,Bacteria;Firmicutes;Clostridia;Oscillospirales;Butyricicoccaceae;Butyricicoccus
Bilophila,94,83,50,88,22,0,36,28,33,15,37,71,36,102,29,25,31,55,26,27,0,2,0,0,0,0,90,13,0,7,18,23,0,0,0,0,105,0,50,0,0,71,27,27,55,76,134,70,0,0,0,0,0,30,12,0,0,39,7,25,11,87,4,17,15,20,14,48,16,159,31,34,35,0,6,10,103,64,60,101,50,79,0,27,28,46,10,8,7,9,36,54,11,0,7,0,61,45,33,156,31,423,475,49,109,30,0,3,0,19,101,0,0,117,0,0,7,62,12,0,4,0,0,45,0,0,22,26,0,50,38,42,50,30,144,182,230,31,27,12,6,92,24,46,55,10,4,31,114,66,28,74,44,33,26,106,0,16,21,167,125,65,60,4,105,15,66,19,391,23,544,102,163,43,140,6,8,43,331,218,153,179,93,307,36,21,23,41,46,32,32,5,0,120,21,0,0,61,148,54,4,94,39,59,35,15,58,90,Bacteria;Desulfobacterota;Desulfovibrionia;Desulfovibrionales;Desulfovibrionaceae;Bilophila
Clostridium sensu stricto 1,3,25,164,123,44,6,8,0,0,18,0,17,70,27,94,63,44,17,62,28,0,0,0,25,17,0,0,0,31,0,20,0,0,0,0,0,55,0,0,0,0,9,0,57,28,38,123,0,0,0,0,0,0,35,141,0,0,120,19,50,33,73,25,9,0,0,0,0,0,0,0,0,71,0,43,0,0,0,57,6,6,0,20,8,0,0,23,105,16,12,7,75,39,4,30,36,0,0,0,0,0,0,181,120,402,0,0,5,0,0,9,0,0,366,0,0,0,93,63,88,66,41,0,77,565,0,581,23,10,20,0,20,99,0,8,0,0,0,6,0,0,11,4,22,132,8,30,17,14,19,0,4,0,0,22,117,0,0,0,0,0,0,7,0,0,7,13,0,426,9,62,8,0,42,1779,22,36,151,373,48,0,4,10,13,0,9,65,58,0,0,22,84,27,0,11,842,342,0,4,190,48,17,8,50,7,0,17,9,Bacteria;Firmicutes;Clostridia;Clostridiales;Clostridiaceae;Clostridium sensu stricto 1
Lachnospiraceae UCG-004,9,67,40,26,6,0,5,28,73,75,6,25,33,0,44,26,24,16,20,15,258,13,79,0,85,81,0,0,170,5,15,35,0,0,0,0,46,0,33,0,0,2,11,18,5,16,9,0,0,0,0,0,0,82,30,0,0,42,12,110,41,110,19,20,14,21,6,41,6,44,11,6,341,0,162,87,0,10,0,0,0,15,600,0,0,0,19,83,55,133,290,161,82,74,34,9,58,0,31,22,10,126,80,11,70,17,0,13,0,9,5,29,0,85,77,52,25,118,46,40,16,13,0,154,128,25,224,17,8,12,0,10,32,43,132,61,121,249,70,6,30,47,29,20,49,76,159,51,8,7,0,0,0,0,0,54,0,6,0,107,105,26,0,0,0,0,6,0,140,8,292,93,327,0,126,25,12,63,118,55,89,53,48,19,18,0,43,17,80,31,54,19,108,74,49,73,104,99,27,167,55,0,81,57,34,66,44,20,Bacteria;Firmicutes;Clostridia;Lachnospirales;Lachnospiraceae;Lachnospiraceae UCG-004
Lachnospiraceae ND3007 group,55,47,77,121,25,0,14,35,25,11,21,9,6,15,2,3,1,12,6,4,31,21,32,113,9,28,0,0,239,0,12,11,0,0,0,0,43,0,51,0,0,42,13,15,44,14,5,14,0,0,0,0,0,48,349,0,0,14,19,60,37,43,16,20,19,28,0,0,0,3,0,0,131,0,34,17,11,38,11,17,48,91,73,0,0,3,34,40,14,29,171,148,45,43,24,7,65,5,9,66,31,265,215,8,45,27,0,0,0,6,24,11,3,31,9,14,0,71,21,0,100,3,0,85,62,0,25,12,16,27,7,16,34,0,39,0,31,92,38,11,11,14,4,14,28,43,52,80,13,16,6,1,3,0,0,28,0,0,0,119,64,96,5,0,0,21,14,4,86,11,200,32,79,10,267,14,15,29,59,35,35,62,67,83,33,9,16,47,91,75,35,9,13,171,40,12,52,188,6,798,221,10,288,36,81,206,175,16,Bacteria;Firmicutes;Clostridia;Lachnospirales;Lachnospiraceae;Lachnospiraceae ND3007 group
Prevotella,4,10,54,18,50,14,18,4,0,2,0,0,0,0,0,0,6,0,50,9,0,0,7,0,47,14,5,0,0,5,19,9,0,0,0,0,134,12,0,0,0,0,24,15,138,19,104,25,3,6,3,0,37,366,382,31,0,3,6,153,680,6,0,0,0,0,0,0,3,0,3,18,93,0,0,0,0,0,0,8,0,0,0,30,0,0,64,160,9,77,2034,1057,62,0,0,0,0,4,0,12,0,0,0,0,0,0,14,0,0,0,0,0,0,192,0,0,0,707,212,21,138,0,0,193,0,13,227,0,0,0,0,0,0,13,17,89,68,0,19,3,147,0,0,0,82,0,3,0,0,0,0,0,0,0,0,5,0,0,0,0,0,0,0,0,0,0,0,16,0,0,4,6,0,21,26,2,15,31,14,0,6,0,0,8,0,0,136,0,0,7,0,3,14,0,3,13,115,0,0,0,0,29,0,0,0,0,3,6,Bacteria;Bacteroidota;Bacteroidia;Bacteroidales;Prevotellaceae;Prevotella
Streptococcus,48,47,255,22,107,16,42,71,15,14,28,36,0,3,0,0,10,0,18,9,48,117,12,46,74,30,0,0,46,0,18,7,0,0,0,0,6,53,6,19,4,40,0,0,0,0,0,0,0,20,14,0,94,8,0,121,19,20,73,0,0,8,14,25,25,12,0,0,4,0,0,0,0,0,0,0,14,17,58,14,11,16,112,101,64,71,6,16,36,4,19,8,6,9,0,16,8,24,10,82,27,158,189,63,90,54,23,15,0,20,30,5,12,20,12,14,31,84,83,39,6,9,0,32,196,101,156,13,11,9,10,141,31,74,163,229,348,5,6,0,7,31,7,22,41,0,13,53,0,0,0,4,16,0,5,25,0,0,6,5,15,74,0,0,27,5,16,26,64,0,207,24,25,29,352,9,14,60,53,76,70,27,26,19,78,20,25,282,59,16,16,28,44,54,9,24,57,91,0,259,44,0,198,34,54,59,166,42,Bacteria;Firmicutes;Bacilli;Lactobacillales;Streptococcaceae;Streptococcus
Romboutsia,64,66,497,24,0,0,5,0,12,8,12,20,76,111,87,55,28,67,56,35,7,36,30,208,19,62,0,0,550,8,9,10,0,0,0,0,0,0,69,0,9,43,0,0,0,0,0,0,0,5,0,0,0,0,0,0,0,20,18,0,18,33,11,43,13,0,0,0,0,0,0,3,0,0,12,0,85,134,17,118,71,154,21,26,3,8,9,111,0,0,20,0,0,0,0,0,8,0,0,10,0,24,58,17,19,7,0,12,0,19,81,0,0,15,0,0,22,50,26,12,0,28,0,13,185,0,60,0,0,0,0,21,14,0,3,0,21,0,7,0,0,19,7,56,41,0,0,0,44,54,38,78,0,0,16,164,0,0,0,13,0,10,14,0,0,0,12,0,61,0,188,15,12,46,151,12,31,108,537,93,186,318,497,239,14,16,33,55,29,0,0,33,10,12,21,83,27,23,47,0,6,0,26,24,20,0,67,23,Bacteria;Firmicutes;Clostridia;Peptostreptococcales-Tissierellales;Peptostreptococcaceae;Romboutsia
CAG-56,0,9,65,0,15,5,20,18,29,46,0,15,0,0,0,0,0,6,9,0,34,53,35,323,25,58,0,0,485,0,13,9,0,0,0,0,4,0,48,0,0,24,0,0,0,0,7,0,0,0,0,0,0,24,135,0,0,122,77,46,17,80,29,54,29,17,0,0,0,0,0,0,64,0,2,18,26,18,42,101,87,27,98,0,4,38,15,125,64,57,22,139,40,133,36,47,10,5,13,39,16,165,249,22,101,125,0,8,0,0,8,14,0,24,45,59,4,55,8,6,63,12,0,48,445,7,36,107,249,101,50,124,210,0,0,0,0,36,9,0,0,0,0,0,3,12,10,26,0,0,0,0,0,0,0,6,0,0,0,24,20,19,80,0,9,53,108,0,0,31,0,0,0,0,11,0,0,0,8,24,5,48,5,0,14,8,1,168,17,26,39,162,25,92,29,13,58,50,0,163,15,0,48,33,3,34,34,36,Bacteria;Firmicutes;Clostridia;Lachnospirales;Lachnospiraceae;CAG-56
Haemophilus,0,23,177,0,0,0,0,0,0,4,0,8,15,0,0,0,42,307,39,50,12,48,11,64,51,24,4,0,24,0,0,4,2,0,0,0,24,8,0,0,2,191,0,0,14,0,0,0,0,0,4,10,5,11,2,0,0,47,37,0,12,14,0,6,5,2,4,4,5,25,5,0,149,0,40,7,0,0,0,6,0,0,67,0,0,0,4,3,0,0,11,8,38,98,7,0,4,4,11,0,0,11,43,55,255,4,0,0,0,0,0,0,0,15,0,0,6,100,8,0,0,31,0,123,1111,7,28,60,0,4,5,3,8,27,293,20,149,28,42,0,0,7,3,11,0,3,77,0,0,0,0,0,2,0,3,0,0,0,0,19,21,0,0,0,0,0,0,0,180,10,490,84,530,7,88,4,0,3,3,63,0,0,0,0,0,0,28,87,55,16,54,13,13,4,113,220,20,0,0,44,56,0,177,16,0,341,52,6,Bacteria;Proteobacteria;Gammaproteobacteria;Enterobacterales;Pasteurellaceae;Haemophilus
Colidextribacter,5,6,0,6,48,6,18,25,9,0,52,102,17,12,9,0,8,7,4,6,0,0,11,0,0,17,24,20,137,0,0,18,0,0,0,0,59,0,95,0,7,40,8,27,22,16,12,1,0,0,0,0,0,21,48,0,0,56,32,30,10,107,33,31,35,21,22,114,24,119,18,16,101,0,16,24,24,0,468,36,44,47,0,92,232,401,9,7,23,64,61,65,11,0,21,11,71,31,0,68,8,167,96,14,42,38,0,20,0,0,49,26,0,19,51,61,23,40,28,9,12,0,0,39,17,106,78,0,0,15,5,17,0,45,152,62,157,36,19,5,4,0,0,0,0,12,17,23,22,18,0,20,41,25,61,41,0,5,0,79,85,11,15,6,16,0,10,4,299,0,285,104,126,11,42,0,0,10,0,0,38,28,0,0,89,99,0,8,28,24,5,0,27,13,11,0,20,50,20,35,0,10,17,77,37,8,11,48,Bacteria;Firmicutes;Clostridia;Oscillospirales;Oscillospiraceae;Colidextribacter
Prevotellaceae NK3B31 group,0,0,7,0,0,0,0,0,0,0,0,0,0,0,0,0,0,0,14,0,0,0,0,0,0,0,0,0,0,0,5,0,0,0,0,0,0,0,0,0,0,0,0,0,0,0,0,0,0,0,0,0,0,56,121,0,0,0,0,36,75,0,0,0,0,161,0,0,0,0,0,0,86,0,36,49,0,0,0,0,0,0,0,0,0,0,18,8,0,0,452,232,5,0,0,0,0,0,275,538,83,1706,1132,308,802,276,0,0,0,0,0,0,0,11,0,0,0,67,16,5,50,0,0,48,0,0,41,0,0,0,0,0,0,0,0,0,0,16,17,11,0,0,0,0,0,14,0,0,0,0,0,0,0,0,0,0,0,0,0,0,0,0,0,0,0,0,0,0,0,0,0,0,0,0,0,0,0,0,0,0,0,0,0,0,0,0,25,0,0,4,0,0,0,0,0,9,3,0,0,0,0,0,0,0,0,0,0,0,Bacteria;Bacteroidota;Bacteroidia;Bacteroidales;Prevotellaceae;Prevotellaceae NK3B31 group
Butyricimonas,18,37,4,14,5,0,16,6,25,14,12,29,47,26,36,20,22,70,9,22,0,0,0,0,0,0,132,10,0,11,9,21,0,0,0,0,90,0,58,0,10,10,29,20,95,57,74,61,0,0,0,0,0,4,12,0,0,6,3,15,4,4,0,6,2,34,41,77,23,161,10,62,378,0,96,105,28,10,122,71,44,43,0,65,17,24,0,0,0,0,12,15,3,0,0,0,0,0,64,251,41,303,251,26,105,79,0,0,0,0,3,0,0,6,0,0,0,14,0,0,0,0,0,20,0,0,3,94,59,130,94,170,138,0,0,0,0,392,295,64,9,18,8,20,38,83,74,4,49,7,3,12,21,22,19,22,0,0,0,0,0,0,236,0,0,114,307,0,0,62,0,0,0,7,64,16,8,0,0,0,0,0,0,11,11,6,14,0,0,0,0,0,0,0,0,0,0,13,81,0,0,38,0,23,10,0,0,52,Bacteria;Bacteroidota;Bacteroidia;Bacteroidales;Marinifilaceae;Butyricimonas
Collinsella,33,8,116,19,138,5,73,90,42,42,0,2,52,15,35,42,11,61,2,14,5,9,0,11,17,79,0,0,29,5,6,13,0,0,0,0,137,0,4,0,0,16,57,11,32,17,61,50,0,0,0,0,0,2,10,0,0,74,57,6,4,68,19,0,22,0,2,0,0,25,18,19,44,0,5,12,32,10,0,7,0,10,199,0,0,0,0,0,2,15,15,15,8,0,3,0,5,2,0,83,2,108,327,40,23,9,0,8,0,3,0,0,0,0,0,0,0,0,0,0,5,0,0,8,0,0,25,4,4,22,18,3,0,0,13,98,146,11,54,5,5,72,3,244,746,23,0,5,10,3,0,4,6,5,7,28,0,0,0,12,13,0,119,0,10,14,167,6,409,30,401,21,27,181,275,117,20,0,0,0,0,5,0,12,41,32,4,0,0,0,0,30,32,0,0,80,26,6,17,65,6,17,49,4,4,5,15,38,Bacteria;Actinobacteriota;Coriobacteriia;Coriobacteriales;Coriobacteriaceae;Collinsella
Desulfovibrio,225,127,115,182,4,2,14,0,0,0,36,19,0,0,0,0,0,0,35,14,0,0,0,0,0,0,0,0,0,0,20,7,0,0,0,0,0,0,33,0,14,36,0,0,0,0,0,0,0,0,0,0,0,122,209,0,0,0,13,211,43,0,0,0,0,0,12,0,0,0,0,0,381,0,173,136,229,38,0,129,37,102,0,0,0,0,13,48,0,0,333,432,95,0,0,0,0,0,0,0,0,0,0,0,0,0,0,0,0,0,0,0,0,91,0,0,0,243,34,3,71,0,0,292,0,0,66,0,0,0,0,0,0,0,0,0,0,340,313,75,0,38,9,9,29,51,110,8,7,0,0,20,9,5,13,0,0,0,0,0,0,0,0,0,0,0,0,0,0,8,0,0,0,119,51,15,10,0,29,6,0,9,6,0,0,0,85,0,0,24,7,0,0,0,0,27,5,6,0,91,22,0,75,18,7,0,0,78,Bacteria;Desulfobacterota;Desulfovibrionia;Desulfovibrionales;Desulfovibrionaceae;Desulfovibrio
Incertae Sedis,16,18,38,27,49,8,20,17,14,8,15,14,12,16,31,15,20,21,38,10,5,8,25,6,7,40,67,16,189,0,4,11,0,0,0,0,76,0,64,0,5,52,12,33,53,15,8,8,0,0,0,0,0,13,33,0,0,39,35,13,4,39,149,39,29,15,0,8,24,58,16,58,21,0,3,0,48,50,79,63,7,116,18,94,24,51,8,18,27,0,41,74,0,12,0,14,5,17,10,38,0,116,265,17,28,16,0,11,0,10,29,7,0,193,7,7,0,55,29,10,0,0,0,32,36,5,39,5,0,26,19,49,25,10,41,93,42,11,0,0,0,7,0,14,29,4,12,0,11,17,14,34,14,14,0,105,0,7,6,100,41,39,32,0,33,14,28,24,102,0,159,25,26,25,142,9,0,74,260,47,0,113,183,71,30,15,31,29,14,21,18,11,9,44,13,0,24,27,0,55,21,0,30,20,17,17,44,75,Bacteria;Firmicutes;Clostridia;Oscillospirales;Ruminococcaceae;Incertae Sedis
Odoribacter,12,49,0,28,18,0,99,86,92,62,38,71,26,29,10,18,8,23,12,6,0,0,38,4,0,24,33,13,92,21,40,49,0,0,0,0,114,0,19,0,4,10,83,76,90,65,60,63,0,0,0,0,0,11,5,0,0,28,9,21,5,11,24,11,25,12,22,25,20,72,24,71,111,5,91,15,11,12,19,15,23,9,2,16,2,5,57,10,13,16,14,33,7,6,33,10,36,34,14,60,15,81,159,10,38,14,0,24,0,24,35,35,0,7,69,69,0,25,2,0,4,0,0,26,0,0,0,0,9,5,4,5,0,15,58,29,69,145,33,26,16,4,6,26,17,38,48,43,52,19,3,14,41,31,56,14,0,38,21,79,52,41,9,5,86,11,19,7,51,11,196,25,62,12,78,25,5,0,0,0,0,22,0,24,30,11,11,5,14,60,23,37,45,150,38,7,17,89,90,141,32,34,120,39,38,42,36,30,Bacteria;Bacteroidota;Bacteroidia;Bacteroidales;Marinifilaceae;Odoribacter
[Eubacterium] ruminantium group,0,5,0,13,0,0,0,11,31,18,0,0,68,25,55,72,36,33,37,17,0,0,0,0,0,0,0,0,0,0,12,15,0,0,0,0,64,0,436,0,93,306,62,38,48,50,341,54,0,0,0,0,0,36,27,0,0,6,14,139,53,0,0,0,0,0,0,0,0,0,0,0,0,0,0,0,398,165,0,464,890,461,0,0,0,0,0,16,0,0,234,87,98,0,0,0,0,0,0,0,0,0,0,0,0,0,0,0,0,0,9,0,0,19,0,0,0,76,15,0,10,0,0,234,0,0,19,0,0,0,0,0,0,0,0,0,0,0,0,0,35,36,17,18,47,0,0,0,10,0,0,0,0,0,0,0,0,0,0,0,0,0,0,0,0,0,0,0,0,0,0,0,0,0,15,0,22,0,0,0,0,0,0,20,0,0,22,0,0,0,0,0,0,0,0,14,5,0,20,0,0,75,0,0,0,0,0,325,Bacteria;Firmicutes;Clostridia;Lachnospirales;Lachnospiraceae;[Eubacterium] ruminantium group
Flavonifractor,0,7,0,10,98,13,25,13,11,0,18,82,0,19,3,0,9,3,4,0,0,0,45,0,0,39,24,9,54,0,7,5,0,0,0,0,6,283,0,332,0,0,0,12,14,15,9,5,220,89,111,72,146,13,3,38,40,100,0,5,10,33,13,17,51,0,0,10,13,60,6,22,0,0,0,0,5,0,122,0,0,0,12,150,152,150,0,5,0,24,0,0,6,3,22,14,17,8,7,37,6,47,8,6,0,0,56,73,0,45,148,32,6,11,72,54,117,25,89,20,36,0,0,28,89,179,198,0,0,7,0,11,4,23,41,72,67,0,0,0,0,5,0,4,5,0,0,10,9,25,11,23,34,21,47,11,0,0,0,5,7,0,8,0,41,5,8,47,103,0,70,19,24,20,20,5,0,21,20,34,110,75,8,69,80,47,15,0,0,7,9,0,3,10,3,7,8,18,18,0,0,0,9,40,21,0,0,0,Bacteria;Firmicutes;Clostridia;Oscillospirales;Oscillospiraceae;Flavonifractor
[Ruminococcus] gauvreauii group,73,0,25,0,33,11,11,36,18,0,0,3,0,0,0,0,0,6,26,18,0,0,0,0,0,0,0,0,0,0,13,0,0,0,0,0,92,0,0,0,0,0,42,35,58,26,74,40,0,0,0,0,0,41,84,0,0,0,0,53,24,0,0,0,0,0,0,0,0,28,0,0,33,0,0,0,0,0,141,0,0,0,0,31,81,91,26,53,0,18,124,128,0,33,17,0,0,21,31,46,19,96,128,27,18,0,0,57,0,26,86,13,0,115,47,28,0,51,13,0,0,0,0,56,0,0,24,39,14,109,27,64,56,0,0,0,0,29,0,0,0,0,0,9,18,0,13,0,18,0,0,0,0,0,0,28,0,0,0,48,21,0,181,0,9,52,102,0,0,28,0,0,8,0,28,0,5,65,106,41,43,71,82,76,66,26,28,100,23,80,53,0,0,218,23,19,66,15,0,43,0,34,34,0,0,11,17,0,Bacteria;Firmicutes;Clostridia;Lachnospirales;Lachnospiraceae;[Ruminococcus] gauvreauii group
Veillonella,0,11,34,2,0,0,0,0,0,4,0,7,0,0,0,2,0,0,15,3,226,56,5,64,141,10,0,0,31,0,0,0,0,0,0,0,0,512,0,118,5,53,0,0,0,0,0,2,80,144,147,35,161,0,0,194,226,12,10,0,0,0,0,0,0,0,0,0,0,0,2,0,46,0,0,9,0,0,0,0,0,0,776,0,0,0,6,0,5,0,5,0,6,19,0,2,5,0,0,0,0,0,14,10,10,0,81,0,0,0,0,0,0,31,0,0,12,52,10,11,7,0,0,8,31,30,107,6,4,0,0,0,0,24,86,22,99,31,0,0,0,0,0,5,0,10,183,0,2,0,0,0,0,0,0,0,0,0,0,8,0,0,0,0,0,0,0,0,32,0,106,25,31,0,4,0,0,7,10,0,13,0,0,6,0,0,12,46,30,0,3,11,8,5,9,63,6,6,0,18,18,0,37,22,6,13,38,16,Bacteria;Firmicutes;Negativicutes;Veillonellales-Selenomonadales;Veillonellaceae;Veillonella
Lachnospiraceae UCG-010,6,14,8,0,0,0,0,3,9,1,4,7,0,15,4,0,11,0,19,7,0,0,0,0,0,0,16,0,0,0,4,7,0,0,0,0,11,61,60,108,6,42,8,26,0,26,6,4,23,14,27,8,19,44,7,20,20,38,10,31,12,42,26,13,22,19,0,18,0,0,0,0,8,0,0,12,22,27,36,70,34,22,0,11,16,18,8,10,33,53,36,88,24,11,40,35,39,0,17,22,6,132,144,10,83,12,21,17,0,8,39,8,0,91,22,41,0,58,10,0,14,0,0,54,0,0,8,12,7,19,18,7,8,18,94,32,62,8,12,0,0,18,0,21,6,0,21,7,20,35,0,18,6,0,7,61,0,0,11,18,1,22,1,0,11,27,71,23,142,0,138,46,66,1,62,0,1,33,109,101,84,85,53,178,19,12,23,0,13,14,0,0,32,36,23,0,18,5,5,0,0,8,0,0,8,0,0,27,Bacteria;Firmicutes;Clostridia;Lachnospirales;Lachnospiraceae;Lachnospiraceae UCG-010
Lachnospiraceae FCS020 group,26,13,193,9,4,0,7,12,7,11,4,8,0,5,6,0,11,20,13,1,96,14,5,113,21,8,6,0,484,0,4,6,0,0,0,0,20,0,19,0,0,22,0,8,0,10,8,0,0,0,0,0,0,7,16,0,0,17,17,13,9,16,4,5,0,5,0,0,6,0,7,5,57,0,3,17,15,18,0,9,11,34,270,0,0,0,7,12,12,30,15,32,15,55,11,0,0,0,0,0,0,16,26,14,23,9,0,0,0,0,9,0,0,151,0,0,4,30,11,0,12,0,0,17,0,0,6,8,0,7,4,9,30,0,25,5,4,39,15,0,0,4,0,0,4,14,17,11,0,5,11,28,0,0,0,98,0,0,0,13,5,0,6,0,3,3,14,0,36,10,61,7,30,0,37,0,0,80,248,10,46,32,213,25,5,0,4,37,6,4,4,5,11,14,26,28,16,21,5,50,7,0,33,18,6,22,38,10,Bacteria;Firmicutes;Clostridia;Lachnospirales;Lachnospiraceae;Lachnospiraceae FCS020 group
Coprobacter,0,0,0,0,34,8,227,262,259,67,0,4,23,10,34,8,10,24,8,5,0,0,0,0,0,0,0,0,0,0,92,133,0,0,0,0,0,0,0,0,0,0,0,0,0,0,0,0,0,0,0,0,0,7,0,0,0,0,0,4,0,0,0,0,0,23,0,0,0,0,0,0,25,0,166,0,0,0,0,0,0,0,0,0,0,0,0,0,0,0,9,23,5,0,0,0,0,0,57,146,27,126,90,3,47,24,0,0,0,0,0,0,0,3,0,0,0,9,8,0,4,0,0,6,0,0,0,13,90,5,11,8,0,0,0,0,0,21,11,0,0,0,0,0,0,0,6,0,3,3,0,0,0,0,0,0,0,0,0,0,0,0,8,0,0,193,447,0,0,73,0,0,0,0,0,0,0,0,0,0,0,0,0,8,6,6,0,0,0,0,0,0,0,0,0,0,0,0,8,0,0,0,0,3,0,0,0,0,Bacteria;Bacteroidota;Bacteroidia;Bacteroidales;Barnesiellaceae;Coprobacter
Intestinimonas,0,0,0,0,0,4,10,10,7,0,0,10,0,0,0,0,0,0,6,0,0,0,0,0,0,0,69,0,0,0,0,12,0,0,0,0,4,256,36,96,0,0,5,5,3,0,0,3,37,39,90,0,30,0,0,37,7,0,0,0,0,0,0,0,0,0,12,21,9,119,7,11,52,0,8,9,21,6,310,11,18,25,0,30,74,158,0,0,0,8,0,4,0,0,0,0,9,0,0,27,0,57,25,0,9,10,19,0,0,0,0,0,0,16,0,0,0,6,0,0,0,0,0,7,0,0,0,12,0,39,6,26,10,0,19,21,21,44,12,6,0,0,0,4,0,8,0,20,0,0,0,0,0,0,0,0,0,0,0,0,8,8,47,0,12,18,54,0,40,7,33,11,26,6,0,0,0,11,17,0,0,7,14,9,5,0,0,0,0,0,0,0,0,0,0,0,0,30,0,56,15,0,58,7,14,0,0,18,Bacteria;Firmicutes;Clostridia;Oscillospirales;Oscillospiraceae;Intestinimonas
Catenibacterium,0,0,7,0,0,0,0,0,0,0,0,0,0,0,0,0,0,0,15,0,0,0,0,0,0,0,0,0,0,0,7,0,0,0,0,0,0,0,0,0,0,0,0,0,0,0,0,0,0,0,0,0,0,49,264,0,0,139,133,137,49,115,40,48,52,0,0,0,0,0,0,0,0,0,0,0,0,0,0,0,0,0,0,0,0,0,31,21,9,7,385,460,68,4,9,6,0,0,0,0,0,0,0,0,0,0,0,5,0,0,0,0,0,31,0,0,0,133,17,10,59,0,0,191,0,0,61,0,0,0,0,0,0,0,0,0,0,0,0,0,0,0,0,0,0,0,0,0,0,0,0,0,0,0,0,0,0,0,0,0,0,0,0,0,0,0,0,0,0,0,0,0,0,0,0,0,0,0,0,0,0,0,0,0,0,0,27,0,0,0,0,0,0,0,0,13,7,0,0,0,0,0,0,0,0,0,0,0,Bacteria;Firmicutes;Bacilli;Erysipelotrichales;Erysipelatoclostridiaceae;Catenibacterium
Anaerosporobacter,0,0,0,0,0,0,0,0,0,0,0,0,0,0,0,0,0,0,0,0,0,0,0,0,0,0,0,0,0,0,0,0,0,0,0,0,0,0,0,0,0,0,0,0,0,0,0,0,0,0,0,0,0,0,0,0,0,0,0,0,0,0,0,0,0,0,4,0,0,0,0,0,1044,0,78,0,0,0,0,0,0,0,0,0,0,0,0,0,0,0,0,0,0,0,0,0,0,0,0,0,0,0,0,0,0,0,0,0,0,0,0,0,0,0,0,0,0,0,0,0,0,0,0,0,0,0,0,0,0,0,0,0,0,0,0,0,0,550,0,27,0,7,0,0,0,342,504,0,0,0,0,0,0,0,0,0,0,0,0,0,0,0,0,0,0,0,0,0,0,6,0,0,0,0,0,0,0,0,0,0,0,0,0,0,0,0,0,0,0,0,0,0,0,0,0,0,0,0,0,0,0,0,0,0,0,0,0,0,Bacteria;Firmicutes;Clostridia;Lachnospirales;Lachnospiraceae;Anaerosporobacter
Pseudomonas,0,0,0,0,0,0,0,0,0,0,0,4,0,0,0,0,0,0,0,0,0,0,31,0,0,26,0,0,0,0,0,0,0,0,0,0,0,18,0,0,0,0,0,0,0,0,0,0,0,4,5,0,0,0,0,0,0,0,5,0,0,0,0,0,0,0,6,0,0,0,0,0,0,0,6,0,0,0,0,0,0,0,0,0,0,0,0,0,0,0,0,0,0,6,0,0,0,0,0,0,0,0,0,0,0,4,0,0,0,0,0,0,0,0,0,0,0,4,0,0,0,85,0,13,1593,6,0,0,0,0,0,0,0,0,0,0,0,0,12,0,0,0,0,0,0,0,0,0,0,0,0,0,0,0,0,0,0,0,0,0,0,0,0,0,0,0,0,0,0,0,10,23,392,0,0,0,0,0,0,59,0,0,0,0,0,0,0,0,0,0,0,0,0,0,0,15,0,0,0,0,0,0,0,5,0,0,0,0,Bacteria;Proteobacteria;Gammaproteobacteria;Pseudomonadales;Pseudomonadaceae;Pseudomonas
Oscillospira,0,0,0,10,13,0,33,18,23,9,0,0,0,0,10,12,0,18,11,9,0,0,0,0,0,0,0,0,0,0,0,14,0,0,0,0,19,0,53,0,0,0,12,12,33,18,20,17,0,0,0,0,0,0,20,0,0,13,0,3,0,0,0,0,0,15,0,0,0,0,0,0,27,0,13,24,50,0,0,46,25,4,0,0,0,0,0,0,0,0,34,24,0,0,0,0,0,0,12,37,18,145,90,0,66,59,0,0,0,0,0,0,0,4,0,9,23,58,75,15,13,4,0,38,35,82,91,0,0,0,0,26,16,19,45,24,45,23,0,0,0,0,0,0,10,0,17,20,0,0,0,0,0,0,0,0,0,0,0,21,16,0,0,0,0,0,0,0,28,0,21,18,51,0,28,10,0,19,0,6,15,7,0,0,0,0,0,0,17,10,11,0,19,8,0,0,20,27,0,53,0,0,62,0,0,8,0,26,Bacteria;Firmicutes;Clostridia;Oscillospirales;Oscillospiraceae;Oscillospira
Turicibacter,4,8,177,24,21,0,36,31,15,7,0,0,17,9,13,0,7,12,0,7,0,0,0,5,5,0,0,0,17,3,13,29,0,0,0,0,0,0,5,0,12,38,8,0,0,0,0,0,0,0,0,0,0,0,0,0,0,3,43,0,0,5,0,14,14,0,0,0,0,0,0,3,3,0,0,7,15,38,0,32,0,4,0,0,0,0,11,8,0,0,25,92,4,0,0,0,0,0,0,0,0,0,43,9,0,5,0,0,0,0,9,0,0,0,0,0,0,0,0,0,0,9,0,14,214,0,11,0,0,8,0,10,0,20,89,37,86,0,0,0,14,9,8,21,21,0,0,5,0,5,5,9,5,0,0,0,0,0,0,0,0,0,0,0,0,0,0,0,18,0,95,22,58,0,25,17,8,0,0,25,3,16,28,5,0,0,4,41,101,29,26,7,11,15,9,13,3,0,0,10,8,0,8,0,3,0,0,38,Bacteria;Firmicutes;Bacilli;Erysipelotrichales;Erysipelotrichaceae;Turicibacter
CAG-352,0,0,0,0,0,0,0,0,0,0,0,0,0,0,0,0,0,0,0,0,0,0,0,0,0,0,0,0,0,0,0,0,0,0,0,0,0,0,61,0,26,28,0,0,0,0,0,0,0,0,0,0,0,0,0,0,0,0,0,0,0,0,0,0,0,0,0,0,0,0,0,0,76,0,52,11,85,25,0,145,78,135,0,0,0,0,0,0,0,0,0,0,0,0,0,0,33,36,0,0,0,0,0,0,0,0,0,0,0,0,0,0,0,0,0,0,0,0,0,0,0,0,0,0,0,0,0,0,0,0,0,0,0,0,0,0,0,22,0,0,0,0,0,0,0,28,33,0,0,0,0,0,0,0,0,0,0,30,29,90,142,250,0,33,389,0,0,0,0,0,0,0,0,0,0,0,0,0,0,0,0,0,0,0,0,0,0,0,0,0,0,0,0,0,0,0,0,0,0,0,0,0,0,0,0,0,0,159,Bacteria;Firmicutes;Clostridia;Oscillospirales;Ruminococcaceae;CAG-352
Family XIII AD3011 group,0,3,0,14,5,0,5,7,2,3,12,16,28,13,18,12,5,12,8,0,0,0,0,0,0,0,64,20,13,8,0,0,0,0,0,0,8,8,0,5,0,0,6,5,18,16,5,3,0,0,0,0,0,21,7,5,0,0,0,12,0,0,0,9,0,0,29,90,56,165,36,35,162,6,28,37,3,0,12,0,0,0,0,14,0,3,0,4,0,0,22,21,0,0,0,0,0,4,0,18,0,19,33,0,0,0,4,0,0,0,0,0,0,8,0,0,0,35,0,0,0,0,0,20,0,0,0,8,0,92,42,22,0,0,0,0,0,76,43,1,0,10,0,0,0,36,26,0,0,3,0,0,0,0,10,5,0,0,0,8,6,4,27,0,18,16,38,0,0,13,11,0,0,4,9,0,0,9,13,16,0,0,2,3,0,4,0,10,6,15,0,4,0,13,0,0,0,5,7,33,0,0,16,6,0,4,11,0,Bacteria;Firmicutes;Clostridia;Peptostreptococcales-Tissierellales;Anaerovoracaceae;Family XIII AD3011 group
Erysipelatoclostridium,3,0,0,6,0,0,0,0,0,0,10,13,0,3,0,0,0,0,7,4,8,3,2,9,41,14,0,0,23,0,4,0,0,0,0,0,0,8,4,0,0,7,0,0,0,0,0,0,0,7,5,15,0,0,0,0,0,5,0,0,0,6,0,0,0,0,17,51,13,34,7,0,0,0,0,0,4,4,28,8,0,0,34,156,11,18,0,0,4,6,0,0,0,0,11,0,0,0,0,3,0,8,0,0,0,0,0,0,0,0,0,0,0,48,0,0,0,11,7,7,0,9,0,10,131,17,29,24,9,41,32,24,23,0,0,0,0,0,0,0,0,0,0,4,12,0,0,18,3,0,0,0,10,5,6,16,0,0,0,0,0,0,16,0,8,32,32,0,0,5,9,0,0,8,168,6,0,10,46,19,13,12,0,17,0,0,11,0,0,0,0,13,8,0,0,14,16,43,5,90,29,0,38,17,17,41,33,0,Bacteria;Firmicutes;Bacilli;Erysipelotrichales;Erysipelatoclostridiaceae;Erysipelatoclostridium
Fenollaria,0,0,31,0,39,8,55,9,11,32,0,0,0,0,0,0,0,0,0,0,0,25,71,0,89,82,0,0,0,0,16,27,0,0,0,0,9,4,0,0,0,0,0,0,0,0,0,0,0,0,0,0,0,0,0,0,0,0,7,3,14,5,0,0,0,0,0,0,0,0,0,0,51,0,0,0,0,0,0,6,0,0,0,15,0,0,0,144,0,0,6,0,4,0,0,0,0,0,0,0,3,0,0,0,0,0,0,0,0,0,0,0,0,0,0,0,0,6,0,0,0,0,0,7,0,0,0,0,0,0,0,0,0,0,6,25,28,0,9,0,84,0,0,0,103,0,32,0,0,0,0,0,0,0,0,0,0,0,0,0,0,0,0,0,0,0,0,32,0,0,0,0,0,60,75,4,31,0,14,0,0,0,0,0,0,0,0,0,0,0,0,43,46,0,7,7,483,0,0,0,0,3,0,0,0,0,10,0,Bacteria;Firmicutes;Clostridia;Peptostreptococcales-Tissierellales;Family XI;Fenollaria
GCA-900066575,0,10,0,0,5,0,5,0,0,0,6,11,15,0,13,10,3,21,6,0,0,0,0,0,0,0,0,0,5,0,0,5,0,0,0,0,0,0,26,0,4,17,0,0,0,0,0,0,0,0,0,0,0,20,19,0,0,0,0,20,13,0,0,0,0,18,8,18,0,0,11,16,97,0,111,29,5,0,0,0,8,30,0,0,0,0,4,13,0,0,59,35,10,0,15,0,6,0,7,3,0,69,63,0,0,0,0,0,0,0,0,0,0,0,0,0,0,40,4,0,8,0,0,20,0,0,0,3,0,17,0,13,5,0,0,0,5,131,34,4,4,0,0,10,0,46,76,3,0,0,0,0,0,0,7,0,0,0,0,46,15,0,0,0,0,9,20,0,0,4,37,0,0,5,96,7,4,6,15,0,0,6,7,6,0,0,4,0,23,15,0,7,17,26,15,3,0,21,22,40,20,0,21,9,0,14,0,0,Bacteria;Firmicutes;Clostridia;Lachnospirales;Lachnospiraceae;GCA-900066575
UBA1819,18,0,0,0,26,6,8,7,8,0,0,5,0,8,0,0,0,0,0,0,0,0,0,0,0,0,26,11,8,0,0,6,0,0,0,0,7,11,13,6,0,7,7,9,9,0,10,4,0,9,0,0,0,0,0,0,0,23,7,0,0,0,0,0,8,0,0,12,14,78,15,103,5,0,0,0,10,8,140,21,0,17,0,204,102,94,0,0,0,0,0,0,0,0,0,0,0,7,5,14,0,39,18,7,0,0,0,0,0,0,18,0,0,7,0,0,6,8,0,0,0,0,0,8,0,0,0,0,0,5,0,14,0,0,7,21,16,0,0,0,5,0,0,9,0,0,0,3,4,7,4,0,0,0,7,16,0,0,4,0,0,0,21,0,32,6,21,34,29,5,13,9,18,52,8,0,6,0,21,17,8,13,10,15,8,16,0,7,0,7,0,0,0,19,0,0,0,5,8,12,4,0,6,6,9,0,0,13,Bacteria;Firmicutes;Clostridia;Oscillospirales;Ruminococcaceae;UBA1819
Tyzzerella,0,0,2,0,3,6,0,4,0,0,0,0,0,0,0,0,0,2,0,0,130,8,203,58,35,233,0,0,118,0,6,6,0,0,0,0,29,0,0,0,0,0,11,14,22,16,14,2,0,0,0,0,0,0,0,0,0,13,8,0,0,6,0,4,0,0,0,0,0,0,0,0,0,0,0,0,0,0,0,0,0,0,426,0,0,0,0,27,8,44,0,0,12,32,65,5,15,0,0,0,0,0,0,0,0,0,0,0,0,0,0,0,0,0,0,0,0,5,0,0,0,0,0,8,0,0,0,0,0,0,0,0,0,0,0,0,0,0,0,0,0,0,0,0,0,0,0,0,0,0,0,0,0,0,0,0,0,4,0,20,9,2,0,0,0,0,0,0,0,0,0,0,0,0,0,0,0,0,0,0,0,0,0,0,0,0,0,0,0,0,0,0,0,0,9,6,2,0,0,0,0,8,0,0,0,0,0,0,Bacteria;Firmicutes;Clostridia;Lachnospirales;Lachnospiraceae;Tyzzerella
Porphyromonas,0,9,46,18,165,25,109,9,20,25,0,0,0,0,0,0,0,0,0,0,0,32,38,0,44,65,0,3,0,4,17,8,0,0,0,0,0,49,0,0,0,0,0,0,0,0,0,0,0,6,7,0,0,0,0,0,2,6,15,0,0,81,0,0,0,0,0,0,0,0,2,0,6,3,0,0,0,0,0,5,0,0,0,29,0,3,0,57,0,6,0,0,4,0,0,0,0,0,0,11,0,0,3,0,0,0,0,0,0,0,0,0,0,0,0,0,0,0,0,0,0,0,0,10,0,0,8,0,0,0,0,0,0,14,4,0,46,0,0,0,91,0,0,10,18,0,3,2,0,0,0,0,0,0,0,2,0,0,0,0,0,0,0,0,0,0,0,0,0,0,0,0,0,7,42,6,0,0,2,0,0,0,0,0,0,0,8,0,0,0,0,32,29,3,3,0,192,0,0,8,0,0,0,0,0,0,9,0,Bacteria;Bacteroidota;Bacteroidia;Bacteroidales;Porphyromonadaceae;Porphyromonas
Defluviitaleaceae UCG-011,0,0,0,0,0,0,8,12,0,0,3,3,24,8,24,19,0,13,9,16,0,0,0,0,0,0,0,0,0,0,0,2,0,0,0,0,0,0,0,0,0,0,0,0,0,0,0,0,0,0,0,0,0,7,13,0,0,0,0,0,0,0,0,0,0,0,7,0,0,0,0,0,183,0,74,27,3,0,61,3,0,4,0,21,18,42,0,0,0,0,16,22,8,0,0,0,0,0,0,0,0,0,11,0,0,0,0,0,0,0,4,0,0,0,0,0,0,0,0,0,0,0,0,10,0,0,0,6,0,12,7,31,8,0,8,3,6,207,25,23,0,0,0,5,3,22,89,5,0,3,0,0,0,0,0,0,0,0,0,0,0,0,11,0,0,9,12,0,7,3,14,3,15,9,13,0,0,0,0,0,0,0,0,4,0,0,4,0,0,0,2,0,0,5,0,0,0,3,11,21,11,0,31,2,4,16,7,0,Bacteria;Firmicutes;Clostridia;Lachnospirales;Defluviitaleaceae;Defluviitaleaceae UCG-011
Intestinibacter,0,0,40,0,16,4,8,18,9,0,0,9,16,0,24,28,0,0,0,0,39,0,0,0,0,0,0,0,57,0,0,0,0,0,0,0,0,9,0,22,0,0,0,0,0,0,0,0,9,20,8,5,8,0,0,0,0,0,0,0,0,0,0,0,0,0,0,0,0,22,10,12,30,0,0,0,0,0,36,14,0,0,73,21,15,10,0,0,0,0,0,0,0,0,0,0,0,0,0,0,0,0,0,0,0,0,33,0,0,0,0,0,0,50,0,0,0,19,0,0,0,0,0,0,40,0,0,0,0,0,0,0,0,6,14,0,22,0,0,0,0,0,0,0,0,0,9,0,0,0,0,0,0,0,0,0,0,0,0,0,0,0,0,0,0,0,0,0,0,0,41,30,0,0,0,0,0,14,21,0,0,0,42,0,0,0,0,0,55,0,22,0,0,0,0,114,0,11,0,10,9,0,0,20,10,6,41,0,Bacteria;Firmicutes;Clostridia;Peptostreptococcales-Tissierellales;Peptostreptococcaceae;Intestinibacter
Victivallis,0,0,0,0,2,0,7,9,22,6,105,243,2,3,0,0,0,0,0,0,0,0,0,0,0,0,0,0,0,0,18,35,0,0,0,0,0,0,4,0,0,0,0,0,0,0,0,0,0,0,0,0,0,0,0,0,0,0,0,2,0,0,0,0,0,14,0,0,0,0,0,0,6,0,3,0,12,0,16,4,11,6,0,2,5,3,2,0,0,0,0,0,0,0,0,0,0,0,25,24,4,78,0,3,7,23,0,0,0,0,0,0,0,2,0,0,0,4,0,0,0,0,0,4,0,0,6,5,13,0,0,6,0,0,0,0,0,11,7,5,0,0,0,0,0,10,9,27,6,0,0,3,8,4,12,0,0,0,0,0,0,0,0,0,0,11,15,0,0,7,0,0,0,0,0,0,0,0,0,0,0,0,0,0,0,0,2,0,7,0,8,0,0,6,0,0,0,23,5,7,9,0,23,165,74,0,0,0,Bacteria;Verrucomicrobiota;Lentisphaeria;Victivallales;Victivallaceae;Victivallis
Peptococcus,0,0,0,11,7,4,0,0,6,0,0,0,43,0,23,17,7,25,0,6,0,0,0,0,0,0,0,0,0,0,0,0,0,0,0,0,24,0,14,0,0,8,0,8,33,16,0,0,0,0,0,0,0,0,0,0,0,0,0,0,0,0,0,0,0,9,0,0,0,8,0,0,40,0,33,22,10,0,0,18,15,0,0,0,0,0,0,3,0,0,0,4,0,0,0,0,0,0,28,56,7,70,82,0,78,15,0,0,0,0,0,0,0,0,0,0,0,0,0,0,0,0,0,0,0,0,0,0,0,5,0,0,0,0,0,0,0,54,0,0,0,0,0,6,10,8,29,7,0,0,0,0,0,0,0,0,0,0,0,0,10,9,0,0,10,0,0,0,0,0,0,0,0,8,9,0,0,0,0,0,0,0,0,0,0,0,0,0,0,0,0,0,12,6,0,0,5,6,10,6,0,0,5,0,0,0,0,10,Bacteria;Firmicutes;Clostridia;Peptococcales;Peptococcaceae;Peptococcus
Tuzzerella,0,0,0,0,0,0,0,0,0,0,10,24,3,0,0,0,0,0,0,0,0,0,0,0,0,0,0,0,0,0,0,0,0,0,0,0,0,0,0,0,0,0,0,0,0,0,0,0,0,0,0,0,0,0,0,0,0,78,28,0,0,69,46,37,23,0,0,0,0,0,0,0,7,0,0,0,0,0,0,0,0,0,0,0,4,0,0,0,15,3,0,0,0,0,5,3,0,0,0,0,0,0,0,0,0,0,0,0,0,0,0,0,0,0,0,0,0,0,0,0,0,0,0,0,0,0,10,6,4,17,13,48,12,0,0,0,0,0,0,0,0,0,0,0,0,0,10,11,0,4,0,13,8,0,11,7,0,0,0,0,0,0,107,0,0,50,126,0,0,37,0,0,0,0,0,0,0,0,15,0,0,0,0,0,0,0,0,0,0,0,0,0,0,0,0,0,0,0,5,0,0,0,0,12,16,0,0,0,Bacteria;Firmicutes;Clostridia;Lachnospirales;Lachnospiraceae;Tuzzerella
Frisingicoccus,0,0,0,0,7,0,0,0,0,0,0,0,0,0,0,0,0,0,0,0,0,0,0,0,0,0,8,4,0,0,0,0,0,0,0,0,0,0,39,0,0,22,0,0,0,0,0,0,0,0,0,0,0,0,0,0,0,0,0,0,0,13,0,0,0,0,7,8,7,50,10,11,0,0,0,0,0,9,0,29,0,27,0,0,0,0,0,0,0,0,0,0,0,0,0,0,0,0,0,0,0,19,29,0,0,0,0,0,0,0,0,0,0,0,0,0,0,0,0,0,0,0,0,0,3,4,5,0,0,0,0,0,0,15,15,157,30,0,0,0,0,0,0,0,0,0,0,0,0,0,0,0,0,0,0,0,0,0,0,0,0,0,0,0,0,0,0,98,55,0,67,26,39,0,0,0,0,0,0,0,0,0,0,0,0,0,0,20,5,10,13,0,0,11,0,0,0,0,0,0,0,0,0,0,0,0,0,19,Bacteria;Firmicutes;Clostridia;Lachnospirales;Lachnospiraceae;Frisingicoccus
Anaeroplasma,0,0,0,0,0,0,0,0,0,0,0,0,0,0,0,0,0,0,0,0,0,0,0,0,0,0,0,0,0,0,0,0,0,0,0,0,0,0,0,0,0,0,0,0,0,0,0,0,0,0,0,0,0,0,0,0,0,0,0,0,0,0,0,0,0,0,0,0,0,0,0,0,0,0,0,0,0,0,0,0,0,0,0,0,0,0,0,0,0,0,0,0,0,0,0,0,0,0,0,0,0,0,0,0,0,0,0,0,0,0,0,0,0,0,0,0,0,0,0,0,0,0,0,0,0,0,0,0,0,0,0,0,0,0,0,0,0,0,0,0,17,5,9,37,79,0,0,0,0,0,0,0,0,0,0,0,0,0,0,0,0,0,0,0,0,0,0,0,0,0,0,0,0,10,323,362,32,0,0,0,0,0,0,0,0,0,0,0,0,0,0,0,0,0,0,0,0,0,0,0,0,0,0,0,0,0,0,0,Bacteria;Firmicutes;Bacilli;Acholeplasmatales;Acholeplasmataceae;Anaeroplasma
Shuttleworthia,0,5,0,0,0,0,0,0,0,0,20,0,5,4,0,0,0,0,0,0,0,0,0,0,0,0,0,0,0,0,0,0,0,0,0,0,0,0,0,0,0,0,0,0,0,0,0,0,0,0,0,0,0,0,0,0,0,0,0,0,0,0,0,0,0,0,0,0,0,0,0,0,4,0,11,24,0,0,19,0,0,0,0,36,0,23,7,0,0,0,0,0,0,0,0,0,0,0,0,8,0,34,23,24,46,0,0,0,0,0,0,0,0,0,0,0,0,0,0,0,0,0,0,0,0,0,0,0,0,0,0,0,0,0,23,7,20,57,7,8,0,0,0,0,0,32,23,0,0,0,0,0,3,4,11,0,0,0,0,0,0,0,0,0,0,0,0,0,16,0,84,11,28,4,0,0,0,0,0,0,0,0,0,0,0,0,0,15,0,10,4,0,0,44,5,0,0,0,0,53,0,0,71,6,10,0,0,0,Bacteria;Firmicutes;Clostridia;Lachnospirales;Lachnospiraceae;Shuttleworthia
Terrisporobacter,0,0,0,0,0,0,0,0,0,0,0,0,103,12,22,35,24,31,17,26,0,0,0,0,0,0,0,0,0,0,0,0,0,0,0,0,0,0,11,0,0,9,0,0,0,0,0,0,0,0,0,0,0,0,0,0,0,0,0,0,0,0,0,0,0,0,0,0,0,0,0,0,0,0,0,0,11,11,0,0,0,10,0,0,0,0,0,0,0,0,0,0,0,0,0,0,0,0,0,0,0,0,8,7,0,0,0,0,0,0,7,0,0,49,0,0,0,0,0,0,0,0,0,0,59,0,0,0,0,0,0,0,0,0,0,0,0,0,0,0,0,0,0,0,0,0,0,0,11,0,0,0,0,0,0,19,0,0,0,0,0,0,0,0,0,0,0,0,12,0,87,13,0,0,0,0,0,0,54,17,31,12,17,16,0,0,0,0,0,0,0,0,0,0,0,0,0,0,0,12,0,0,20,0,10,0,47,0,Bacteria;Firmicutes;Clostridia;Peptostreptococcales-Tissierellales;Peptostreptococcaceae;Terrisporobacter
Lactobacillus,9,0,0,0,7,0,0,0,50,23,0,0,0,0,0,0,0,0,0,0,0,0,0,0,0,0,17,0,0,0,9,0,0,0,0,0,0,6,0,0,0,0,0,0,0,0,0,0,0,3,0,0,0,0,0,10,0,0,0,0,0,0,0,0,0,0,0,0,0,0,0,0,7,0,0,0,0,0,3,0,0,0,0,0,0,0,12,38,0,0,0,0,0,0,0,0,0,0,0,0,0,4,0,0,0,0,0,0,0,0,0,0,0,0,0,0,0,0,0,0,0,0,0,0,3,0,0,0,0,0,0,0,0,3,166,20,7,0,0,0,0,0,0,0,0,0,0,0,0,0,0,0,0,0,0,0,0,0,0,0,0,0,0,0,0,0,0,18,4,0,4,42,20,0,0,0,0,0,0,4,0,0,0,0,0,0,0,9,0,5,0,6,23,0,24,17,168,0,0,0,0,0,0,0,0,0,8,0,Bacteria;Firmicutes;Bacilli;Lactobacillales;Lactobacillaceae;Lactobacillus
DTU089,0,0,0,0,0,0,0,0,0,0,0,0,0,15,0,0,0,0,0,0,0,0,0,0,0,0,0,0,0,0,0,0,0,0,0,0,13,0,0,0,0,0,0,6,0,0,0,0,0,0,0,0,0,0,0,0,0,0,0,0,0,0,0,0,0,0,0,0,0,9,0,0,0,0,0,0,0,0,9,0,0,0,0,0,0,0,0,0,0,0,0,0,0,0,0,0,0,0,0,0,0,11,32,0,11,0,0,0,0,0,13,0,0,24,0,0,0,5,0,0,0,0,0,0,0,0,0,0,0,10,0,10,9,0,10,13,25,0,0,0,0,0,0,5,11,0,0,0,0,5,0,0,0,0,0,28,0,0,0,0,0,0,12,0,0,7,8,0,35,0,43,0,0,29,65,0,0,14,59,9,7,33,26,61,0,0,0,5,0,0,0,0,0,0,0,0,0,0,0,0,0,0,0,0,0,0,0,0,Bacteria;Firmicutes;Clostridia;Oscillospirales;Ruminococcaceae;DTU089
Marvinbryantia,6,0,3,0,0,0,0,0,0,0,0,0,0,0,8,0,0,0,0,0,0,0,0,0,0,0,6,0,0,0,3,0,0,0,0,0,0,0,0,0,0,0,0,0,0,0,5,0,0,0,0,0,0,13,80,0,0,0,0,0,3,0,0,0,0,0,0,0,8,0,17,0,66,0,0,7,0,0,13,12,0,6,0,7,0,4,8,13,0,0,23,41,0,0,0,0,0,0,0,9,0,13,27,0,0,0,0,0,0,0,0,0,0,3,0,0,0,10,0,0,17,0,0,5,0,0,0,6,0,8,0,0,0,0,0,0,0,36,10,0,0,0,0,0,0,11,15,0,0,0,0,0,0,0,0,0,0,0,0,17,11,19,16,0,0,0,5,0,0,4,0,0,0,0,18,0,0,0,5,0,0,8,0,0,8,0,0,0,0,0,0,11,0,0,0,0,24,0,0,6,0,0,4,0,0,0,0,6,Bacteria;Firmicutes;Clostridia;Lachnospirales;Lachnospiraceae;Marvinbryantia
Oxalobacter,14,4,0,0,0,0,0,0,0,0,0,0,0,0,0,0,0,0,0,0,0,0,0,0,0,0,0,0,0,0,0,0,0,0,0,0,0,0,0,0,0,0,0,0,0,0,0,0,0,0,0,0,0,0,0,0,0,0,0,0,0,0,0,0,0,0,0,0,0,0,0,0,86,0,16,17,0,0,0,0,0,0,0,0,0,0,0,0,0,0,0,0,0,0,0,0,0,0,0,0,0,0,0,0,0,0,0,0,0,0,0,0,0,0,0,0,0,0,0,0,0,0,0,0,0,0,0,0,5,20,0,0,10,0,0,0,0,60,27,8,0,0,0,0,0,19,35,8,0,0,0,0,0,0,0,0,0,7,0,4,15,17,9,0,10,7,25,0,0,9,0,0,0,0,0,0,0,0,0,0,0,0,0,0,0,0,0,0,0,0,0,0,0,0,0,0,0,25,0,33,16,0,47,5,11,10,7,0,Bacteria;Proteobacteria;Gammaproteobacteria;Burkholderiales;Oxalobacteraceae;Oxalobacter
Corynebacterium,0,0,6,0,0,0,0,0,7,8,0,0,0,0,0,0,0,0,3,0,0,15,8,0,25,23,0,0,0,0,4,0,0,0,0,0,0,0,0,0,0,0,0,0,0,0,0,0,0,0,0,0,0,11,0,0,0,0,0,0,7,0,0,0,0,0,0,0,0,5,0,0,0,0,0,0,0,0,7,0,0,3,4,9,0,4,0,5,0,0,0,0,2,0,4,0,0,0,0,0,0,0,0,3,0,0,0,0,0,0,2,0,0,8,0,2,0,27,0,0,0,0,0,0,0,0,0,0,0,0,0,0,0,0,0,0,0,0,0,0,210,0,0,9,0,0,0,0,0,0,0,0,0,0,0,0,0,0,0,0,0,0,0,0,0,0,0,0,0,0,0,0,2,0,35,6,0,0,0,0,0,0,0,0,0,0,5,0,0,0,31,9,34,0,4,3,20,0,0,0,0,0,0,0,0,0,0,0,Bacteria;Actinobacteriota;Actinobacteria;Corynebacteriales;Corynebacteriaceae;Corynebacterium
Mailhella,0,0,0,0,0,0,0,0,0,0,0,0,0,0,0,0,0,0,0,0,0,0,0,0,0,0,0,0,0,0,0,0,0,0,0,0,0,0,0,0,0,0,0,0,0,0,0,0,0,0,0,0,0,0,0,0,0,0,0,0,0,0,0,0,0,32,0,0,0,0,0,0,0,0,0,0,0,0,0,0,0,0,0,0,0,0,0,0,0,0,0,0,0,0,0,0,0,0,21,62,14,295,41,8,24,41,0,0,0,0,0,0,0,0,0,0,0,0,0,0,0,0,0,0,0,0,0,0,0,0,0,0,0,0,0,0,0,0,0,0,0,0,0,0,0,0,0,0,0,0,0,0,0,0,0,0,0,0,0,0,0,0,0,0,0,0,0,0,0,0,0,0,0,0,0,0,0,0,0,0,0,0,0,0,0,0,0,0,0,0,0,0,0,0,0,0,0,0,0,0,0,0,0,0,0,0,0,0,Bacteria;Desulfobacterota;Desulfovibrionia;Desulfovibrionales;Desulfovibrionaceae;Mailhella
Eisenbergiella,0,0,0,0,3,0,0,0,0,0,0,0,0,0,0,0,0,0,0,0,0,0,0,0,0,0,0,0,0,0,0,0,0,0,0,0,0,0,0,0,0,0,0,0,0,0,0,0,0,0,0,0,0,0,0,0,0,7,0,0,0,0,0,0,0,0,0,0,0,0,0,3,0,0,0,0,0,0,3,0,0,0,0,8,0,0,0,0,0,0,0,0,0,0,0,0,0,0,0,0,0,0,0,0,0,0,0,0,0,0,0,0,0,0,0,0,0,0,3,0,0,0,0,0,0,0,3,0,0,0,0,0,0,0,15,30,15,0,0,0,0,0,0,0,0,0,0,0,0,0,0,0,0,0,0,0,0,0,0,0,0,0,0,0,0,0,0,385,22,0,0,0,0,0,0,0,0,0,0,0,0,0,0,0,0,0,0,0,0,0,0,0,0,0,0,0,0,0,0,0,0,0,0,0,0,0,0,0,Bacteria;Firmicutes;Clostridia;Lachnospirales;Lachnospiraceae;Eisenbergiella
Peptoniphilus,0,0,4,0,0,0,3,0,0,0,0,0,0,0,0,0,0,0,0,0,0,5,4,0,10,10,0,0,0,0,13,3,0,0,0,0,0,5,0,0,0,0,0,0,0,0,0,0,0,0,3,0,0,0,0,2,0,4,0,0,8,4,0,0,3,0,0,0,0,0,0,5,4,0,0,0,0,0,0,0,0,0,0,0,0,0,0,41,0,0,0,0,0,0,3,0,0,0,0,2,0,0,0,0,0,0,0,0,0,0,0,0,0,0,0,0,0,0,0,0,0,0,0,0,0,0,0,0,0,0,0,0,0,7,6,16,36,0,0,2,15,0,0,0,6,0,0,0,0,0,0,0,0,0,0,2,0,0,0,0,0,0,0,0,0,0,0,11,0,0,4,0,6,0,7,0,5,0,0,0,0,0,0,0,0,0,2,0,0,0,0,0,7,0,3,0,210,0,0,0,0,0,0,0,0,0,0,0,Bacteria;Firmicutes;Clostridia;Peptostreptococcales-Tissierellales;Family XI;Peptoniphilus
Campylobacter,0,0,6,3,16,3,18,8,3,5,0,0,0,0,0,0,0,0,0,0,0,0,0,0,4,0,0,0,0,0,9,4,0,0,0,0,0,3,0,0,0,0,0,0,0,0,0,0,0,0,0,0,0,0,0,0,0,0,0,9,12,0,0,0,0,0,0,0,0,0,0,0,0,0,0,0,0,0,0,0,0,0,0,0,0,0,0,36,0,0,3,0,3,0,0,0,0,0,0,7,0,0,0,0,0,0,3,0,0,0,0,0,0,0,0,0,0,4,3,0,0,0,0,10,0,0,2,0,0,0,0,0,0,0,0,0,0,0,0,0,0,0,0,0,7,0,8,0,0,0,0,0,0,0,0,0,0,0,0,0,0,0,0,0,0,0,0,0,0,0,0,0,0,2,3,0,0,0,0,0,0,0,0,0,0,0,0,0,0,0,0,17,12,0,0,3,249,0,0,0,0,0,0,0,0,0,0,0,Bacteria;Campylobacterota;Campylobacteria;Campylobacterales;Campylobacteraceae;Campylobacter
Methylobacterium-Methylorubrum,0,4,7,0,9,0,0,0,0,0,0,0,0,0,0,3,0,0,3,0,3,0,0,2,0,4,0,6,0,11,3,0,0,0,0,0,0,2,0,0,0,0,5,0,0,0,3,0,0,3,0,0,0,0,2,5,0,8,7,0,3,2,2,3,5,0,9,3,0,5,11,7,0,0,0,4,18,0,5,3,3,0,7,12,4,5,0,2,0,0,2,0,0,7,0,0,5,3,0,4,0,5,2,0,0,0,6,0,0,0,7,0,0,0,0,0,0,0,0,0,0,0,0,0,11,0,8,4,3,0,3,2,0,0,0,6,7,0,7,0,4,0,0,6,4,5,0,0,0,0,0,5,2,0,0,0,0,0,0,0,0,0,2,0,0,0,3,0,9,5,3,0,0,3,0,7,0,0,0,4,0,0,0,5,12,3,2,7,0,0,17,0,0,2,0,8,0,3,3,0,0,0,0,0,0,0,12,8,Bacteria;Proteobacteria;Alphaproteobacteria;Rhizobiales;Beijerinckiaceae;Methylobacterium-Methylorubrum
Anaerococcus,0,0,0,0,8,0,0,0,0,17,0,0,0,0,0,0,0,0,0,0,0,14,13,0,10,5,0,4,0,0,6,0,0,0,0,0,0,0,0,0,0,0,0,0,0,0,0,0,0,3,0,0,2,0,0,2,0,3,0,0,4,0,0,0,0,0,0,0,0,0,0,0,0,0,0,0,0,0,0,0,0,0,0,0,0,0,0,32,0,6,0,0,0,0,0,0,0,0,0,0,0,0,0,0,0,0,0,0,0,0,0,0,0,0,0,0,0,0,0,0,0,0,0,0,0,0,0,0,3,0,0,0,0,6,4,12,34,0,0,0,13,0,0,0,0,0,0,0,0,0,0,0,0,0,0,0,0,0,0,0,0,0,0,0,0,0,0,29,12,0,0,0,8,0,4,0,0,0,0,0,0,0,0,0,0,0,0,0,0,0,28,3,21,0,12,0,109,0,0,0,0,0,0,0,0,0,0,0,Bacteria;Firmicutes;Clostridia;Peptostreptococcales-Tissierellales;Family XI;Anaerococcus
Ezakiella,0,0,12,0,7,0,14,0,0,7,0,0,0,0,0,0,0,0,0,0,0,0,0,0,8,0,17,30,0,6,0,6,0,0,0,0,0,0,0,0,3,0,0,0,0,0,0,0,0,0,0,0,0,0,0,0,0,0,0,0,4,0,0,0,0,0,0,0,0,0,5,5,9,0,0,0,0,0,0,0,0,0,0,0,0,0,0,32,0,0,0,0,0,0,0,0,0,3,0,6,0,0,0,0,0,0,0,0,0,0,0,0,0,0,0,0,0,0,0,0,0,0,0,0,0,0,0,0,0,0,0,0,0,0,0,0,0,0,0,0,18,0,0,0,11,0,7,0,0,0,0,0,0,0,0,0,0,0,0,0,0,0,0,0,0,0,0,0,0,0,0,0,0,13,0,0,0,0,5,0,0,0,0,0,0,0,0,0,0,0,0,11,23,0,0,0,146,0,0,0,0,0,5,0,0,0,0,3,Bacteria;Firmicutes;Clostridia;Peptostreptococcales-Tissierellales;Family XI;Ezakiella
Prevotellaceae Ga6A1 group,0,0,0,0,0,0,0,0,0,0,0,0,0,0,0,0,0,0,0,0,0,0,0,0,0,0,0,0,0,0,0,0,0,0,0,0,0,0,0,0,0,0,0,0,0,0,0,0,0,0,0,0,0,0,0,0,0,0,0,0,0,0,0,0,0,5,0,0,0,0,0,0,0,0,0,0,0,0,0,0,0,0,0,0,0,0,0,0,0,0,0,0,0,0,0,0,0,0,78,84,26,35,65,12,56,52,0,0,0,0,0,0,0,0,0,0,0,0,0,0,0,0,0,0,0,0,0,0,0,0,0,0,0,0,0,0,0,0,0,0,0,0,0,0,0,0,0,0,0,0,0,0,0,0,0,0,0,0,0,0,0,0,0,0,0,0,0,0,0,0,0,0,0,0,0,0,0,0,0,0,0,0,0,0,0,0,0,0,0,0,0,0,0,0,0,0,0,0,0,0,0,0,0,0,0,0,0,0,Bacteria;Bacteroidota;Bacteroidia;Bacteroidales;Prevotellaceae;Prevotellaceae Ga6A1 group
Ruminiclostridium,0,0,0,0,0,0,0,0,0,8,0,0,0,0,0,0,0,0,0,0,0,0,0,0,0,0,17,5,0,0,0,0,0,0,0,0,0,0,26,0,0,7,0,0,0,0,0,0,0,0,0,0,0,0,0,0,0,0,0,0,0,0,0,0,0,0,10,18,13,32,0,6,0,0,0,0,58,5,0,54,41,36,0,0,0,0,0,0,0,0,0,0,0,0,0,0,0,0,0,0,0,0,0,0,0,0,0,0,0,0,0,0,0,0,0,0,0,0,0,0,0,0,0,0,0,0,0,0,0,0,0,0,0,0,0,0,0,0,0,0,0,0,0,0,0,0,0,0,0,0,0,0,0,0,0,0,0,0,0,0,0,0,0,0,0,0,0,0,0,0,0,0,0,0,0,0,0,0,0,0,0,0,0,0,0,0,0,0,0,0,0,22,5,0,0,0,0,0,0,0,0,0,0,0,0,0,0,31,Bacteria;Firmicutes;Clostridia;Oscillospirales;Hungateiclostridiaceae;Ruminiclostridium
Eggerthella,0,0,0,0,17,3,0,0,6,0,0,0,0,0,0,3,0,0,0,0,3,0,0,3,0,0,3,0,7,0,0,0,0,0,0,0,0,0,0,0,0,0,0,0,0,0,0,0,3,0,0,0,19,0,0,4,4,0,0,0,0,0,0,0,5,0,0,0,0,7,8,0,0,0,0,0,0,0,28,0,0,0,20,12,9,0,0,0,11,4,0,0,0,10,6,6,0,0,0,5,0,4,6,0,0,0,3,5,0,0,13,0,0,6,0,0,0,0,0,0,0,0,0,0,5,0,19,0,0,0,0,0,0,0,0,14,10,0,0,0,0,0,0,0,3,0,0,0,3,0,0,4,0,0,0,3,0,0,0,0,0,0,0,0,0,0,0,25,0,0,0,4,0,0,0,0,0,4,4,0,0,0,5,0,6,2,0,5,0,0,0,0,5,4,0,3,0,0,0,7,0,0,3,0,0,0,0,0,Bacteria;Actinobacteriota;Coriobacteriia;Coriobacteriales;Eggerthellaceae;Eggerthella
Lachnospiraceae UCG-003,0,0,0,0,0,0,0,0,0,0,0,0,0,0,0,0,0,0,0,0,0,0,0,0,0,0,0,0,0,0,0,0,0,0,0,0,0,0,147,0,0,34,0,0,0,0,0,0,0,0,0,0,0,0,0,0,0,0,0,0,0,0,0,0,0,0,0,0,0,0,0,0,28,0,0,0,11,0,0,21,17,48,0,0,0,0,0,0,0,0,0,0,0,0,0,0,0,0,0,0,0,0,0,0,0,0,0,0,0,0,0,0,0,0,0,0,0,0,0,0,0,0,0,0,0,0,0,0,0,0,0,0,0,0,0,0,0,0,0,0,0,0,0,0,0,0,0,0,0,0,0,0,0,0,0,0,0,0,0,0,0,0,0,0,0,0,0,0,0,0,0,0,0,0,0,0,0,0,0,0,0,0,0,0,0,0,0,0,0,0,0,0,0,0,0,0,0,0,0,0,0,0,0,0,0,0,0,66,Bacteria;Firmicutes;Clostridia;Lachnospirales;Lachnospiraceae;Lachnospiraceae UCG-003
Allisonella,0,0,0,0,12,0,20,17,28,0,0,0,56,11,34,32,35,57,0,11,0,0,0,0,0,0,0,0,0,0,0,0,0,0,0,0,0,0,0,0,0,0,0,0,0,0,0,0,0,0,0,0,0,0,0,0,0,0,0,0,0,0,0,0,0,0,0,0,0,0,0,0,0,0,0,0,0,0,0,0,0,0,0,0,0,0,0,0,0,0,0,0,0,0,0,0,0,0,0,0,0,0,0,0,0,0,0,0,0,0,0,0,0,0,0,0,0,0,0,0,0,0,0,0,0,0,0,0,0,0,0,0,0,0,0,0,0,0,0,0,0,0,0,0,0,0,0,0,15,0,0,0,0,0,0,0,0,0,0,0,0,0,0,0,0,0,0,0,0,0,0,0,0,0,0,0,0,0,0,0,0,0,0,0,0,0,0,0,0,0,0,0,0,0,0,0,0,0,35,0,0,0,0,0,0,0,0,0,Bacteria;Firmicutes;Negativicutes;Veillonellales-Selenomonadales;Veillonellaceae;Allisonella
Dielma,0,0,0,0,0,0,0,3,0,0,0,0,0,0,0,0,0,0,0,0,0,0,0,0,0,0,60,27,15,4,0,0,0,0,0,0,0,0,9,0,0,0,0,3,0,0,0,0,0,0,0,0,0,0,0,0,0,0,0,0,0,3,0,0,0,0,0,6,7,32,9,68,0,0,0,0,0,0,0,0,0,0,0,0,0,0,0,0,0,0,0,0,0,0,0,0,0,4,0,0,0,0,0,0,0,0,0,0,0,0,0,0,0,10,0,0,0,0,0,0,0,0,0,0,0,0,0,0,0,0,0,0,0,0,0,0,0,0,0,0,0,0,0,0,0,0,0,0,3,5,0,0,0,0,0,10,0,0,0,5,0,0,0,0,0,0,0,0,0,0,3,0,0,4,0,0,0,0,20,13,7,5,0,6,4,0,0,0,0,0,0,0,0,0,0,0,0,0,0,0,0,0,4,0,0,0,0,6,Bacteria;Firmicutes;Bacilli;Erysipelotrichales;Erysipelotrichaceae;Dielma
Angelakisella,0,0,0,0,0,0,3,0,5,0,0,4,0,0,5,0,0,0,0,0,0,0,0,0,0,0,5,0,0,0,0,0,0,0,0,0,12,0,6,0,0,0,0,4,9,2,0,0,0,0,0,0,0,0,0,0,0,0,0,0,0,0,0,0,0,0,0,0,0,0,0,5,12,0,0,0,11,0,0,6,0,8,0,0,0,0,0,0,0,0,0,5,0,0,0,0,0,0,0,8,0,9,15,0,7,0,0,0,0,0,0,0,0,6,0,0,0,0,0,0,0,0,0,7,0,0,0,0,0,3,0,0,0,0,13,0,8,3,0,0,0,0,0,0,0,0,0,0,0,0,0,0,0,0,0,0,0,0,0,0,0,0,4,0,9,4,7,0,21,0,22,10,9,9,3,0,0,0,6,0,0,0,5,5,0,0,0,0,17,0,10,0,0,4,0,0,0,7,0,8,0,0,9,0,0,0,0,0,Bacteria;Firmicutes;Clostridia;Oscillospirales;Ruminococcaceae;Angelakisella
[Clostridium] innocuum group,0,0,0,0,70,6,12,8,9,0,0,0,0,0,0,0,0,0,0,0,0,0,0,0,0,0,17,13,5,0,0,0,0,0,0,0,0,3,0,0,0,0,0,0,0,0,0,0,0,0,0,0,0,0,0,0,0,0,0,0,0,4,0,0,0,0,0,0,11,36,0,21,0,0,0,0,0,0,11,0,0,0,0,0,0,3,0,0,0,0,0,0,0,0,0,0,0,0,0,2,0,0,0,0,0,0,0,0,0,0,5,0,0,7,0,0,0,0,0,0,0,0,0,0,0,0,0,0,0,0,0,0,0,0,7,3,4,0,0,0,0,0,0,0,0,0,0,0,0,0,0,0,0,0,0,0,0,0,0,0,5,0,5,0,0,0,0,30,3,0,8,0,3,0,0,0,0,0,7,0,0,0,0,3,0,0,0,0,0,0,0,0,0,0,0,0,0,0,0,0,0,0,0,0,0,0,0,0,Bacteria;Firmicutes;Bacilli;Erysipelotrichales;Erysipelotrichaceae;[Clostridium] innocuum group
Fournierella,0,5,0,0,0,0,0,0,0,0,0,8,0,0,0,0,0,0,0,0,0,0,0,0,0,0,0,0,0,0,0,0,0,0,0,0,0,0,0,0,0,0,0,0,0,0,5,0,0,0,0,0,0,0,0,0,0,0,0,0,0,0,0,0,0,0,0,0,0,0,0,0,0,0,0,0,6,0,0,0,0,7,0,0,0,0,0,0,0,0,0,0,0,0,0,0,0,0,0,0,0,0,0,0,0,0,0,0,0,0,0,0,0,0,0,0,0,0,0,0,0,0,0,0,0,0,0,0,0,4,0,0,0,0,0,0,6,0,0,0,0,0,0,0,0,0,0,11,0,0,0,0,0,0,0,0,0,0,0,0,0,0,0,0,0,0,0,0,0,0,7,0,6,0,0,0,0,0,0,0,0,0,0,0,0,0,0,0,3,0,0,0,0,0,0,0,0,23,0,73,36,0,46,8,7,43,14,0,Bacteria;Firmicutes;Clostridia;Oscillospirales;Ruminococcaceae;Fournierella
Holdemania,0,0,0,0,0,0,0,0,0,0,0,4,0,0,0,0,0,0,0,0,0,0,0,0,0,0,5,0,7,0,0,0,0,0,0,0,0,0,0,2,0,5,4,0,0,3,0,0,0,0,0,0,0,0,4,0,3,9,0,0,0,0,0,0,0,0,0,0,0,0,0,0,4,0,0,0,4,0,6,0,0,0,0,6,0,10,0,0,0,0,0,0,0,0,0,0,0,0,0,3,0,4,6,0,5,0,0,0,0,0,0,0,0,0,0,0,2,9,3,0,3,4,0,4,21,7,18,3,0,9,5,9,0,0,0,0,0,0,0,0,0,0,0,0,0,0,0,0,0,0,0,0,0,0,0,4,0,0,0,5,5,0,5,0,10,0,6,0,0,0,0,0,3,0,13,0,0,0,0,0,0,0,0,0,0,2,0,0,0,0,0,0,3,3,0,0,0,0,0,0,0,0,0,0,0,0,0,0,Bacteria;Firmicutes;Bacilli;Erysipelotrichales;Erysipelotrichaceae;Holdemania
Megasphaera,0,0,0,0,0,0,0,0,0,0,0,0,0,0,0,0,0,0,0,0,0,0,0,0,0,0,0,0,0,0,0,0,0,0,0,0,0,0,0,0,0,0,0,0,0,0,0,0,0,0,0,0,0,0,0,0,0,0,0,0,0,0,0,0,0,0,0,0,0,0,0,0,0,0,0,0,0,0,0,0,0,0,0,0,0,0,0,0,0,0,0,0,0,0,0,0,0,0,0,0,0,0,0,0,0,0,0,11,0,14,101,9,0,0,23,6,0,0,0,0,0,0,0,0,0,0,0,0,0,0,0,0,0,0,0,0,0,0,0,0,0,0,0,0,0,0,0,0,0,0,0,0,0,0,0,0,0,0,0,0,0,0,0,0,0,0,0,0,0,0,0,0,0,0,0,0,0,0,0,0,0,0,0,12,50,24,0,0,0,0,0,0,0,0,0,0,0,0,0,0,0,0,0,0,0,0,0,0,Bacteria;Firmicutes;Negativicutes;Veillonellales-Selenomonadales;Veillonellaceae;Megasphaera
[Eubacterium] nodatum group,0,0,0,0,14,8,0,0,0,0,0,0,0,0,0,0,0,0,0,0,0,0,0,0,0,0,46,5,0,0,0,0,0,0,0,0,0,0,40,0,0,13,0,0,0,0,0,0,0,0,0,0,0,0,0,0,0,0,0,0,0,0,0,0,0,0,0,22,0,10,5,5,0,0,0,0,0,0,0,3,0,20,0,0,0,0,0,2,0,0,0,0,0,0,0,0,0,0,1,12,0,23,0,2,0,0,0,0,0,0,0,0,0,0,0,0,0,0,0,0,0,0,0,0,0,0,0,0,0,0,0,0,0,0,0,0,0,0,0,0,0,0,0,0,0,0,0,0,0,0,0,0,0,0,8,0,0,0,0,0,0,0,0,0,0,0,0,0,0,0,0,0,0,0,0,0,0,0,0,0,0,0,0,0,0,0,0,0,0,0,0,0,0,0,0,0,0,0,3,0,0,0,0,4,0,0,0,0,Bacteria;Firmicutes;Clostridia;Peptostreptococcales-Tissierellales;Anaerovoracaceae;[Eubacterium] nodatum group
Senegalimassilia,16,8,112,5,0,0,0,0,0,0,0,0,0,0,0,0,0,0,0,0,0,0,0,0,0,0,0,0,0,0,0,0,0,0,0,0,0,0,0,0,0,0,0,0,0,0,0,0,0,0,0,0,0,0,7,0,0,8,0,7,0,0,0,0,0,0,0,0,0,0,0,0,20,0,0,0,0,0,0,0,0,0,0,0,0,0,0,0,0,0,0,16,4,0,0,0,0,0,0,0,0,0,0,0,0,0,0,0,0,0,0,0,0,0,0,0,0,7,0,0,0,0,0,9,0,0,0,0,0,0,0,0,0,0,0,0,0,5,14,0,0,0,0,0,0,0,0,0,0,0,0,0,0,0,0,0,0,0,0,0,0,0,0,0,0,0,0,0,0,0,0,0,0,0,0,0,0,0,0,0,0,0,0,0,0,0,4,0,0,2,0,0,0,0,0,0,0,0,0,0,0,0,0,0,0,0,0,0,Bacteria;Actinobacteriota;Coriobacteriia;Coriobacteriales;Eggerthellaceae;Senegalimassilia
Hungatella,0,0,0,0,0,0,0,0,0,0,0,0,0,0,0,0,0,0,0,0,0,0,0,0,0,0,9,0,0,0,0,0,0,0,0,0,0,6,0,0,0,0,0,0,0,0,0,0,6,6,0,0,0,0,0,7,0,7,0,0,0,0,0,0,0,0,3,8,7,10,0,7,0,0,0,0,0,0,0,4,0,0,0,0,0,0,0,0,0,0,0,0,0,0,0,0,0,0,0,0,0,0,0,0,0,0,0,0,0,0,0,0,0,0,0,0,9,0,8,7,0,0,0,0,6,9,6,0,0,0,0,0,0,0,0,7,0,0,0,0,0,0,0,0,0,0,0,0,0,0,0,0,0,0,0,0,0,0,0,0,0,0,0,0,0,0,0,61,9,0,0,0,0,0,0,0,0,6,0,0,8,0,0,0,0,0,0,0,0,0,0,0,0,0,0,0,0,0,0,0,0,0,0,0,0,0,0,0,Bacteria;Firmicutes;Clostridia;Lachnospirales;Lachnospiraceae;Hungatella
UCG-009,0,0,0,0,0,0,0,0,0,0,0,0,6,0,4,0,0,0,0,6,0,0,0,0,0,0,0,0,0,0,0,0,0,0,0,0,12,0,0,0,0,0,6,0,0,0,0,0,0,0,0,0,0,6,12,0,0,0,0,5,0,0,0,0,0,0,4,0,0,0,0,0,0,0,0,0,0,0,0,0,0,0,0,0,0,3,0,0,0,0,34,23,0,0,0,0,0,0,0,0,0,0,5,0,0,0,0,0,0,0,5,0,0,0,0,4,0,0,0,0,0,0,0,11,0,0,0,0,0,0,0,0,0,0,0,0,0,0,0,0,0,0,0,0,5,0,0,4,0,0,0,0,0,0,0,0,0,0,0,0,0,0,0,0,0,0,0,0,9,0,0,5,0,0,16,0,0,0,0,0,0,0,0,0,0,0,0,0,0,0,0,0,0,0,0,0,0,0,0,8,0,0,0,0,0,0,0,0,Bacteria;Firmicutes;Clostridia;Oscillospirales;Butyricicoccaceae;UCG-009
Acidaminococcus,0,0,0,0,36,5,30,55,19,6,0,0,0,0,0,0,0,0,0,0,0,0,0,0,0,0,0,0,0,0,0,6,0,0,0,0,0,0,0,0,0,0,0,0,0,0,0,0,0,0,0,0,0,0,0,0,0,0,0,0,0,0,0,0,0,0,0,0,0,0,0,0,0,0,0,0,0,0,0,0,0,0,0,0,0,0,0,0,0,0,0,0,0,0,0,0,0,0,0,0,0,0,0,0,0,0,0,0,0,0,0,0,0,0,0,0,0,0,0,0,0,0,0,0,0,0,0,0,0,0,0,0,0,0,0,0,0,0,0,0,0,0,0,0,0,0,0,0,0,0,0,0,0,0,0,3,0,0,0,0,0,0,0,0,0,0,0,0,0,0,0,0,0,0,0,0,0,0,0,0,0,0,0,0,21,5,0,0,0,0,0,0,0,0,0,0,0,0,0,0,0,0,0,0,0,0,0,0,Bacteria;Firmicutes;Negativicutes;Acidaminococcales;Acidaminococcaceae;Acidaminococcus
Anaerotruncus,0,0,0,0,11,0,3,0,0,0,0,0,0,0,0,2,0,0,0,0,0,0,0,0,0,0,0,0,0,0,0,0,0,0,0,0,0,0,0,0,0,4,3,0,0,0,0,0,0,0,0,0,0,0,0,0,0,0,0,0,0,0,0,0,0,2,0,0,0,0,0,0,0,0,0,0,4,0,8,17,0,0,0,7,0,9,0,0,0,0,0,0,2,0,0,0,0,0,0,3,0,5,7,0,0,0,0,0,0,0,0,0,0,0,0,0,0,0,0,0,0,0,0,0,0,0,0,0,0,6,3,5,2,0,0,0,0,0,0,0,0,0,0,0,0,0,0,0,4,0,0,0,0,0,0,0,0,0,0,2,0,0,1,0,0,5,7,0,2,0,0,4,0,0,0,0,0,0,0,0,3,6,0,8,0,0,0,0,0,0,0,0,5,0,0,0,0,5,0,3,0,0,0,0,0,0,0,0,Bacteria;Firmicutes;Clostridia;Oscillospirales;Ruminococcaceae;Anaerotruncus
Varibaculum,0,0,0,0,0,0,0,0,0,0,0,0,0,0,0,0,0,0,0,0,0,0,0,0,0,0,0,0,0,0,0,0,0,0,0,0,0,0,0,0,0,0,0,0,0,0,0,0,0,0,0,0,0,0,0,0,0,3,0,0,0,3,0,0,0,0,0,0,0,0,0,0,0,0,0,0,0,0,0,0,0,0,0,0,0,0,0,0,0,0,0,0,0,0,0,0,0,0,0,0,0,0,0,0,0,0,0,0,0,0,0,0,0,0,0,0,0,0,0,0,0,0,0,0,0,0,0,0,0,0,0,0,0,0,0,14,7,0,0,0,0,0,0,0,0,0,0,0,0,0,0,0,0,0,0,0,0,0,0,0,0,0,0,0,0,0,0,79,6,0,0,0,0,0,0,0,0,0,0,0,0,0,0,0,0,30,0,0,0,0,0,0,0,0,0,0,10,0,0,0,0,0,0,0,0,0,0,0,Bacteria;Actinobacteriota;Actinobacteria;Actinomycetales;Actinomycetaceae;Varibaculum
[Eubacterium] fissicatena group,0,0,0,0,0,0,0,0,0,0,0,0,0,0,0,0,0,0,0,0,0,0,0,0,0,0,0,0,22,0,0,0,0,0,0,0,0,0,0,0,0,0,0,0,0,0,0,0,0,0,0,0,0,0,0,0,0,0,0,0,0,0,0,0,0,0,0,0,0,0,0,0,0,0,0,0,0,0,0,0,0,0,0,0,0,0,0,0,0,0,0,0,0,0,0,0,0,0,0,0,0,3,0,0,0,0,0,0,0,0,0,0,0,0,3,0,0,0,5,0,0,0,0,0,0,12,0,0,0,3,0,3,3,0,0,0,0,0,0,0,0,0,0,0,0,0,0,0,0,0,0,0,0,15,4,0,0,0,0,0,0,0,23,0,6,0,3,0,0,0,0,0,0,0,0,0,0,5,0,6,4,4,0,13,0,0,0,0,0,0,0,0,0,0,0,0,0,0,0,5,0,0,0,0,0,0,0,0,Bacteria;Firmicutes;Clostridia;Lachnospirales;Lachnospiraceae;[Eubacterium] fissicatena group
Methanobrevibacter,3,0,0,3,0,0,0,0,0,0,0,0,3,2,0,0,4,6,0,2,0,0,0,0,0,0,0,0,0,0,0,0,0,0,0,0,4,0,0,0,0,0,18,6,0,0,11,8,0,0,0,0,0,0,0,0,0,0,0,0,0,0,0,0,0,0,0,0,0,0,0,0,34,0,4,0,0,0,0,0,0,0,0,0,0,0,0,0,0,0,0,2,0,0,0,0,0,0,0,0,0,0,0,0,0,0,0,0,0,0,0,0,0,0,0,0,0,0,0,0,0,0,0,0,0,0,0,0,0,0,0,0,0,0,0,0,0,6,3,0,0,0,0,0,0,4,5,0,0,0,0,0,0,0,0,0,0,0,0,0,0,0,0,0,0,0,0,0,0,4,0,0,0,0,0,0,0,0,0,0,0,0,0,2,0,0,0,0,0,0,0,0,0,0,0,0,0,0,0,0,0,4,0,0,0,0,0,0,Archaea;Euryarchaeota;Methanobacteria;Methanobacteriales;Methanobacteriaceae;Methanobrevibacter
Fusobacterium,0,0,0,0,13,3,0,0,0,0,0,0,0,0,0,0,0,0,0,0,0,0,0,0,0,0,0,0,0,0,0,0,0,0,0,0,0,0,0,0,0,0,0,0,0,0,0,0,0,0,0,0,0,0,0,0,0,0,0,0,0,0,0,0,0,0,0,0,0,0,0,0,0,0,0,0,0,0,0,0,0,0,0,0,0,0,0,5,0,0,0,0,0,3,0,0,0,0,0,49,10,3,0,0,0,0,0,0,0,0,0,0,0,0,0,0,0,0,0,0,0,0,0,0,0,0,2,0,0,0,0,0,0,0,0,0,0,0,0,0,0,0,0,0,0,0,0,0,0,0,0,0,0,0,0,0,0,0,0,0,0,0,0,0,0,0,0,0,0,0,0,0,0,0,0,0,0,0,0,0,0,0,0,0,0,0,0,0,0,0,0,0,0,0,0,0,46,0,0,0,0,0,0,0,0,0,0,0,Bacteria;Fusobacteriota;Fusobacteriia;Fusobacteriales;Fusobacteriaceae;Fusobacterium
Coprobacillus,0,0,0,0,0,0,0,0,0,0,0,0,0,0,0,0,0,0,0,0,0,0,0,0,0,0,12,0,0,0,0,0,0,0,0,0,0,0,0,0,0,0,0,0,0,0,0,0,0,0,0,0,0,0,0,0,0,0,0,0,0,0,0,0,0,0,0,0,0,0,0,35,0,0,0,0,0,0,11,0,0,0,0,0,0,48,0,0,0,0,0,0,0,0,0,0,0,0,0,0,0,0,0,0,0,0,0,0,0,0,0,0,0,0,0,0,0,0,0,0,0,0,0,0,0,0,0,0,0,0,0,0,0,0,0,0,0,0,0,0,0,0,0,0,0,0,0,0,0,0,0,0,0,0,0,0,0,0,0,0,0,0,0,0,0,0,0,0,0,0,0,0,0,0,0,0,0,0,0,0,0,0,0,0,7,7,0,0,0,0,0,0,0,0,0,0,0,0,0,0,0,0,0,0,0,0,0,0,Bacteria;Firmicutes;Bacilli;Erysipelotrichales;Erysipelatoclostridiaceae;Coprobacillus
Succiniclasticum,36,22,20,40,0,0,0,0,0,0,0,0,0,0,0,0,0,0,0,0,0,0,0,0,0,0,0,0,0,0,0,0,0,0,0,0,0,0,0,0,0,0,0,0,0,0,0,0,0,0,0,0,0,0,0,0,0,0,0,0,0,0,0,0,0,0,0,0,0,0,0,0,0,0,0,0,0,0,0,0,0,0,0,0,0,0,0,0,0,0,0,0,0,0,0,0,0,0,0,0,0,0,0,0,0,0,0,0,0,0,0,0,0,0,0,0,0,0,0,0,0,0,0,0,0,0,0,0,0,0,0,0,0,0,0,0,0,0,0,0,0,0,0,0,0,0,0,0,0,0,0,0,0,0,0,0,0,0,0,0,0,0,0,0,0,0,0,0,0,0,0,0,0,0,0,0,0,0,0,0,0,0,0,0,0,0,0,0,0,2,0,0,0,0,0,0,0,0,0,0,0,0,0,0,0,0,0,0,Bacteria;Firmicutes;Negativicutes;Acidaminococcales;Acidaminococcaceae;Succiniclasticum
Sellimonas,0,0,0,0,9,0,0,0,0,0,0,0,0,0,0,0,0,0,0,0,0,0,0,0,0,0,0,0,0,0,0,0,0,0,0,0,0,0,0,0,0,0,0,0,0,0,0,0,0,0,0,0,6,0,0,0,0,0,0,0,0,0,0,0,0,0,0,0,0,0,0,0,0,0,0,0,0,0,0,5,0,0,0,0,0,0,0,0,0,0,0,0,0,0,0,0,0,0,0,0,0,0,0,0,0,0,0,0,0,0,0,0,0,0,0,0,0,0,0,0,0,0,0,0,0,0,0,0,0,0,0,0,0,0,0,8,8,0,0,0,0,0,0,0,5,0,0,0,0,0,0,0,0,0,0,0,0,0,0,0,0,0,0,0,0,0,0,19,19,0,0,0,7,0,12,0,0,0,0,0,0,0,0,0,13,5,0,0,0,0,0,0,0,0,0,0,0,0,0,0,0,0,0,0,0,0,0,0,Bacteria;Firmicutes;Clostridia;Lachnospirales;Lachnospiraceae;Sellimonas
Negativibacillus,0,0,0,0,0,0,0,0,0,0,0,0,0,0,0,0,0,0,0,0,0,0,0,0,0,0,0,0,0,0,0,0,0,0,0,0,0,0,0,0,0,0,0,0,0,0,0,0,0,0,0,0,0,0,0,0,0,0,0,0,0,0,0,0,0,0,0,0,0,5,0,0,0,0,0,0,0,0,10,6,0,7,0,5,0,0,0,0,0,0,0,0,0,0,0,0,0,0,0,0,0,0,0,0,0,0,0,0,0,0,0,0,0,0,0,0,0,0,0,0,0,0,0,0,0,0,0,0,0,0,0,0,0,0,0,5,0,0,0,0,0,8,0,7,0,0,0,0,0,0,0,0,0,0,0,0,0,0,0,0,0,0,0,0,0,0,0,7,0,0,14,0,0,10,19,6,4,0,0,0,0,0,0,0,0,0,0,0,0,0,0,0,0,0,0,0,0,0,0,0,0,0,0,0,0,0,0,0,Bacteria;Firmicutes;Clostridia;Oscillospirales;Ruminococcaceae;Negativibacillus
Anaerofilum,0,0,0,0,0,0,0,0,0,0,0,0,0,0,0,0,3,0,0,2,0,0,0,0,0,0,2,2,0,0,0,0,0,0,0,0,0,0,0,0,0,0,0,0,2,0,4,0,0,0,0,0,0,0,0,0,0,0,0,0,0,0,0,0,0,0,0,3,0,0,3,3,0,0,0,0,0,2,0,0,0,3,0,0,0,0,0,0,0,0,0,0,0,0,0,0,0,0,0,4,0,0,6,0,4,0,0,0,0,0,2,0,0,3,0,0,0,0,0,0,0,0,0,2,0,0,0,2,0,0,0,5,0,0,0,0,0,0,0,0,0,0,0,4,0,0,0,0,0,2,0,2,0,2,0,0,0,0,0,0,0,0,3,0,0,0,2,0,0,0,0,0,0,5,2,0,0,0,4,0,0,0,4,6,0,0,0,0,0,0,0,0,3,0,0,0,0,0,0,3,4,2,4,2,0,0,0,0,Bacteria;Firmicutes;Clostridia;Oscillospirales;Ruminococcaceae;Anaerofilum
[Bacteroides] pectinophilus group,0,0,0,0,0,0,0,0,0,15,0,0,0,0,0,0,0,0,0,0,0,0,0,0,0,0,0,0,0,0,0,0,0,0,0,0,0,0,0,0,0,0,0,0,0,0,0,0,0,0,0,0,0,0,0,0,0,0,6,0,0,0,0,0,0,0,0,0,0,0,0,0,0,0,0,0,0,0,0,0,0,0,0,0,0,0,0,0,0,0,0,0,0,0,0,0,0,0,0,0,0,0,0,0,0,0,0,0,0,0,0,0,0,0,0,0,0,0,0,0,0,0,0,0,0,0,0,0,0,0,0,0,0,0,0,0,0,0,0,0,0,0,0,0,0,0,0,0,0,0,0,0,0,0,0,0,0,0,0,0,0,0,0,0,0,0,0,0,0,0,0,0,0,0,0,0,0,0,0,0,0,0,0,0,0,0,0,0,0,0,0,64,25,0,0,0,0,0,0,0,0,0,0,0,0,0,0,0,Bacteria;Firmicutes;Clostridia;Lachnospirales;Lachnospiraceae;[Bacteroides] pectinophilus group
Murdochiella,0,0,0,0,7,0,0,0,0,0,0,0,0,0,0,0,0,0,0,0,0,0,0,0,0,0,0,0,0,0,0,0,0,0,0,0,0,0,0,0,0,0,0,0,0,0,0,0,0,0,2,0,0,0,0,0,0,0,0,0,0,0,0,0,0,0,0,0,0,0,0,0,0,0,0,0,0,0,0,0,0,0,0,0,0,0,0,8,0,0,0,0,0,0,0,0,0,0,0,0,0,0,0,0,0,0,0,0,0,0,0,0,0,0,0,0,0,0,0,0,0,0,0,0,0,0,0,0,0,0,0,0,0,0,0,0,0,0,0,0,17,0,0,0,5,0,0,0,0,0,0,0,0,0,0,0,0,0,0,0,0,0,0,0,0,0,0,0,0,0,0,0,0,0,0,0,0,0,0,0,0,0,0,0,0,0,0,0,0,0,0,4,5,0,0,0,56,0,0,0,0,0,0,0,0,0,0,0,Bacteria;Firmicutes;Clostridia;Peptostreptococcales-Tissierellales;Family XI;Murdochiella
Anaerostignum,0,0,0,0,0,0,0,0,0,0,0,0,0,0,0,0,0,0,0,0,0,0,0,0,0,0,0,0,0,0,0,0,0,0,0,0,0,0,0,0,0,0,0,0,0,0,0,0,0,0,0,0,0,0,0,0,0,5,0,0,0,0,0,0,0,0,0,0,0,0,0,0,0,0,0,0,0,0,0,0,0,0,0,0,0,0,0,0,0,0,0,0,0,0,0,0,0,0,0,0,0,0,0,0,0,0,0,0,0,0,0,0,0,0,0,0,12,0,8,10,0,0,0,6,11,0,17,0,0,0,0,0,0,0,0,0,0,0,0,0,0,0,0,0,0,0,0,0,0,0,0,0,0,0,0,0,0,0,0,0,0,0,0,0,0,0,0,0,0,0,0,0,0,21,0,0,0,0,0,0,13,0,0,0,0,0,0,0,0,0,0,0,0,0,0,0,0,0,0,0,0,0,0,0,0,0,0,0,Bacteria;Firmicutes;Clostridia;Lachnospirales;Lachnospiraceae;Anaerostignum
Pseudoflavonifractor,0,4,0,0,0,0,0,11,0,0,0,0,0,0,0,0,0,0,0,0,0,0,0,0,0,0,0,0,0,0,7,0,0,0,0,0,0,0,0,0,0,0,0,0,0,0,0,0,0,0,0,0,0,0,0,0,0,0,0,0,0,0,0,0,0,8,0,0,0,9,0,0,0,0,0,0,0,0,0,0,0,0,0,0,0,0,0,0,0,0,0,0,0,0,0,0,0,0,0,9,3,17,14,0,0,0,0,0,0,0,0,0,0,0,0,0,0,0,0,0,0,0,0,0,0,0,0,0,0,0,0,0,0,0,0,0,0,0,0,0,0,0,0,0,0,0,0,0,0,0,0,0,0,0,0,0,0,0,0,0,8,0,0,0,0,0,0,0,11,0,0,0,0,0,0,0,0,0,0,0,0,0,0,0,0,0,0,0,0,0,0,0,0,0,0,0,0,0,0,0,0,0,0,0,0,0,0,0,Bacteria;Firmicutes;Clostridia;Oscillospirales;Oscillospiraceae;Pseudoflavonifractor
Cloacibacillus,0,0,0,0,0,0,0,0,0,0,0,10,2,0,0,0,0,4,0,0,0,0,0,0,0,0,0,0,0,0,0,0,0,0,0,0,2,0,0,0,0,0,0,3,4,5,0,7,0,0,0,0,0,0,0,0,0,0,0,0,0,0,0,0,0,0,0,0,0,0,0,0,0,0,0,0,6,0,0,7,0,2,0,0,0,0,0,0,0,0,0,0,0,0,0,0,0,0,0,0,0,0,0,0,0,0,0,0,0,0,0,0,0,5,0,0,3,0,0,0,0,0,0,0,0,0,0,0,0,0,0,0,0,0,0,0,0,0,0,0,0,0,0,0,0,0,0,0,0,0,0,0,6,0,5,0,0,0,0,0,0,0,0,0,0,0,0,0,0,0,0,0,0,0,0,0,0,0,0,0,2,4,0,9,0,0,0,0,0,0,0,0,0,0,0,0,0,0,0,0,0,4,0,0,0,0,0,3,Bacteria;Synergistota;Synergistia;Synergistales;Synergistaceae;Cloacibacillus
Faecalitalea,3,0,0,0,0,0,0,0,0,0,0,0,6,0,3,0,0,0,0,0,0,0,0,0,0,0,0,0,3,0,0,0,0,0,0,0,0,0,0,0,0,0,0,0,0,0,0,0,0,0,0,0,0,0,0,0,0,0,0,0,0,0,0,0,0,0,0,0,0,0,0,0,0,0,0,0,0,0,7,0,0,1,0,6,8,14,0,0,4,10,0,0,0,0,4,0,0,0,0,0,0,0,0,0,0,0,0,0,0,0,0,0,0,2,0,0,0,0,0,0,0,0,0,0,0,0,0,0,0,0,0,0,0,0,0,0,0,0,0,0,0,0,0,0,4,0,0,0,0,0,0,3,0,0,2,0,0,0,0,0,0,0,0,0,0,0,0,0,0,0,0,0,0,0,9,0,0,0,0,0,0,0,0,2,0,0,0,0,0,0,0,0,0,0,0,0,0,0,0,0,0,0,0,0,0,0,0,0,Bacteria;Firmicutes;Bacilli;Erysipelotrichales;Erysipelotrichaceae;Faecalitalea
Candidatus Soleaferrea,0,0,0,0,0,0,0,0,0,0,0,0,29,11,15,0,3,12,0,0,0,0,0,0,0,0,0,0,0,0,0,0,0,0,0,0,0,2,0,0,0,0,0,0,0,0,0,0,0,0,0,3,0,0,0,0,0,0,0,0,0,0,0,0,0,0,0,0,0,0,0,0,0,0,0,0,0,0,0,0,0,0,0,0,0,0,0,0,0,0,0,0,0,0,0,0,0,0,0,0,0,0,0,0,0,0,0,0,0,0,2,0,0,0,0,0,0,0,0,0,0,0,0,0,0,0,0,0,0,0,0,0,0,0,0,0,0,0,0,0,0,0,0,0,0,0,0,0,0,0,0,0,0,0,0,0,0,0,0,0,3,0,0,0,0,0,0,0,0,0,0,0,0,0,0,0,0,0,0,0,0,0,0,3,0,0,0,0,0,0,0,0,0,0,0,0,0,0,3,0,0,0,3,0,0,0,0,0,Bacteria;Firmicutes;Clostridia;Oscillospirales;Ruminococcaceae;Candidatus Soleaferrea
Christensenella,0,0,0,0,0,0,0,0,0,0,0,4,0,0,0,0,0,0,0,0,0,0,0,0,0,0,0,0,0,0,0,2,0,0,0,0,0,0,0,0,0,7,0,0,0,0,0,0,0,0,0,0,0,0,0,0,0,5,0,0,0,0,0,0,0,0,0,0,0,0,0,0,0,0,0,0,0,0,5,0,0,0,0,2,0,0,0,0,0,0,0,0,0,0,0,0,0,0,0,0,0,12,14,0,3,0,0,0,0,0,0,0,0,0,0,0,0,0,0,0,0,0,0,0,0,0,0,0,0,4,0,0,0,0,0,0,0,0,0,0,0,0,0,0,0,0,0,0,0,0,0,2,2,0,0,0,0,0,0,0,0,0,0,0,0,0,10,0,0,0,0,0,0,0,0,0,0,0,0,0,0,0,0,0,4,9,0,0,0,0,0,0,0,0,0,0,0,0,0,3,0,0,0,0,0,0,0,0,Bacteria;Firmicutes;Clostridia;Christensenellales;Christensenellaceae;Christensenella
Enterococcus,0,0,0,0,0,0,0,0,0,0,0,0,0,0,0,0,0,0,0,0,0,0,0,0,0,0,0,0,0,0,0,0,0,0,0,0,0,0,0,0,0,0,0,0,0,0,0,0,23,0,3,5,3,0,0,1,1,0,0,0,0,0,0,0,0,0,0,0,0,0,0,0,0,0,0,0,0,0,0,0,0,0,13,0,0,0,0,0,0,0,0,0,0,0,0,0,0,0,0,0,0,0,0,0,0,0,5,0,0,0,0,0,0,0,0,0,0,0,0,0,0,0,0,0,0,0,0,0,0,0,0,0,0,0,0,0,0,0,0,0,0,0,0,0,0,0,0,0,0,0,0,0,0,0,0,0,0,0,0,0,0,0,0,0,0,0,0,0,0,0,0,0,0,0,0,0,0,0,0,0,0,0,0,0,0,0,0,0,0,0,0,0,0,0,0,29,0,0,0,3,0,0,0,0,0,0,0,0,Bacteria;Firmicutes;Bacilli;Lactobacillales;Enterococcaceae;Enterococcus
Slackia,0,0,0,0,0,0,0,0,0,0,0,0,0,0,3,3,0,9,0,0,0,0,0,0,0,0,0,0,0,0,0,0,0,0,0,0,0,0,0,0,0,0,0,0,0,0,0,0,0,0,0,0,0,3,0,0,0,0,0,0,0,0,0,0,0,0,0,0,0,0,0,0,5,0,0,7,0,0,0,0,0,0,0,0,0,0,0,0,0,0,13,11,0,0,0,0,0,0,0,0,0,0,0,0,0,0,0,0,0,0,0,0,0,4,0,0,0,0,0,0,0,0,0,0,0,0,0,0,0,0,0,0,0,0,0,0,0,6,15,0,0,0,0,0,0,0,6,0,0,0,0,0,0,0,0,0,0,0,0,0,0,0,0,0,0,0,0,0,0,0,0,0,0,0,0,0,0,0,0,0,0,0,0,0,0,0,0,0,0,0,0,0,0,0,0,0,0,0,0,0,0,0,0,0,0,0,0,0,Bacteria;Actinobacteriota;Coriobacteriia;Coriobacteriales;Eggerthellaceae;Slackia
Cloacibacterium,0,0,0,0,0,0,0,0,0,0,0,0,0,0,0,0,0,0,0,0,0,0,0,0,0,0,0,0,0,0,0,2,0,0,0,0,0,0,0,0,0,0,0,0,0,0,0,0,0,0,0,0,0,0,0,0,2,0,0,0,0,0,0,0,0,0,0,0,0,0,0,0,0,0,0,0,0,0,0,0,0,0,0,0,0,2,0,8,0,0,0,0,0,0,0,0,0,0,0,0,0,0,0,0,0,0,0,0,0,0,0,0,0,0,0,0,0,0,0,0,0,0,0,0,0,0,0,0,0,0,0,0,0,0,0,0,0,0,0,0,0,0,0,0,0,0,0,0,0,0,0,0,0,0,0,0,0,0,0,0,0,0,0,0,0,0,0,0,0,0,0,0,0,0,0,0,0,0,0,0,0,0,0,0,0,0,0,0,0,0,0,0,0,0,0,0,67,0,0,0,0,0,0,0,0,0,0,0,Bacteria;Bacteroidota;Bacteroidia;Flavobacteriales;Weeksellaceae;Cloacibacterium
Lacticaseibacillus,0,0,0,0,0,0,0,0,0,0,0,0,0,0,0,0,0,0,0,0,0,0,0,0,0,0,0,0,0,0,0,0,0,0,0,0,0,0,0,0,0,0,0,0,0,0,0,0,0,0,0,0,0,0,0,0,0,0,0,0,0,0,0,0,0,0,0,0,0,0,0,0,0,0,0,0,0,0,0,0,0,0,0,0,0,0,0,0,0,0,0,0,0,0,0,0,0,0,0,0,0,0,0,0,0,0,0,0,0,0,0,0,0,0,0,0,0,0,0,0,0,0,0,0,0,0,5,0,0,0,0,0,0,0,0,0,0,0,0,0,0,0,0,0,0,0,0,0,0,0,0,0,0,0,0,0,0,0,0,0,0,0,0,0,0,0,0,0,0,0,0,0,0,0,0,0,0,0,0,0,0,0,0,0,0,0,0,42,6,0,0,0,0,0,0,0,0,0,0,15,0,0,5,0,0,7,0,0,Bacteria;Firmicutes;Bacilli;Lactobacillales;Lactobacillaceae;Lacticaseibacillus
Catabacter,0,0,0,0,0,0,0,0,0,0,0,0,0,0,22,0,0,0,0,0,0,0,0,0,0,0,0,0,0,0,0,0,0,0,0,0,0,0,0,0,0,0,3,0,0,0,0,0,0,0,0,0,0,0,0,0,0,5,0,0,0,0,0,0,0,0,0,0,0,0,0,0,0,0,0,0,0,0,7,0,0,0,0,0,0,3,0,0,0,0,0,0,0,0,0,0,0,0,0,0,0,0,0,0,0,0,0,0,0,0,0,0,0,0,0,0,0,0,0,0,0,0,0,0,0,0,0,0,0,0,0,0,0,0,0,0,0,0,0,0,0,0,0,0,0,0,0,0,0,0,0,0,0,5,0,0,0,0,0,0,0,0,0,0,0,0,0,0,0,0,0,0,0,0,5,0,0,0,4,0,0,6,0,6,0,0,0,0,0,0,0,0,0,0,0,0,0,0,0,3,0,0,0,4,0,0,0,0,Bacteria;Firmicutes;Clostridia;Christensenellales;Christensenellaceae;Catabacter
UCG-007,0,0,0,0,0,0,0,0,0,0,0,0,0,0,0,0,0,0,0,0,0,0,0,0,0,0,0,0,0,0,0,0,0,0,0,0,0,0,0,0,0,0,0,0,0,0,0,0,0,0,0,0,0,0,0,0,0,0,0,0,0,0,0,0,0,0,0,9,0,0,0,5,0,0,0,4,0,0,0,0,0,0,0,0,0,0,0,0,0,0,0,0,0,0,0,0,0,0,0,0,0,11,14,0,0,0,0,0,0,0,0,0,0,0,0,0,0,0,0,0,0,0,0,0,0,0,0,0,0,0,0,0,0,0,0,0,0,0,5,0,0,0,0,0,0,0,0,0,0,0,0,0,0,0,0,0,0,0,0,0,0,0,0,0,0,0,0,0,0,0,0,0,0,0,0,0,0,0,0,0,0,0,0,0,0,0,0,0,0,0,0,0,0,0,0,0,0,0,0,6,0,0,7,5,6,0,0,0,Bacteria;Firmicutes;Clostridia;Oscillospirales;Oscillospiraceae;UCG-007
Asteroleplasma,0,0,0,0,0,0,0,0,0,0,0,0,0,0,0,0,0,0,0,0,0,0,0,0,0,0,0,0,0,0,0,0,0,0,0,0,0,0,0,0,0,0,0,0,0,0,0,0,0,0,0,0,0,10,13,0,0,0,0,2,0,0,0,0,0,0,0,0,0,0,0,0,0,0,0,0,0,0,0,0,0,0,0,0,0,0,0,2,0,0,26,3,0,0,0,0,0,0,0,0,0,0,0,0,0,0,0,0,0,0,0,0,0,0,0,0,0,7,0,0,2,0,0,2,0,0,0,0,0,0,0,0,0,0,0,0,0,0,0,0,0,0,0,0,0,0,0,0,0,0,0,0,0,0,0,0,0,0,0,0,0,0,0,0,0,0,0,0,0,0,0,0,0,0,0,0,0,0,0,0,0,0,0,0,0,0,2,0,0,0,0,0,0,0,0,0,0,0,0,0,0,0,0,0,0,0,0,0,Bacteria;Firmicutes;Bacilli;Erysipelotrichales;Erysipelatoclostridiaceae;Asteroleplasma
Paludicola,0,0,0,0,0,0,0,0,0,0,0,0,0,0,0,0,0,0,0,0,0,0,0,0,0,0,0,0,0,0,0,0,0,0,0,0,0,14,0,0,0,0,0,0,0,0,0,0,0,0,4,0,0,0,0,0,0,0,0,0,0,0,0,0,0,0,0,0,0,0,0,0,0,0,0,0,0,0,18,0,0,0,0,4,0,10,0,0,0,2,0,0,0,0,0,0,0,0,0,0,0,0,0,0,0,0,0,0,0,0,0,0,0,0,0,0,0,0,0,0,0,0,0,0,0,0,0,0,0,6,0,3,0,0,0,0,0,0,0,0,0,0,0,0,0,0,0,0,0,0,0,0,0,0,0,0,0,0,0,0,0,0,0,0,0,0,0,0,0,0,0,0,0,0,4,0,0,0,0,4,0,0,0,0,0,0,0,0,0,0,0,0,0,0,0,0,0,0,0,0,0,0,0,0,0,0,0,0,Bacteria;Firmicutes;Clostridia;Oscillospirales;Ruminococcaceae;Paludicola
Lactococcus,0,0,0,0,0,0,0,0,0,0,0,0,0,0,0,0,0,0,0,0,0,0,0,0,0,0,0,0,0,0,0,0,0,0,0,0,0,5,0,0,0,0,0,0,0,0,0,0,0,0,8,0,0,0,0,0,0,0,0,0,0,0,0,0,0,0,0,0,0,0,0,0,0,0,0,0,0,0,0,0,0,0,0,0,0,0,0,0,0,0,0,0,0,0,0,0,0,0,0,0,0,0,0,0,0,0,0,0,0,0,0,0,0,0,0,0,0,9,0,0,0,0,0,0,0,0,6,0,0,0,0,0,0,0,0,0,0,0,0,0,0,0,0,0,0,0,0,0,0,0,0,0,0,0,0,0,0,0,0,0,0,0,0,0,0,0,0,0,0,0,20,0,0,0,0,0,0,0,0,0,0,0,0,0,0,0,0,0,0,0,14,0,0,0,0,0,0,0,0,0,0,0,0,0,0,0,0,0,Bacteria;Firmicutes;Bacilli;Lactobacillales;Streptococcaceae;Lactococcus
Candidatus Stoquefichus,0,0,0,0,0,0,0,0,0,0,0,15,0,0,0,0,0,0,0,0,0,0,0,0,0,0,0,0,0,0,0,0,0,0,0,0,0,0,0,0,0,0,0,0,0,0,0,0,0,0,0,0,0,0,0,0,0,0,0,0,0,0,0,0,0,0,0,0,0,0,0,0,0,0,0,0,0,0,0,0,0,0,0,0,0,0,0,0,0,0,0,0,0,0,0,0,0,0,0,0,0,0,0,0,0,0,0,0,0,0,0,0,0,0,0,0,3,0,0,0,0,0,0,0,19,9,10,0,0,0,0,0,0,0,0,0,0,0,0,0,0,0,0,0,0,0,0,0,0,0,0,0,4,0,0,0,0,0,0,0,0,0,0,0,0,0,0,0,0,0,0,0,0,0,0,0,0,0,0,0,0,0,0,0,0,0,0,0,0,0,0,0,0,0,0,0,0,0,0,0,0,0,0,0,0,0,0,0,Bacteria;Firmicutes;Bacilli;Erysipelotrichales;Erysipelatoclostridiaceae;Candidatus Stoquefichus
Gordonibacter,0,0,0,0,0,0,0,0,0,0,0,0,0,0,0,0,0,0,0,0,0,0,0,0,0,0,0,0,0,0,0,0,0,0,0,0,0,0,5,0,3,5,0,0,0,0,0,0,0,0,0,0,0,0,0,0,0,0,0,0,0,0,0,0,0,0,0,0,0,4,0,0,0,0,0,0,0,6,6,7,0,6,0,7,0,0,0,0,0,0,0,0,0,0,0,0,0,0,0,0,0,0,0,0,0,0,0,0,0,0,0,0,0,0,0,0,0,0,0,0,0,0,0,0,0,0,0,0,0,0,0,0,0,0,0,0,0,0,0,0,0,0,0,0,0,0,0,0,0,0,0,0,0,0,0,0,0,0,0,0,0,0,0,0,0,0,0,0,0,0,0,0,3,0,0,0,0,0,0,0,0,0,0,0,0,0,0,0,0,0,0,0,0,0,0,0,0,0,0,0,0,0,0,0,0,0,0,5,Bacteria;Actinobacteriota;Coriobacteriia;Coriobacteriales;Eggerthellaceae;Gordonibacter
Merdibacter,0,0,0,0,0,0,0,0,7,0,0,0,0,0,0,0,0,0,0,0,0,0,0,0,0,0,0,0,0,0,0,0,0,0,0,0,0,0,0,0,0,0,0,0,0,0,0,0,0,0,0,0,0,0,0,0,0,0,0,0,0,0,0,0,0,3,0,0,0,0,0,0,0,0,0,0,0,0,0,0,0,0,0,0,0,0,0,0,0,0,0,0,0,0,0,0,0,0,0,6,5,15,0,0,0,0,0,0,0,0,0,0,0,0,0,0,0,0,0,0,0,0,0,0,0,0,0,0,0,0,0,0,0,0,0,0,0,0,0,0,0,0,0,0,0,0,0,0,0,0,0,0,0,0,0,0,0,0,0,0,0,0,0,0,0,0,0,0,0,0,0,0,0,0,0,0,0,0,0,0,0,0,0,0,0,0,0,0,6,0,5,0,0,6,0,0,0,0,0,0,0,0,0,0,0,0,0,0,Bacteria;Firmicutes;Bacilli;Erysipelotrichales;Erysipelotrichaceae;Merdibacter
Catenibacillus,0,0,0,0,0,0,0,0,0,0,0,0,0,0,0,0,0,0,0,0,0,0,0,0,0,0,0,0,0,0,0,0,0,0,0,0,0,21,0,0,0,0,0,0,0,0,0,0,0,0,0,0,0,0,0,0,0,0,0,0,0,0,0,0,0,0,0,0,0,0,0,0,0,0,0,0,0,0,0,0,0,0,0,0,0,4,0,4,0,3,0,0,0,0,0,0,0,0,0,0,0,0,0,0,4,0,0,0,0,0,0,0,0,0,0,0,0,0,0,0,0,0,0,0,0,0,0,0,0,0,0,0,0,0,0,0,0,0,0,0,0,0,0,0,3,0,0,0,0,0,0,0,0,0,0,0,0,0,0,0,0,0,0,0,0,0,0,0,4,0,0,0,0,0,0,0,0,0,6,0,0,0,0,0,0,0,0,0,0,0,0,0,4,0,0,0,0,0,0,0,0,0,0,0,0,0,0,0,Bacteria;Firmicutes;Clostridia;Lachnospirales;Lachnospiraceae;Catenibacillus
Phocea,2,0,0,0,0,0,0,0,0,0,0,0,0,0,0,0,0,0,0,0,0,0,0,0,0,0,0,0,0,0,0,0,0,0,0,0,0,0,0,0,0,4,0,0,0,2,0,0,0,0,0,0,0,0,0,0,0,0,0,0,0,0,0,0,0,0,0,0,0,0,0,0,0,0,0,0,0,7,0,0,0,4,0,0,0,0,0,0,0,0,0,0,0,0,0,0,0,0,0,0,0,0,2,0,0,0,0,0,0,0,0,0,0,6,0,0,0,0,0,0,0,0,0,0,0,0,0,0,0,0,0,0,0,0,3,0,0,0,0,0,0,0,0,0,0,0,0,0,0,0,0,0,0,0,0,0,0,0,0,0,4,0,0,0,3,0,0,0,3,0,2,0,0,0,0,0,0,0,0,0,0,0,0,3,0,0,0,0,0,0,0,3,0,0,0,0,0,0,0,2,0,0,3,0,0,0,0,0,Bacteria;Firmicutes;Clostridia;Oscillospirales;Ruminococcaceae;Phocea
Papillibacter,0,0,0,0,0,0,0,0,0,0,0,5,0,0,0,0,0,0,0,0,0,0,0,0,0,0,0,0,0,0,0,0,0,0,0,0,0,0,3,0,0,0,0,0,0,0,0,0,0,0,0,0,0,0,0,0,0,0,0,0,0,0,0,0,0,0,0,0,0,4,0,0,5,0,0,0,0,0,4,0,0,3,0,6,0,0,0,0,0,0,0,0,0,0,0,0,0,0,0,0,0,0,5,0,0,0,0,0,0,0,0,0,0,0,0,0,0,0,0,0,0,0,0,0,0,0,0,0,0,3,0,0,0,0,0,0,0,6,4,0,0,0,0,0,0,0,0,0,0,0,0,0,0,0,0,0,0,0,0,0,0,0,0,0,0,0,3,0,0,0,0,0,0,0,0,0,0,0,0,0,0,0,0,0,0,0,0,0,0,0,0,0,0,0,0,0,0,0,0,0,0,0,0,0,0,0,0,0,Bacteria;Firmicutes;Clostridia;Oscillospirales;Oscillospiraceae;Papillibacter
S5-A14a,0,0,0,0,0,0,0,0,0,0,0,0,0,0,0,0,0,0,0,0,0,0,0,0,0,0,0,0,0,0,0,0,0,0,0,0,0,0,0,0,0,0,0,0,0,0,0,0,0,0,0,0,0,0,0,0,0,0,0,0,0,0,0,0,0,0,0,0,0,0,0,0,0,0,0,0,0,0,0,0,0,0,0,0,0,0,0,8,0,0,0,0,0,0,0,0,0,0,0,0,0,0,0,0,0,0,0,0,0,0,0,0,0,0,0,0,0,0,0,0,0,0,0,0,0,0,0,0,0,0,0,0,0,0,0,0,0,0,0,0,0,0,0,0,0,0,0,0,0,0,0,0,0,0,0,0,0,0,0,0,0,0,0,0,0,0,0,0,0,0,0,0,0,0,0,0,0,0,0,0,0,0,0,0,0,0,0,0,0,0,0,2,2,0,0,0,36,0,0,0,0,0,0,0,0,0,0,0,Bacteria;Firmicutes;Clostridia;Peptostreptococcales-Tissierellales;Anaerovoracaceae;S5-A14a
Neisseria,0,0,0,0,0,0,0,0,0,0,0,0,0,0,0,0,0,0,0,0,0,0,0,0,0,0,0,0,0,0,0,0,0,0,0,0,0,0,0,0,0,0,0,0,0,0,0,0,0,0,0,0,0,0,0,0,0,0,0,0,0,0,0,0,0,0,0,0,0,0,0,0,0,0,0,0,0,0,0,0,0,0,0,0,0,0,0,0,0,0,0,0,0,0,0,0,0,0,0,0,0,0,0,0,0,0,0,0,0,0,0,0,0,0,0,0,0,0,0,0,0,0,0,0,0,0,0,0,0,0,0,0,0,0,0,0,0,8,0,0,0,0,0,0,0,0,25,0,0,0,0,0,0,0,0,0,0,0,0,0,0,0,0,0,0,0,0,0,0,0,0,0,10,0,0,0,0,0,0,0,0,0,0,0,0,0,0,0,0,0,0,0,0,0,0,0,0,0,0,0,0,0,0,0,0,0,0,0,Bacteria;Proteobacteria;Gammaproteobacteria;Burkholderiales;Neisseriaceae;Neisseria
Mitsuokella,0,0,0,0,0,0,0,0,0,0,0,0,0,0,0,0,0,0,0,0,0,0,0,0,0,0,0,0,0,0,0,0,0,0,0,0,0,0,0,0,0,0,0,0,0,0,0,0,0,0,0,0,0,0,0,0,0,0,0,0,0,4,3,0,6,0,2,0,0,0,0,0,4,0,5,0,0,0,0,0,0,0,0,0,0,0,0,0,0,0,0,0,0,0,0,0,0,0,0,0,0,0,0,0,0,0,0,0,0,0,0,0,0,0,0,0,0,0,0,0,0,0,0,0,0,0,0,0,0,0,0,0,0,0,0,0,0,10,8,0,0,0,0,0,0,0,0,0,0,0,0,0,0,0,0,0,0,0,0,0,0,0,0,0,0,0,0,0,0,0,0,0,0,0,0,0,0,0,0,0,0,0,0,0,0,0,0,0,0,0,0,0,0,0,0,0,0,0,0,0,0,0,0,0,0,0,0,0,Bacteria;Firmicutes;Negativicutes;Veillonellales-Selenomonadales;Selenomonadaceae;Mitsuokella
Lawsonella,0,0,0,0,0,0,4,0,0,0,0,0,0,0,0,0,0,0,0,0,0,0,0,0,8,5,0,0,0,0,0,0,0,0,0,0,0,2,0,0,0,0,0,0,0,0,0,0,0,0,0,0,3,0,0,0,0,0,0,0,0,0,0,0,0,0,0,0,0,0,0,0,0,0,0,0,0,0,0,0,0,0,0,0,0,0,0,0,0,0,0,0,0,0,0,0,0,0,0,0,0,0,0,0,0,0,0,0,0,0,0,0,0,0,0,0,0,0,0,0,0,0,0,0,0,0,0,0,0,0,0,0,0,0,0,0,2,0,0,0,8,0,0,0,0,0,0,0,0,0,0,0,0,0,0,0,0,0,0,0,0,0,0,0,0,0,0,0,0,0,0,0,0,0,0,0,0,0,0,0,0,0,0,0,0,0,0,0,0,0,0,4,0,0,0,0,5,0,0,0,0,0,0,0,0,0,0,0,Bacteria;Actinobacteriota;Actinobacteria;Corynebacteriales;Corynebacteriaceae;Lawsonella
Weissella,0,0,0,0,0,0,0,0,0,0,0,0,0,0,0,0,0,0,0,0,0,0,0,0,0,0,0,0,0,0,0,0,0,0,0,0,0,0,0,0,0,0,0,0,0,0,0,0,0,0,0,0,0,0,0,0,0,0,0,0,0,0,0,0,0,0,0,0,0,0,0,0,0,0,0,0,0,0,0,0,0,0,0,0,0,0,0,0,0,0,0,0,0,0,3,0,0,0,0,0,0,0,0,0,0,0,0,0,0,0,0,0,0,0,0,0,0,0,0,0,0,0,0,0,0,0,0,0,0,0,0,0,0,0,0,0,0,0,0,0,0,0,0,0,0,0,0,0,12,0,0,0,0,0,0,0,0,0,0,0,0,0,0,0,0,0,0,0,0,0,0,0,0,0,0,0,0,0,0,0,0,0,0,0,0,0,0,0,0,0,0,0,0,0,0,0,0,0,19,0,0,0,0,0,0,0,0,0,Bacteria;Firmicutes;Bacilli;Lactobacillales;Lactobacillaceae;Weissella
Cetobacterium,0,0,0,0,0,0,0,0,0,0,0,0,0,0,0,0,0,0,0,0,0,0,0,0,0,0,0,0,0,0,0,0,0,0,0,0,0,0,0,0,0,0,0,0,0,0,0,0,0,0,0,0,0,0,0,0,0,6,0,0,0,0,6,6,12,0,0,0,0,0,0,0,0,0,0,0,0,0,0,0,0,0,0,0,0,0,0,0,0,0,0,0,0,0,0,2,0,0,0,0,0,0,0,0,0,0,0,2,0,0,0,0,0,0,0,0,0,0,0,0,0,0,0,0,0,0,0,0,0,0,0,0,0,0,0,0,0,0,0,0,0,0,0,0,0,0,0,0,0,0,0,0,0,0,0,0,0,0,0,0,0,0,0,0,0,0,0,0,0,0,0,0,0,0,0,0,0,0,0,0,0,0,0,0,0,0,0,0,0,0,0,0,0,0,0,0,0,0,0,0,0,0,0,0,0,0,0,0,Bacteria;Fusobacteriota;Fusobacteriia;Fusobacteriales;Fusobacteriaceae;Cetobacterium
GCA-900066755,0,0,0,0,0,0,0,0,0,0,0,0,0,0,3,0,0,0,0,0,0,0,0,0,0,0,0,0,0,0,0,0,0,0,0,0,0,0,0,0,0,0,0,0,0,3,0,0,0,0,0,0,0,0,0,0,0,0,0,0,0,0,0,0,0,0,0,0,0,0,0,0,0,0,0,0,0,0,0,0,0,0,0,0,0,0,0,0,0,0,0,0,0,0,0,0,0,0,0,0,0,0,3,0,0,0,0,0,0,0,0,0,0,0,0,0,0,0,0,0,0,0,0,0,0,0,0,0,0,0,0,0,0,0,0,0,0,0,0,0,0,0,0,0,0,0,0,0,0,0,0,0,0,3,3,4,0,0,0,0,3,0,0,0,0,0,0,0,4,0,0,0,0,0,0,0,0,0,6,0,0,0,0,1,0,0,0,0,0,0,0,0,0,0,0,0,0,0,0,0,0,0,0,0,0,0,0,0,Bacteria;Firmicutes;Clostridia;Lachnospirales;Lachnospiraceae;GCA-900066755
Lachnospiraceae NK4B4 group,0,0,0,0,0,0,0,0,0,0,0,0,0,0,0,0,0,0,0,0,0,0,0,0,0,0,0,0,0,0,0,5,0,0,0,0,0,0,0,0,0,0,0,0,0,0,0,0,0,0,0,0,0,0,0,0,0,0,3,0,0,0,0,0,0,0,0,0,0,0,0,0,0,0,0,0,0,0,0,0,0,0,0,0,0,0,0,0,0,0,0,0,0,0,0,0,0,0,0,0,3,0,0,0,3,0,0,0,0,0,0,0,0,0,0,0,0,0,0,0,0,0,0,0,0,0,0,0,0,0,0,0,0,0,0,0,0,0,0,4,0,0,0,0,3,0,0,0,0,0,0,0,0,0,0,0,0,0,0,0,0,0,0,0,0,0,0,0,0,0,0,0,0,0,0,3,0,0,0,0,0,0,0,0,0,0,0,0,0,0,0,0,0,0,0,0,0,5,0,0,0,0,0,4,0,0,0,0,Bacteria;Firmicutes;Clostridia;Lachnospirales;Lachnospiraceae;Lachnospiraceae NK4B4 group
Lactonifactor,0,0,0,0,0,0,0,0,0,0,0,0,0,0,0,0,0,0,0,0,0,0,0,0,0,0,0,5,0,0,0,0,0,0,0,0,0,0,0,0,0,0,0,0,0,0,0,0,0,0,0,0,0,0,0,0,0,0,0,0,0,0,0,0,0,0,0,0,0,0,0,0,0,0,0,0,0,0,0,0,0,0,0,0,0,0,0,0,0,0,0,0,0,0,0,0,0,0,0,0,0,0,0,0,0,0,0,0,0,0,0,0,0,0,0,0,0,0,4,0,0,0,0,0,0,11,0,0,0,0,0,0,0,0,0,0,0,0,0,0,0,0,0,0,0,0,0,0,0,0,0,0,0,0,0,4,0,0,0,0,0,0,0,0,0,0,0,0,0,0,0,0,0,0,0,0,0,0,7,0,0,0,0,0,0,0,0,0,0,0,0,0,0,0,0,0,0,0,0,0,0,0,0,0,0,0,0,0,Bacteria;Firmicutes;Clostridia;Lachnospirales;Lachnospiraceae;Lactonifactor
UC5-1-2E3,0,0,0,0,0,0,0,0,0,0,0,0,0,0,0,0,0,0,0,0,0,0,0,0,0,0,0,0,0,0,0,0,0,0,0,0,0,0,0,0,0,0,0,0,0,0,0,0,0,0,0,0,0,0,0,0,0,0,0,0,0,0,0,0,0,0,0,0,0,0,0,0,0,0,0,0,0,0,11,0,0,0,0,5,0,0,0,0,0,0,0,0,0,0,0,0,0,0,0,0,0,0,0,0,0,0,0,0,0,0,0,0,0,0,0,0,0,0,0,0,0,0,0,0,0,0,0,0,0,0,0,0,0,0,0,0,0,0,0,0,0,0,0,0,0,0,0,0,0,0,0,0,0,0,0,0,0,0,0,0,0,0,0,0,0,0,0,0,0,0,0,0,0,0,0,0,0,0,6,0,0,5,0,4,0,0,0,0,0,0,0,0,0,0,0,0,0,0,0,0,0,0,0,0,0,0,0,0,Bacteria;Firmicutes;Clostridia;Lachnospirales;Lachnospiraceae;UC5-1-2E3
Family XIII UCG-001,0,0,0,0,0,0,0,0,0,0,0,0,0,0,0,0,8,10,0,0,0,0,0,0,0,0,0,0,0,0,0,0,0,0,0,0,0,0,0,0,0,0,0,0,0,0,0,0,0,0,0,0,0,0,0,0,0,0,0,0,0,0,0,0,0,0,0,0,0,0,0,0,0,0,0,0,0,0,0,0,0,0,0,0,0,0,0,0,0,0,0,0,0,0,0,0,5,0,0,0,0,0,0,0,0,0,0,0,0,0,0,0,0,0,0,0,0,0,0,0,0,0,0,0,0,0,0,0,0,0,0,0,0,0,0,0,0,0,0,0,0,0,0,0,0,0,0,0,0,0,0,0,0,0,0,0,0,0,0,0,0,0,0,0,0,0,0,0,0,0,0,0,0,0,0,0,0,0,0,0,0,0,0,0,0,0,0,0,6,0,0,0,0,0,0,0,0,0,0,0,0,0,0,0,0,0,0,0,Bacteria;Firmicutes;Clostridia;Peptostreptococcales-Tissierellales;Anaerovoracaceae;Family XIII UCG-001
UCG-004,0,0,0,0,0,0,0,0,0,0,0,0,0,0,0,0,0,0,0,0,0,0,0,0,0,0,6,2,0,0,0,0,0,0,0,0,0,0,0,0,0,0,0,0,0,0,0,0,0,0,0,0,0,0,0,0,0,0,0,2,0,0,0,0,0,0,0,0,0,8,0,2,0,0,0,0,0,0,0,0,0,0,0,0,0,0,0,0,0,0,4,0,0,0,0,0,0,0,0,0,0,0,0,0,0,0,0,0,0,0,0,0,0,0,0,0,0,0,0,0,2,0,0,0,0,0,0,0,0,0,0,0,0,0,0,0,0,0,0,0,0,0,0,0,0,0,0,0,0,0,0,0,0,0,0,0,0,0,0,0,0,0,0,0,0,0,0,0,0,0,0,0,0,0,0,0,0,0,0,0,0,0,0,0,0,0,0,0,0,0,0,0,0,0,0,0,0,0,0,0,0,0,0,0,0,0,0,0,Bacteria;Firmicutes;Bacilli;Erysipelotrichales;Erysipelatoclostridiaceae;UCG-004
Sanguibacteroides,0,0,0,0,0,0,9,11,0,0,0,0,0,0,0,0,0,0,0,0,0,0,0,0,0,0,0,0,0,0,3,0,0,0,0,0,0,0,0,0,0,0,0,0,0,0,0,0,0,0,0,0,0,0,0,0,0,0,0,0,0,0,0,0,0,0,0,0,0,0,0,0,0,0,0,0,0,0,0,0,0,0,0,0,0,0,0,0,0,0,0,0,0,0,0,0,0,0,0,0,0,0,0,0,0,0,0,0,0,0,0,0,0,0,0,0,0,0,0,0,0,0,0,0,0,0,0,0,0,0,0,0,0,0,0,0,0,0,0,0,0,0,0,0,0,0,0,0,0,0,0,0,0,0,0,0,0,0,0,0,0,0,0,0,0,0,0,0,0,0,0,0,0,0,0,0,0,0,0,0,0,0,0,0,0,0,0,0,0,0,0,0,0,0,0,0,0,0,0,0,0,0,0,0,0,0,0,0,Bacteria;Bacteroidota;Bacteroidia;Bacteroidales;Marinifilaceae;Sanguibacteroides
Adlercreutzia,0,0,0,0,0,0,0,0,0,0,0,0,0,0,0,0,0,0,0,0,0,0,0,0,0,0,0,0,0,0,0,0,0,0,0,0,0,0,0,0,0,0,0,0,0,0,0,0,0,0,0,0,0,0,0,0,0,0,0,0,0,0,0,0,0,0,0,0,0,0,0,0,0,0,0,0,0,0,0,0,0,0,0,0,0,0,0,0,0,0,0,0,0,0,0,0,0,0,0,0,0,0,0,0,0,0,0,0,0,0,0,0,0,8,0,0,0,0,0,0,0,0,0,0,0,0,0,0,0,0,0,0,0,0,0,0,0,0,0,0,0,4,0,0,0,0,0,0,0,0,0,0,0,0,0,0,0,0,0,0,0,3,0,0,0,0,0,0,0,0,0,0,0,0,6,0,0,0,0,0,0,0,0,0,0,0,0,0,0,0,0,0,0,0,0,0,0,0,0,0,0,0,0,0,0,0,0,0,Bacteria;Actinobacteriota;Coriobacteriia;Coriobacteriales;Eggerthellaceae;Adlercreutzia
Enterorhabdus,0,0,0,0,0,0,0,0,0,0,0,0,0,0,4,0,0,0,0,3,0,0,0,0,0,0,0,0,0,0,0,0,0,0,0,0,0,0,0,0,0,0,0,0,0,0,0,0,0,0,0,0,0,0,4,0,0,0,0,0,0,0,0,0,0,0,0,0,0,0,0,0,0,0,0,0,0,0,0,0,0,0,0,0,0,0,0,0,0,0,0,3,0,0,0,0,0,0,0,0,0,0,0,0,0,0,0,0,0,0,0,0,0,0,0,0,0,0,0,0,0,0,0,4,0,0,0,0,0,0,0,0,0,0,0,0,0,0,0,0,0,0,0,0,0,0,0,0,0,0,0,0,0,0,0,0,0,0,0,0,0,0,0,0,0,0,0,0,0,0,0,0,0,0,0,0,0,0,0,0,0,0,0,0,0,0,0,0,0,0,0,0,0,0,0,0,0,0,3,0,0,0,0,0,0,0,0,0,Bacteria;Actinobacteriota;Coriobacteriia;Coriobacteriales;Eggerthellaceae;Enterorhabdus
Acetanaerobacterium,0,0,0,0,0,0,0,0,0,0,0,0,0,0,0,0,0,0,0,0,0,0,0,0,0,0,0,0,0,0,0,0,0,0,0,0,0,4,0,0,0,0,0,0,0,0,0,0,0,0,0,0,0,0,0,0,0,0,0,0,0,0,0,0,0,0,0,0,0,0,0,0,0,0,0,0,0,0,12,0,0,0,0,0,5,0,0,0,0,0,0,0,0,0,0,0,0,0,0,0,0,0,0,0,0,0,0,0,0,0,0,0,0,0,0,0,0,0,0,0,0,0,0,0,0,0,0,0,0,0,0,0,0,0,0,0,0,0,0,0,0,0,0,0,0,0,0,0,0,0,0,0,0,0,0,0,0,0,0,0,0,0,0,0,0,0,0,0,0,0,0,0,0,0,0,0,0,0,0,0,0,0,0,0,0,0,0,0,0,0,0,0,0,0,0,0,0,0,0,0,0,0,0,0,0,0,0,0,Bacteria;Firmicutes;Clostridia;Oscillospirales;Ethanoligenenaceae;Acetanaerobacterium
Staphylococcus,0,0,0,0,0,0,0,0,0,0,0,0,0,0,0,0,0,0,0,0,0,0,0,0,0,0,0,0,0,0,0,0,0,0,0,0,0,0,0,0,0,0,0,0,0,0,0,0,0,0,0,0,0,0,0,0,0,0,0,0,0,0,0,0,0,0,0,0,0,0,0,0,0,0,0,0,0,0,0,0,0,0,0,0,0,0,0,0,0,0,0,0,0,0,0,0,0,0,0,0,0,0,0,0,0,0,0,0,0,0,0,0,0,0,0,0,0,7,0,0,0,0,0,0,0,0,0,0,0,0,0,0,0,0,0,0,0,0,0,0,0,0,0,0,0,0,0,0,0,0,0,0,0,0,0,0,0,0,0,0,0,0,0,0,0,0,0,0,0,0,0,0,0,0,0,0,0,0,0,0,0,0,0,0,0,0,0,0,0,0,11,0,0,0,0,0,0,0,0,0,0,0,0,0,0,0,0,0,Bacteria;Firmicutes;Bacilli;Staphylococcales;Staphylococcaceae;Staphylococcus
Peptostreptococcus,0,0,0,0,0,0,0,0,0,0,0,0,0,0,0,0,0,0,0,0,0,0,0,0,0,0,0,0,0,0,0,0,0,0,0,0,0,0,0,0,0,0,0,0,0,0,0,0,0,0,0,0,0,0,0,0,0,0,0,0,0,0,0,0,0,0,0,0,0,0,0,0,0,0,0,0,0,0,0,0,0,0,0,0,0,0,0,0,0,0,0,0,0,0,0,0,0,0,0,0,0,0,0,0,0,0,0,0,0,0,0,0,0,0,0,0,0,0,0,0,0,0,0,0,0,0,0,0,0,0,0,0,0,0,4,5,0,0,0,0,0,0,0,0,0,0,0,0,0,0,0,0,0,0,0,0,0,0,0,0,0,0,0,0,0,0,0,5,0,0,0,0,0,0,0,0,0,0,0,0,0,0,0,0,0,0,0,0,0,0,0,0,0,0,0,0,0,4,0,0,0,0,0,0,0,0,0,0,Bacteria;Firmicutes;Clostridia;Peptostreptococcales-Tissierellales;Peptostreptococcaceae;Peptostreptococcus
Rothia,0,0,0,0,0,0,0,0,0,0,0,0,0,0,0,0,0,0,0,0,0,0,0,0,0,0,0,0,0,0,0,0,0,0,0,0,0,0,0,0,0,0,0,0,0,0,0,0,0,0,0,0,0,0,0,0,0,0,0,0,0,0,0,0,0,0,0,0,0,0,0,0,0,0,0,0,0,0,0,0,0,0,0,0,0,0,0,0,0,0,0,0,0,0,0,0,0,0,0,0,0,0,0,0,0,0,0,0,0,0,0,0,0,0,0,0,0,0,4,0,0,0,0,0,0,0,0,0,0,0,0,0,0,0,0,0,0,0,0,0,0,0,0,0,0,0,0,0,0,0,0,0,0,0,0,0,0,0,0,0,0,0,0,0,0,0,0,0,4,0,5,0,0,0,0,0,0,0,0,0,0,0,0,0,0,0,0,0,0,0,0,0,0,0,0,0,0,0,0,0,0,0,0,0,0,3,0,0,Bacteria;Actinobacteriota;Actinobacteria;Micrococcales;Micrococcaceae;Rothia
Mogibacterium,0,0,0,0,0,0,0,0,0,0,0,0,0,0,0,0,0,0,0,0,0,0,0,0,0,0,0,0,0,0,0,0,0,0,0,0,0,0,0,0,0,0,0,0,0,0,0,0,0,0,0,0,0,0,0,0,0,0,0,0,0,0,0,0,0,0,0,0,0,0,0,0,0,0,0,0,0,0,0,0,0,0,0,0,0,0,0,0,0,0,0,0,0,0,0,0,0,0,0,0,0,0,0,0,0,0,0,0,0,0,0,0,0,0,0,0,0,0,0,0,0,0,0,0,0,0,0,0,0,0,0,0,0,0,0,0,0,0,0,0,4,0,0,0,0,0,0,0,0,0,0,0,0,0,0,0,0,0,0,0,0,0,0,0,0,0,0,0,0,0,0,0,0,0,0,0,0,0,0,0,0,0,0,0,0,0,0,0,0,0,0,0,0,0,0,0,12,0,0,0,0,0,0,0,0,0,0,0,Bacteria;Firmicutes;Clostridia;Peptostreptococcales-Tissierellales;Anaerovoracaceae;Mogibacterium
Actinomyces,0,0,0,0,0,0,0,0,0,0,0,0,0,0,0,0,0,0,0,0,0,0,0,3,0,0,0,0,0,0,0,0,0,0,0,0,0,0,0,0,0,0,0,0,0,0,0,0,0,0,0,0,0,0,0,0,0,0,0,0,0,0,0,0,0,0,0,0,0,0,0,0,0,0,0,0,0,0,0,0,0,0,0,0,0,0,0,0,0,0,0,0,0,0,0,0,0,0,0,0,0,5,5,0,0,0,0,0,0,0,0,0,0,0,0,0,0,0,0,0,0,0,0,0,0,0,0,0,0,0,0,0,0,0,0,0,0,0,0,0,0,0,0,0,0,0,0,0,0,0,0,0,0,0,0,0,0,0,0,0,0,0,0,0,0,0,0,0,0,0,0,0,0,0,0,0,0,0,0,0,0,0,0,0,0,0,0,0,0,0,0,0,0,0,0,0,0,0,0,0,0,0,0,0,0,0,0,0,Bacteria;Actinobacteriota;Actinobacteria;Actinomycetales;Actinomycetaceae;Actinomyces
Eubacterium,0,0,0,0,0,0,0,0,0,0,0,0,0,0,0,0,0,0,0,0,0,0,0,0,0,0,0,0,0,0,0,0,0,0,0,0,0,0,0,0,0,0,0,0,0,0,0,0,0,0,0,0,0,0,0,0,0,0,0,0,0,0,0,0,0,0,0,0,0,0,0,0,0,0,0,0,0,0,13,0,0,0,0,0,0,0,0,0,0,0,0,0,0,0,0,0,0,0,0,0,0,0,0,0,0,0,0,0,0,0,0,0,0,0,0,0,0,0,0,0,0,0,0,0,0,0,0,0,0,0,0,0,0,0,0,0,0,0,0,0,0,0,0,0,0,0,0,0,0,0,0,0,0,0,0,0,0,0,0,0,0,0,0,0,0,0,0,0,0,0,0,0,0,0,0,0,0,0,0,0,0,0,0,0,0,0,0,0,0,0,0,0,0,0,0,0,0,0,0,0,0,0,0,0,0,0,0,0,Bacteria;Firmicutes;Clostridia;Eubacteriales;Eubacteriaceae;Eubacterium
CHKCI002,0,0,0,0,0,0,0,0,0,0,0,0,0,0,0,0,0,0,0,0,0,0,0,0,0,0,0,0,0,0,0,0,0,0,0,0,0,0,0,0,0,0,0,0,0,0,0,0,0,0,0,0,0,0,0,0,0,0,0,0,0,0,0,0,0,0,0,0,0,0,0,0,0,0,0,0,0,0,7,0,0,0,0,0,0,5,0,0,0,0,0,0,0,0,0,0,0,0,0,0,0,0,0,0,0,0,0,0,0,0,0,0,0,0,0,0,0,0,0,0,0,0,0,0,0,0,0,0,0,0,0,0,0,0,0,0,0,0,0,0,0,0,0,0,0,0,0,0,0,0,0,0,0,0,0,0,0,0,0,0,0,0,0,0,0,0,0,0,0,0,0,0,0,0,0,0,0,0,0,0,0,0,0,0,0,0,0,0,0,0,0,0,0,0,0,0,0,0,0,0,0,0,0,0,0,0,0,0,Bacteria;Actinobacteriota;Coriobacteriia;Coriobacteriales;Eggerthellaceae;CHKCI002
Aggregatibacter,0,0,0,0,0,0,0,0,0,0,0,0,0,0,0,0,0,0,0,0,0,0,0,0,0,0,0,0,0,0,0,0,0,0,0,0,0,0,0,0,0,0,0,0,0,0,0,0,0,0,0,0,0,0,0,0,0,0,0,0,0,0,0,0,0,0,0,0,0,0,0,0,0,0,0,0,0,0,0,0,0,0,0,0,0,0,0,0,0,0,0,0,0,0,0,0,0,0,0,0,0,0,0,0,0,0,0,0,0,0,0,0,0,0,0,0,0,0,0,0,0,0,0,0,0,0,0,0,0,0,0,0,0,0,0,0,0,0,0,0,0,0,0,0,0,0,0,0,0,0,0,0,0,0,0,0,0,0,0,0,0,0,0,0,0,0,0,0,0,0,0,0,0,0,0,0,0,0,0,0,0,0,0,0,0,0,0,0,0,0,0,0,0,0,0,12,0,0,0,0,0,0,0,0,0,0,0,0,Bacteria;Proteobacteria;Gammaproteobacteria;Enterobacterales;Pasteurellaceae;Aggregatibacter
Methanosphaera,0,0,0,0,0,0,0,0,0,0,0,0,0,0,2,0,7,0,0,0,0,0,0,0,0,0,0,0,0,0,0,0,0,0,0,0,0,0,0,0,0,0,0,0,0,0,0,0,0,0,0,0,0,0,0,0,0,0,0,0,0,0,0,0,0,0,0,0,0,0,0,0,0,0,0,0,0,0,0,0,0,0,0,0,0,0,0,0,0,0,0,0,0,0,0,0,0,0,0,0,0,0,0,0,0,0,0,0,0,0,0,0,0,0,0,0,0,0,0,0,0,0,0,0,0,0,0,0,0,0,0,0,0,0,0,0,0,0,0,0,0,0,0,0,0,0,0,0,0,0,0,0,0,0,0,0,0,0,0,0,0,0,0,0,0,0,0,0,0,0,0,0,0,0,0,0,0,0,0,0,0,0,0,0,0,0,0,0,0,0,0,0,0,0,0,0,0,0,0,0,0,0,0,0,0,0,0,0,Archaea;Euryarchaeota;Methanobacteria;Methanobacteriales;Methanobacteriaceae;Methanosphaera
Gemella,0,0,5,0,0,0,0,0,0,0,0,0,0,0,0,0,0,0,0,0,3,0,0,0,0,0,0,0,0,0,0,0,0,0,0,0,0,0,0,0,0,0,0,0,0,0,0,0,0,0,0,0,0,0,0,0,0,0,0,0,0,0,0,0,0,0,0,0,0,0,0,0,0,0,0,0,0,0,0,0,0,0,0,0,0,0,0,0,0,0,0,0,0,0,0,0,0,0,0,0,0,0,0,0,0,0,0,0,0,0,0,0,0,0,0,0,0,0,0,0,0,0,0,0,0,0,0,0,0,0,0,0,0,0,0,0,0,0,0,0,0,0,0,0,0,0,0,0,0,0,0,0,0,0,0,0,0,0,0,0,0,0,0,0,0,0,0,0,0,0,0,0,0,0,0,0,0,0,0,0,0,0,0,0,0,0,0,0,0,0,0,0,0,0,0,0,0,0,0,0,0,0,0,0,0,0,0,0,Bacteria;Firmicutes;Bacilli;Staphylococcales;Gemellaceae;Gemella
Howardella,0,0,0,0,0,0,0,0,0,0,0,0,0,0,0,0,0,0,0,0,0,0,0,0,0,0,0,0,0,0,0,0,0,0,0,0,0,0,0,0,0,0,5,0,0,0,3,0,0,0,0,0,0,0,0,0,0,0,0,0,0,0,0,0,0,0,0,0,0,0,0,0,0,0,0,0,0,0,0,0,0,0,0,0,0,0,0,0,0,0,0,0,0,0,0,0,0,0,0,0,0,0,0,0,0,0,0,0,0,0,0,0,0,0,0,0,0,0,0,0,0,0,0,0,0,0,0,0,0,0,0,0,0,0,0,0,0,0,0,0,0,0,0,0,0,0,0,0,0,0,0,0,0,0,0,0,0,0,0,0,0,0,0,0,0,0,0,0,0,0,0,0,0,0,0,0,0,0,0,0,0,0,0,0,0,0,0,0,0,0,0,0,0,0,0,0,0,0,0,0,0,0,0,0,0,0,0,0,Bacteria;Firmicutes;Clostridia;Lachnospirales;Lachnospiraceae;Howardella
Mobiluncus,0,0,0,0,0,0,0,0,0,0,0,0,0,0,0,0,0,0,0,0,0,0,0,0,0,0,0,0,0,0,0,0,0,0,0,0,0,0,0,0,0,0,0,0,0,0,0,0,0,0,0,0,0,0,0,0,0,0,0,0,0,0,0,0,0,0,0,0,0,0,0,0,0,0,0,0,0,0,0,0,0,0,0,0,0,0,0,0,0,0,0,0,0,0,0,0,0,0,0,0,0,0,0,0,0,0,0,0,0,0,0,0,0,0,0,0,0,0,0,0,0,0,0,0,0,0,0,0,0,0,0,0,0,0,0,0,0,0,0,0,0,0,0,0,4,0,0,0,0,0,0,0,0,0,0,0,0,0,0,0,0,0,0,0,0,0,0,0,0,0,0,0,0,3,0,0,0,0,0,0,0,0,0,0,0,0,0,0,0,0,0,0,0,0,0,0,0,0,0,0,0,0,0,0,0,0,0,0,Bacteria;Actinobacteriota;Actinobacteria;Actinomycetales;Actinomycetaceae;Mobiluncus
Atopobium,0,3,0,0,0,0,0,0,0,0,0,0,0,0,0,0,0,0,0,0,0,0,0,0,0,0,0,0,0,0,0,0,0,0,0,0,0,0,0,0,0,0,0,0,0,0,0,0,0,0,0,0,4,0,0,0,0,0,0,0,0,0,0,0,0,0,0,0,0,0,0,0,0,0,0,0,0,0,0,0,0,0,0,0,0,0,0,0,0,0,0,0,0,0,0,0,0,0,0,0,0,0,0,0,0,0,0,0,0,0,0,0,0,0,0,0,0,0,0,0,0,0,0,0,0,0,0,0,0,0,0,0,0,0,0,0,0,0,0,0,0,0,0,0,0,0,0,0,0,0,0,0,0,0,0,0,0,0,0,0,0,0,0,0,0,0,0,0,0,0,0,0,0,0,0,0,0,0,0,0,0,0,0,0,0,0,0,0,0,0,0,0,0,0,0,0,0,0,0,0,0,0,0,0,0,0,0,0,Bacteria;Actinobacteriota;Coriobacteriia;Coriobacteriales;Atopobiaceae;Atopobium
Clostridium sensu stricto 6,0,0,0,0,0,0,0,0,0,0,0,0,0,0,0,0,0,0,0,0,0,0,0,0,0,0,0,0,0,0,0,0,0,0,0,0,0,0,0,0,0,0,0,0,0,0,0,0,0,0,0,0,0,0,0,0,0,0,0,0,0,0,0,0,0,0,0,0,0,0,0,0,0,0,0,0,0,0,0,0,0,0,0,0,0,0,0,0,0,0,0,7,0,0,0,0,0,0,0,0,0,0,0,0,0,0,0,0,0,0,0,0,0,0,0,0,0,0,0,0,0,0,0,0,0,0,0,0,0,0,0,0,0,0,0,0,0,0,0,0,0,0,0,0,0,0,0,0,0,0,0,0,0,0,0,0,0,0,0,0,0,0,0,0,0,0,0,0,0,0,0,0,0,0,0,0,0,0,0,0,0,0,0,0,0,0,0,0,0,0,0,0,0,0,0,0,0,0,0,0,0,0,0,0,0,0,0,0,Bacteria;Firmicutes;Clostridia;Clostridiales;Clostridiaceae;Clostridium sensu stricto 6
Parvimonas,0,0,0,0,0,0,0,0,0,0,0,0,0,0,0,0,0,0,0,0,0,0,0,0,0,0,0,0,0,0,0,0,0,0,0,0,0,0,0,0,0,0,0,0,0,0,0,0,0,0,0,0,0,0,0,0,0,0,0,0,0,0,0,0,0,0,0,0,0,0,0,0,0,0,0,0,0,0,0,0,0,0,0,0,0,6,0,0,0,0,0,0,0,0,0,0,0,0,0,0,0,0,0,0,0,0,0,0,0,0,0,0,0,0,0,0,0,0,0,0,0,0,0,0,0,0,0,0,0,0,0,0,0,0,0,0,0,0,0,0,0,0,0,0,0,0,0,0,0,0,0,0,0,0,0,0,0,0,0,0,0,0,0,0,0,0,0,0,0,0,0,0,0,0,0,0,0,0,0,0,0,0,0,0,0,0,0,0,0,0,0,0,0,0,0,0,0,0,0,0,0,0,0,0,0,0,0,0,Bacteria;Firmicutes;Clostridia;Peptostreptococcales-Tissierellales;Family XI;Parvimonas
Criibacterium,0,0,0,0,0,0,0,0,0,0,0,0,0,0,0,0,0,0,0,0,0,0,0,0,0,0,0,0,0,0,0,0,0,0,0,0,0,0,0,0,0,0,0,0,0,0,0,0,0,0,0,0,0,0,0,0,0,0,0,0,0,0,0,0,0,0,0,0,0,0,0,0,0,0,0,0,0,0,0,0,0,0,0,0,0,0,0,0,0,0,0,0,0,0,0,0,0,0,0,0,0,0,0,0,0,0,0,0,0,0,0,0,0,0,0,0,0,0,0,0,0,0,0,0,0,0,0,0,0,0,0,0,0,0,0,0,0,0,0,0,0,0,0,0,0,0,0,0,0,0,0,0,0,0,0,0,0,0,0,0,0,0,0,0,0,0,0,0,0,0,0,0,0,0,0,0,0,0,0,0,0,0,0,0,0,0,0,0,0,0,0,0,0,0,0,0,6,0,0,0,0,0,0,0,0,0,0,0,Bacteria;Firmicutes;Clostridia;Peptostreptococcales-Tissierellales;Peptostreptococcaceae;Criibacterium
Sphingobacterium,0,0,0,0,0,0,0,0,0,0,0,0,0,0,0,0,0,0,0,0,0,0,0,0,0,0,0,0,0,0,0,0,0,0,0,0,0,0,0,0,0,0,0,0,0,0,0,0,0,0,0,0,0,0,0,0,0,0,0,0,0,0,0,0,0,0,0,0,0,0,0,0,0,0,0,0,0,0,0,0,0,0,0,0,0,0,0,0,0,0,0,0,0,0,0,0,0,0,0,0,0,0,0,0,0,0,0,0,0,0,0,0,0,0,0,0,0,0,0,0,0,0,0,0,0,0,0,0,0,0,0,0,0,0,0,0,0,0,0,0,0,0,0,0,0,0,0,0,0,0,0,0,0,0,0,0,0,0,0,0,0,0,0,0,0,0,0,0,0,0,0,0,0,0,0,0,0,0,0,0,0,0,0,0,0,0,0,0,0,0,0,0,0,0,0,0,5,0,0,0,0,0,0,0,0,0,0,0,Bacteria;Bacteroidota;Bacteroidia;Sphingobacteriales;Sphingobacteriaceae;Sphingobacterium
Ligilactobacillus,0,0,0,0,0,0,0,0,0,0,0,0,0,0,0,0,0,0,0,0,0,0,0,0,0,0,0,0,0,0,0,0,0,0,0,0,0,0,0,0,0,0,0,0,0,0,0,0,0,0,0,0,0,0,0,0,0,0,0,0,0,0,0,0,0,0,0,0,0,0,0,0,0,0,0,0,0,0,0,0,0,0,0,0,0,0,0,0,0,0,0,0,0,0,0,0,0,0,0,0,0,0,0,5,0,0,0,0,0,0,0,0,0,0,0,0,0,0,0,0,0,0,0,0,0,0,0,0,0,0,0,0,0,0,0,0,0,0,0,0,0,0,0,0,0,0,0,0,0,0,0,0,0,0,0,0,0,0,0,0,0,0,0,0,0,0,0,0,0,0,0,0,0,0,0,0,0,0,0,0,0,0,0,0,0,0,0,0,0,0,0,0,0,0,0,0,0,0,0,0,0,0,0,0,0,0,0,0,Bacteria;Firmicutes;Bacilli;Lactobacillales;Lactobacillaceae;Ligilactobacillus
Sarcina,0,0,0,0,0,0,0,0,0,0,0,0,0,0,0,0,0,0,0,0,0,0,0,0,0,0,0,0,0,0,0,0,0,0,0,0,0,0,0,0,0,0,0,0,0,0,0,0,0,0,0,0,0,0,0,0,0,5,0,0,0,0,0,0,0,0,0,0,0,0,0,0,0,0,0,0,0,0,0,0,0,0,0,0,0,0,0,0,0,0,0,0,0,0,0,0,0,0,0,0,0,0,0,0,0,0,0,0,0,0,0,0,0,0,0,0,0,0,0,0,0,0,0,0,0,0,0,0,0,0,0,0,0,0,0,0,0,0,0,0,0,0,0,0,0,0,0,0,0,0,0,0,0,0,0,0,0,0,0,0,0,0,0,0,0,0,0,0,0,0,0,0,0,0,0,0,0,0,0,0,0,0,0,0,0,0,0,0,0,0,0,0,0,0,0,0,0,0,0,0,0,0,0,0,0,0,0,0,Bacteria;Firmicutes;Clostridia;Clostridiales;Clostridiaceae;Sarcina
Finegoldia,0,0,0,0,0,0,0,0,0,0,0,0,0,0,0,0,0,0,0,0,0,0,0,0,0,0,0,0,0,0,0,0,0,0,0,0,0,0,0,0,0,0,0,0,0,0,0,0,0,0,0,0,0,0,0,0,0,0,0,0,0,0,0,0,0,0,0,0,0,0,0,0,0,0,0,0,0,0,0,0,0,0,0,0,0,0,0,0,0,0,0,0,0,0,0,0,0,0,0,0,0,0,0,0,0,0,0,0,0,0,0,0,0,0,0,0,0,0,0,0,0,0,0,0,0,0,0,0,0,0,0,0,0,0,0,0,0,0,0,0,0,0,0,0,0,0,0,0,0,0,0,0,0,0,0,0,0,0,0,0,0,0,0,0,0,0,0,0,0,0,0,0,0,0,0,0,0,0,0,0,0,0,0,0,0,0,0,0,0,0,0,0,0,0,0,0,5,0,0,0,0,0,0,0,0,0,0,0,Bacteria;Firmicutes;Clostridia;Peptostreptococcales-Tissierellales;Family XI;Finegoldia
Paraclostridium,0,0,0,0,0,0,0,0,0,0,0,0,0,0,0,0,0,0,0,0,0,0,0,0,0,0,0,0,0,0,0,0,0,0,0,0,0,0,0,0,0,0,0,0,0,0,0,0,0,0,0,0,0,0,0,0,0,0,0,0,0,0,0,0,0,0,0,0,0,0,0,0,0,0,0,0,0,0,0,0,0,0,0,0,0,0,0,0,0,0,0,0,0,0,0,0,0,0,0,0,0,0,0,0,0,0,0,0,0,0,0,0,0,0,0,0,0,0,0,0,0,0,0,0,0,0,0,0,0,0,0,0,0,0,0,0,0,0,0,0,0,0,0,5,0,0,0,0,0,0,0,0,0,0,0,0,0,0,0,0,0,0,0,0,0,0,0,0,0,0,0,0,0,0,0,0,0,0,0,0,0,0,0,0,0,0,0,0,0,0,0,0,0,0,0,0,0,0,0,0,0,0,0,0,0,0,0,0,Bacteria;Firmicutes;Clostridia;Peptostreptococcales-Tissierellales;Peptostreptococcaceae;Paraclostridium
Negativicoccus,0,0,0,0,0,0,0,0,0,0,0,0,0,0,0,0,0,0,0,0,0,0,0,0,0,0,0,0,0,0,0,0,0,0,0,0,0,0,0,0,0,0,0,0,0,0,0,0,0,0,0,0,0,0,0,0,0,0,0,0,0,0,0,0,0,0,0,0,0,0,0,0,0,0,0,0,0,0,0,0,0,0,0,0,0,0,0,0,0,0,0,0,0,0,0,0,0,0,0,0,0,0,0,0,0,0,0,0,0,0,0,0,0,0,0,0,0,0,0,0,0,0,0,0,0,0,0,0,0,0,0,0,0,0,0,0,5,0,0,0,0,0,0,0,0,0,0,0,0,0,0,0,0,0,0,0,0,0,0,0,0,0,0,0,0,0,0,0,0,0,0,0,0,0,0,0,0,0,0,0,0,0,0,0,0,0,0,0,0,0,0,0,0,0,0,0,0,0,0,0,0,0,0,0,0,0,0,0,Bacteria;Firmicutes;Negativicutes;Veillonellales-Selenomonadales;Veillonellaceae;Negativicoccus
UCG-008,0,0,0,0,0,0,0,0,0,0,0,0,0,0,0,0,0,0,0,0,0,0,0,0,0,0,0,0,0,0,0,0,0,0,0,0,0,0,0,0,0,0,0,0,0,0,0,0,0,0,0,0,0,0,0,0,0,0,0,0,0,0,0,0,0,0,0,0,0,0,0,0,0,0,0,0,0,0,0,0,0,0,0,0,0,0,0,0,0,0,0,0,0,0,0,0,0,0,0,0,0,0,0,0,0,0,0,0,0,0,0,0,0,0,0,0,0,0,0,0,0,0,0,0,0,0,0,0,0,0,0,0,0,0,0,0,0,0,0,0,0,0,0,0,0,0,0,0,0,0,0,0,0,0,0,0,0,0,0,0,0,0,0,0,0,0,0,0,0,4,0,0,0,0,0,0,0,0,0,0,0,0,0,0,0,0,0,0,0,0,0,0,0,0,0,0,0,0,0,0,0,0,0,0,0,0,0,0,Bacteria;Firmicutes;Clostridia;Oscillospirales;Butyricicoccaceae;UCG-008
Gallicola,0,0,0,0,0,0,0,0,0,0,0,0,0,0,0,0,0,0,0,0,0,0,0,0,0,0,0,0,0,0,0,0,0,0,0,0,0,0,0,0,0,0,0,0,0,0,0,0,0,0,0,0,0,0,0,0,0,0,0,0,0,0,0,0,0,0,0,0,0,0,0,0,0,0,0,0,0,0,0,0,0,0,0,0,0,0,0,0,0,0,0,0,0,0,0,0,0,0,0,0,0,0,0,0,0,0,0,0,0,0,0,0,0,0,0,0,0,0,0,0,0,0,0,0,0,0,0,0,0,0,0,0,0,0,0,0,0,0,0,0,0,0,0,0,0,0,0,0,0,0,0,0,0,0,0,0,0,0,0,0,0,0,0,0,0,0,0,0,0,0,0,0,0,0,0,0,0,0,0,0,0,0,0,0,0,0,0,0,0,0,0,0,0,0,0,0,4,0,0,0,0,0,0,0,0,0,0,0,Bacteria;Firmicutes;Clostridia;Peptostreptococcales-Tissierellales;Family XI;Gallicola
Candidatus Saccharimonas,0,0,0,0,0,0,0,0,0,0,0,0,0,0,0,0,0,0,0,0,0,0,0,0,0,0,0,0,0,0,0,0,0,0,0,0,0,0,0,0,0,0,0,0,0,0,0,0,0,0,0,0,0,0,0,0,0,0,0,0,0,0,0,0,0,0,0,0,0,0,0,0,0,0,0,0,0,0,0,0,0,0,0,0,0,0,0,0,0,0,0,0,2,0,0,0,0,0,0,2,0,0,0,0,0,0,0,0,0,0,0,0,0,0,0,0,0,0,0,0,0,0,0,0,0,0,0,0,0,0,0,0,0,0,0,0,0,0,0,0,0,0,0,0,0,0,0,0,0,0,0,0,0,0,0,0,0,0,0,0,0,0,0,0,0,0,0,0,0,0,0,0,0,0,0,0,0,0,0,0,0,0,0,0,0,0,0,0,0,0,0,0,0,0,0,0,0,0,0,0,0,0,0,0,0,0,0,0,Bacteria;Patescibacteria;Saccharimonadia;Saccharimonadales;Saccharimonadaceae;Candidatus Saccharimonas
Coriobacteriaceae UCG-002,0,0,0,0,0,0,0,0,0,0,0,0,0,0,0,3,0,0,0,0,0,0,0,0,0,0,0,0,0,0,0,0,0,0,0,0,0,0,0,0,0,0,0,0,0,0,0,0,0,0,0,0,0,0,0,0,0,0,0,0,0,0,0,0,0,0,0,0,0,0,0,0,0,0,0,0,0,0,0,0,0,0,0,0,0,0,0,0,0,0,0,0,0,0,0,0,0,0,0,0,0,0,0,0,0,0,0,0,0,0,0,0,0,0,0,0,0,0,0,0,0,0,0,0,0,0,0,0,0,0,0,0,0,0,0,0,0,0,0,0,0,0,0,0,0,0,0,0,0,0,0,0,0,0,0,0,0,0,0,0,0,0,0,0,0,0,0,0,0,0,0,0,0,0,0,0,0,0,0,0,0,0,0,0,0,0,0,0,0,0,0,0,0,0,0,0,0,0,0,0,0,0,0,0,0,0,0,0,Bacteria;Actinobacteriota;Coriobacteriia;Coriobacteriales;Atopobiaceae;Coriobacteriaceae UCG-002
Libanicoccus,0,0,0,0,0,0,0,0,0,0,0,0,0,0,0,0,0,0,0,0,0,0,0,0,0,0,0,0,0,0,0,0,0,0,0,0,0,0,0,0,0,0,0,0,0,0,0,0,0,0,0,0,0,0,3,0,0,0,0,0,0,0,0,0,0,0,0,0,0,0,0,0,0,0,0,0,0,0,0,0,0,0,0,0,0,0,0,0,0,0,0,0,0,0,0,0,0,0,0,0,0,0,0,0,0,0,0,0,0,0,0,0,0,0,0,0,0,0,0,0,0,0,0,0,0,0,0,0,0,0,0,0,0,0,0,0,0,0,0,0,0,0,0,0,0,0,0,0,0,0,0,0,0,0,0,0,0,0,0,0,0,0,0,0,0,0,0,0,0,0,0,0,0,0,0,0,0,0,0,0,0,0,0,0,0,0,0,0,0,0,0,0,0,0,0,0,0,0,0,0,0,0,0,0,0,0,0,0,Bacteria;Actinobacteriota;Coriobacteriia;Coriobacteriales;Atopobiaceae;Libanicoccus
Ohtaekwangia,0,0,0,0,0,0,0,0,0,0,0,0,0,0,0,0,0,0,0,0,0,0,0,0,0,0,0,0,0,0,0,0,0,0,0,0,0,0,0,0,0,0,0,0,0,0,0,0,0,0,0,0,0,0,0,0,0,0,0,0,0,0,0,0,0,0,0,0,0,0,0,0,0,0,0,0,0,0,0,0,0,0,0,0,0,0,0,0,0,0,0,0,0,0,0,0,0,0,0,0,0,0,0,0,0,0,0,0,0,0,0,0,0,0,0,0,0,0,0,0,0,0,0,0,3,0,0,0,0,0,0,0,0,0,0,0,0,0,0,0,0,0,0,0,0,0,0,0,0,0,0,0,0,0,0,0,0,0,0,0,0,0,0,0,0,0,0,0,0,0,0,0,0,0,0,0,0,0,0,0,0,0,0,0,0,0,0,0,0,0,0,0,0,0,0,0,0,0,0,0,0,0,0,0,0,0,0,0,Bacteria;Bacteroidota;Bacteroidia;Cytophagales;Microscillaceae;Ohtaekwangia
Arcicella,0,0,0,0,0,0,0,0,0,0,0,0,0,0,0,0,0,0,0,0,0,0,0,0,0,0,0,0,0,0,0,0,0,0,0,0,0,0,0,0,0,0,0,0,0,0,0,0,0,0,0,0,0,0,0,0,0,0,0,0,0,0,0,0,0,0,0,0,0,0,0,0,0,0,0,0,0,0,0,0,0,0,0,0,0,0,0,0,0,0,0,0,0,0,0,0,0,0,0,0,0,0,0,0,0,0,0,0,0,0,0,0,0,0,0,0,0,0,0,0,0,0,0,0,3,0,0,0,0,0,0,0,0,0,0,0,0,0,0,0,0,0,0,0,0,0,0,0,0,0,0,0,0,0,0,0,0,0,0,0,0,0,0,0,0,0,0,0,0,0,0,0,0,0,0,0,0,0,0,0,0,0,0,0,0,0,0,0,0,0,0,0,0,0,0,0,0,0,0,0,0,0,0,0,0,0,0,0,Bacteria;Bacteroidota;Bacteroidia;Cytophagales;Spirosomaceae;Arcicella
Moheibacter,0,0,0,0,0,0,0,0,0,0,0,0,0,0,0,0,0,0,0,0,0,0,0,0,0,0,0,0,0,0,0,0,0,0,0,0,0,0,0,0,0,0,0,0,0,0,0,0,0,0,0,0,0,0,0,0,0,0,0,0,0,0,0,0,0,0,0,0,0,0,0,0,0,0,0,0,0,0,0,0,0,0,0,0,0,0,0,0,0,0,0,0,0,0,0,0,0,0,0,0,0,0,0,0,0,0,0,0,0,0,0,0,0,0,0,0,0,0,0,0,0,0,0,0,0,0,0,0,0,0,0,0,0,0,0,0,0,0,0,0,0,0,0,0,0,0,0,0,0,0,0,0,0,0,0,0,0,0,0,0,0,0,0,0,0,0,0,0,0,0,0,0,0,0,0,0,0,0,0,0,0,0,0,0,0,0,0,0,0,0,0,0,0,0,0,0,3,0,0,0,0,0,0,0,0,0,0,0,Bacteria;Bacteroidota;Bacteroidia;Flavobacteriales;Weeksellaceae;Moheibacter
TM7x,0,0,0,0,0,0,0,0,0,0,0,0,0,0,0,0,0,0,3,0,0,0,0,0,0,0,0,0,0,0,0,0,0,0,0,0,0,0,0,0,0,0,0,0,0,0,0,0,0,0,0,0,0,0,0,0,0,0,0,0,0,0,0,0,0,0,0,0,0,0,0,0,0,0,0,0,0,0,0,0,0,0,0,0,0,0,0,0,0,0,0,0,0,0,0,0,0,0,0,0,0,0,0,0,0,0,0,0,0,0,0,0,0,0,0,0,0,0,0,0,0,0,0,0,0,0,0,0,0,0,0,0,0,0,0,0,0,0,0,0,0,0,0,0,0,0,0,0,0,0,0,0,0,0,0,0,0,0,0,0,0,0,0,0,0,0,0,0,0,0,0,0,0,0,0,0,0,0,0,0,0,0,0,0,0,0,0,0,0,0,0,0,0,0,0,0,0,0,0,0,0,0,0,0,0,0,0,0,Bacteria;Patescibacteria;Saccharimonadia;Saccharimonadales;Saccharimonadaceae;TM7x
Lautropia,0,0,0,0,0,0,0,0,0,0,0,0,0,0,0,0,0,0,0,0,0,0,0,0,0,0,0,0,0,0,0,0,0,0,0,0,0,0,0,0,0,0,0,0,0,0,0,0,0,0,0,0,0,0,0,0,0,0,0,0,0,0,0,0,0,0,0,0,0,0,0,0,0,0,0,0,0,0,0,0,0,0,0,0,0,0,0,0,0,0,0,0,0,0,0,0,0,0,0,0,0,0,0,0,0,0,0,0,0,0,0,0,0,0,0,0,0,0,0,0,0,0,0,0,0,0,0,0,0,0,0,0,0,0,0,0,0,0,0,0,0,0,0,0,0,0,0,0,0,0,0,0,0,0,0,0,0,0,0,0,0,0,0,0,0,0,0,0,0,0,0,0,0,0,0,0,0,0,0,0,0,0,0,0,0,0,0,0,0,0,0,0,0,0,0,3,0,0,0,0,0,0,0,0,0,0,0,0,Bacteria;Proteobacteria;Gammaproteobacteria;Burkholderiales;Burkholderiaceae;Lautropia
SN8,0,0,0,0,0,0,0,0,0,0,0,0,0,0,0,0,0,0,0,0,0,0,0,0,0,0,0,0,0,0,0,0,0,0,0,0,0,0,0,0,0,0,0,0,0,0,0,0,0,0,0,0,0,0,0,0,0,0,0,0,0,0,0,0,0,0,0,0,0,0,0,0,0,0,0,0,0,0,0,0,0,0,0,0,0,0,0,0,0,0,0,0,0,0,0,0,0,0,0,0,0,0,0,0,0,0,0,0,0,0,0,0,0,0,0,0,0,0,0,0,0,0,0,0,0,0,0,0,0,0,0,0,0,0,0,0,0,0,0,0,0,0,0,0,0,0,0,0,0,0,0,0,0,0,0,0,0,0,0,0,0,0,0,0,0,0,0,0,0,0,0,0,0,0,0,0,0,0,0,0,0,0,0,0,0,0,0,0,0,0,0,0,0,0,0,0,3,0,0,0,0,0,0,0,0,0,0,0,Bacteria;Proteobacteria;Gammaproteobacteria;Xanthomonadales;Xanthomonadaceae;SN8
Cutibacterium,0,0,0,0,0,0,0,0,0,0,0,0,0,0,0,0,0,0,0,0,0,0,0,0,0,0,0,0,0,0,0,0,0,0,0,0,0,0,0,0,0,0,0,0,0,0,0,0,0,0,0,0,0,0,0,0,0,0,0,0,0,0,0,0,0,0,0,0,0,0,0,0,0,0,0,0,0,0,0,0,0,0,0,0,0,0,0,0,0,0,0,0,2,0,0,0,0,0,0,0,0,0,0,0,0,0,0,0,0,0,0,0,0,0,0,0,0,0,0,0,0,0,0,0,0,0,0,0,0,0,0,0,0,0,0,0,0,0,0,0,0,0,0,0,0,0,0,0,0,0,0,0,0,0,0,0,0,0,0,0,0,0,0,0,0,0,0,0,0,0,0,0,0,0,0,0,0,0,0,0,0,0,0,0,0,0,0,0,0,0,0,0,0,0,0,0,0,0,0,0,0,0,0,0,0,0,0,0,Bacteria;Actinobacteriota;Actinobacteria;Propionibacteriales;Propionibacteriaceae;Cutibacterium
Leuconostoc,0,0,0,0,0,0,0,0,0,0,0,0,0,0,0,0,0,0,0,0,0,0,0,0,0,0,0,0,0,0,0,0,0,0,0,0,0,0,0,0,0,0,0,0,0,0,0,0,0,0,0,0,0,0,0,0,0,0,0,0,0,0,0,0,0,0,0,0,0,0,0,0,0,0,0,0,0,0,0,0,0,0,0,0,0,0,0,0,0,0,0,0,0,0,2,0,0,0,0,0,0,0,0,0,0,0,0,0,0,0,0,0,0,0,0,0,0,0,0,0,0,0,0,0,0,0,0,0,0,0,0,0,0,0,0,0,0,0,0,0,0,0,0,0,0,0,0,0,0,0,0,0,0,0,0,0,0,0,0,0,0,0,0,0,0,0,0,0,0,0,0,0,0,0,0,0,0,0,0,0,0,0,0,0,0,0,0,0,0,0,0,0,0,0,0,0,0,0,0,0,0,0,0,0,0,0,0,0,Bacteria;Firmicutes;Bacilli;Lactobacillales;Lactobacillaceae;Leuconostoc
Leptotrichia,0,0,0,0,0,0,0,0,0,0,0,0,0,0,0,0,0,0,0,0,0,0,0,0,0,0,0,0,0,0,0,0,0,0,0,0,0,0,0,0,0,0,0,0,0,0,0,0,0,0,0,0,0,0,0,0,0,0,0,0,0,0,0,0,0,0,0,0,0,0,0,0,0,0,0,0,0,0,0,0,0,0,0,0,0,0,0,0,0,0,0,0,0,0,0,0,0,0,0,0,0,0,0,0,0,0,0,0,0,0,0,0,0,0,0,0,0,0,0,0,0,0,0,0,0,0,0,0,0,0,0,0,0,0,0,0,0,0,0,0,0,0,0,0,0,0,0,0,0,0,0,0,0,0,0,0,0,0,0,0,0,0,0,0,0,0,0,0,0,0,0,0,0,0,0,0,0,0,0,0,0,0,0,0,0,0,0,0,0,0,0,0,0,0,0,0,0,0,0,2,0,0,0,0,0,0,0,0,Bacteria;Fusobacteriota;Fusobacteriia;Fusobacteriales;Leptotrichiaceae;Leptotrichia
Unknown,2283,3761,914,3445,1476,308,1539,2129,1716,1548,412,727,3890,2731,2090,2202,995,2580,1500,1135,165,37,55,88,160,100,5817,2198,227,577,724,1010,0,0,0,0,5264,466,2040,42,221,671,5728,3218,4042,2457,7948,3836,25,281,121,386,191,2804,3716,55,58,303,366,2396,1601,184,62,75,40,653,2129,9423,2905,9566,2861,3203,22150,277,5782,5283,2612,1060,4688,2850,1814,3015,346,1396,2150,2660,609,1126,132,321,9377,5426,1115,169,143,148,317,155,742,1837,403,5128,6293,742,1945,1509,24,144,0,208,674,76,6,2248,401,362,64,4719,1002,179,1195,9,0,3381,323,112,1617,1878,1661,4529,2314,5740,3111,696,3153,1189,3623,12956,4727,2530,934,1159,459,2151,2563,5410,9388,1285,1244,899,59,321,165,90,331,637,4,249,249,613,1458,1802,2232,17,586,2078,3314,84,4066,1541,6089,1993,2957,2498,15836,2502,886,352,1099,645,440,875,644,2114,445,217,1525,350,531,1043,481,3701,2041,1308,288,270,883,1985,1887,7271,1677,2463,5339,630,871,2280,791,1216,Unknown
